gene,chrom,start,end,strand,coordinate_status
ade,NC_000913.3,3843964,3845730,+,provisional
flu,NC_000913.3,2071539,2074658,+,provisional
ydeP,NC_000913.3,1584207,1586486,-,provisional
yeeR,NC_000913.3,2074779,2076311,+,provisional
bcsE,NC_000913.3,3696458,3698029,+,provisional
yjdA,NC_000913.3,4327135,4329363,+,provisional
gadC,NC_000913.3,1568954,1570489,-,provisional
slp,NC_000913.3,3653961,3654527,+,provisional
yhiD,NC_000913.3,3655255,3655902,-,provisional
ecpA,NC_000913.3,310084,310671,-,provisional
yahA,NC_000913.3,332371,333459,+,provisional
yddB,NC_000913.3,1575247,1577619,-,provisional
pqqL,NC_000913.3,1572407,1575202,-,provisional
gadB,NC_000913.3,1570645,1572045,-,provisional
hdeD,NC_000913.3,3656995,3657567,+,provisional
appC,NC_000913.3,1037740,1039284,+,provisional
tdcE,NC_000913.3,3260124,3262418,-,provisional
mdtJ,NC_000913.3,1673136,1673501,-,provisional
ycgV,NC_000913.3,1253085,1255952,-,provisional
chiA,NC_000913.3,3467160,3469853,-,provisional
mdtI,NC_000913.3,1672820,1673149,-,provisional
ydeT,NC_000913.3,1588853,1590079,-,provisional
gadA,NC_000913.3,3666180,3667580,-,provisional
hns,NC_000913.3,1292509,1292922,-,provisional
pgaA,NC_000913.3,1089866,1092289,-,provisional
pgaC,NC_000913.3,1086521,1087846,-,provisional
hdeA,NC_000913.3,3656408,3656740,-,provisional
ydiO,NC_000913.3,1777196,1778347,+,provisional
leuE,NC_000913.3,1880121,1880759,-,provisional
ydeQ,NC_000913.3,1586820,1587734,-,provisional
ydiB,NC_000913.3,1773789,1774655,+,provisional
psuG,NC_000913.3,2257429,2258367,-,provisional
yjhG,NC_000913.3,4522127,4524094,-,provisional
bcsG,NC_000913.3,3698214,3699893,+,provisional
ppsA,NC_000913.3,1784734,1787112,-,provisional
ydiF,NC_000913.3,1775587,1777182,+,provisional
adiC,NC_000913.3,4335694,4337031,-,provisional
proV,NC_000913.3,2804815,2806017,+,provisional
tnaA,NC_000913.3,3888730,3890145,+,provisional
ymgD,NC_000913.3,1222305,1222634,-,provisional
mdtF,NC_000913.3,3660414,3663527,+,provisional
arnB,NC_000913.3,2365928,2367067,+,provisional
ygiL,NC_000913.3,3185414,3185965,+,provisional
ydjI,NC_000913.3,1856933,1857769,-,provisional
ydeR,NC_000913.3,1587793,1588296,-,provisional
flgE,NC_000913.3,1132574,1133782,+,provisional
xapR,NC_000913.3,2521593,2522477,-,provisional
yjeM,NC_000913.3,4383839,4385341,+,provisional
mdtE,NC_000913.3,3659232,3660389,+,provisional
degP,NC_000913.3,180884,182308,+,provisional
ydbA,NC_000913.3,1465392,1467904,+,provisional
ydbA,NC_000913.3,1469241,1469293,+,provisional
ydbA,NC_000913.3,1470517,1474013,+,provisional
ymgG,NC_000913.3,1222644,1222988,-,provisional
nlpA,NC_000913.3,3839175,3839993,-,provisional
xylF,NC_000913.3,3731131,3732123,+,provisional
yjhF,NC_000913.3,4520671,4522020,-,provisional
gadW,NC_000913.3,3663890,3664618,-,provisional
ydjG,NC_000913.3,1854991,1855971,-,provisional
yddA,NC_000913.3,1577657,1579342,-,provisional
hchA,NC_000913.3,2035835,2036686,+,provisional
ycgH,NC_000913.3,1219601,1222248,+,provisional
fimE,NC_000913.3,4542037,4542633,+,provisional
yjhH,NC_000913.3,4524105,4525010,-,provisional
osmC,NC_000913.3,1556625,1557056,+,provisional
ydfI,NC_000913.3,1629453,1630913,-,provisional
yfdE,NC_000913.3,2488023,2489168,-,provisional
nanS,NC_000913.3,4536614,4537594,-,provisional
hdeB,NC_000913.3,3655966,3656292,-,provisional
phoA,NC_000913.3,401747,403162,+,provisional
gadE,NC_000913.3,3658366,3658893,+,provisional
ydeS,NC_000913.3,1588309,1588839,-,provisional
fliM,NC_000913.3,2020087,2021091,+,provisional
pgaB,NC_000913.3,1087839,1089857,-,provisional
ycdU,NC_000913.3,1095843,1096829,+,provisional
ppsR,NC_000913.3,1787445,1788278,+,provisional
tdcD,NC_000913.3,3262452,3263660,-,provisional
ydjH,NC_000913.3,1855981,1856928,-,provisional
yfdV,NC_000913.3,2489242,2490186,-,provisional
tdcF,NC_000913.3,3259721,3260110,-,provisional
ecpC,NC_000913.3,306807,309332,-,provisional
ybhJ,NC_000913.3,803503,805764,+,provisional
yhjB,NC_000913.3,3671292,3671894,-,provisional
ydbD,NC_000913.3,1475144,1477450,+,provisional
cadB,NC_000913.3,4358697,4360031,-,provisional
yieL,NC_000913.3,3899408,3900577,-,provisional
ydiN,NC_000913.3,1772512,1773777,+,provisional
fliF,NC_000913.3,2013229,2014887,+,provisional
flgD,NC_000913.3,1131854,1132549,+,provisional
yceI,NC_000913.3,1117901,1118476,-,provisional
dosP,NC_000913.3,1563334,1565733,-,provisional
flgF,NC_000913.3,1133802,1134557,+,provisional
casC,NC_000913.3,2881051,2882142,-,provisional
yedV,NC_000913.3,2036794,2038152,-,provisional
yggS,NC_000913.3,3095098,3095802,+,provisional
tdcG,NC_000913.3,3258285,3259649,-,provisional
chbF,NC_000913.3,1817148,1818500,-,provisional
ypjA,NC_000913.3,2778146,2782726,-,provisional
yagL,NC_000913.3,293220,293918,-,provisional
tqsA,NC_000913.3,1673913,1674947,+,provisional
ybhM,NC_000913.3,820793,821506,+,provisional
psuK,NC_000913.3,2258355,2259296,-,provisional
yagU,NC_000913.3,302991,303605,+,provisional
ygeV,NC_000913.3,3004008,3005786,-,provisional
ynbC,NC_000913.3,1479138,1480895,+,provisional
gmd,NC_000913.3,2127193,2128314,-,provisional
ybcM,NC_000913.3,571454,572251,+,provisional
dctR,NC_000913.3,3654683,3655213,+,provisional
oxc,NC_000913.3,2490256,2491950,-,provisional
adiY,NC_000913.3,4337168,4337929,-,provisional
ygaZ,NC_000913.3,2809617,2810354,+,provisional
tdcC,NC_000913.3,3263686,3265017,-,provisional
yjeJ,NC_000913.3,4373365,4374234,-,provisional
arnA,NC_000913.3,2368039,2370021,+,provisional
allB,NC_000913.3,539147,540508,+,provisional
flgG,NC_000913.3,1134729,1135511,+,provisional
glsA,NC_000913.3,511641,512573,+,provisional
preT,NC_000913.3,2234033,2235271,+,provisional
ecpB,NC_000913.3,309358,310026,-,provisional
pgaD,NC_000913.3,1086106,1086519,-,provisional
casD,NC_000913.3,2880374,2881048,-,provisional
ydfJ,NC_000913.3,1652755,1652838,-,provisional
ydfJ,NC_000913.3,1631002,1632285,-,provisional
yjcZ,NC_000913.3,4329360,4330238,+,provisional
arnC,NC_000913.3,2367071,2368039,+,provisional
yadC,NC_000913.3,149715,150953,-,provisional
proX,NC_000913.3,2807132,2808124,+,provisional
gatD,NC_000913.3,2171833,2172873,-,provisional
wcaG,NC_000913.3,2126225,2127190,-,provisional
etk,NC_000913.3,1042030,1044210,-,provisional
ynbB,NC_000913.3,1478226,1479122,+,provisional
yadL,NC_000913.3,151626,152231,-,provisional
gatC,NC_000913.3,2172921,2174278,-,provisional
yiaV,NC_000913.3,3752963,3754099,-,provisional
gfcD,NC_000913.3,1045849,1047945,-,provisional
ompG,NC_000913.3,1381947,1382852,+,provisional
appA,NC_000913.3,1040617,1041915,+,provisional
hdhA,NC_000913.3,1697273,1698040,-,provisional
ycdT,NC_000913.3,1092876,1094234,+,provisional
cadC,NC_000913.3,4360396,4361934,-,provisional
sfmD,NC_000913.3,559697,562300,+,provisional
yadN,NC_000913.3,156299,156883,-,provisional
cadA,NC_000913.3,4356470,4358617,-,provisional
ybfG,NC_000913.3,715947,716597,-,provisional
yieK,NC_000913.3,3898671,3899393,-,provisional
waaH,NC_000913.3,3789047,3790081,-,provisional
nanA,NC_000913.3,3372683,3373576,-,provisional
yhiM,NC_000913.3,3634841,3635893,+,provisional
dosC,NC_000913.3,1565758,1567140,-,provisional
fliL,NC_000913.3,2019618,2020082,+,provisional
yciE,NC_000913.3,1314718,1315224,-,provisional
psuT,NC_000913.3,2256085,2257335,-,provisional
katE,NC_000913.3,1813867,1816128,+,provisional
yihQ,NC_000913.3,4067240,4069276,-,provisional
yaiS,NC_000913.3,384059,384616,-,provisional
ydjJ,NC_000913.3,1857790,1858833,-,provisional
emrY,NC_000913.3,2480638,2482176,-,provisional
glxR,NC_000913.3,536586,537464,+,provisional
malP,NC_000913.3,3550080,3552473,-,provisional
ais,NC_000913.3,2365018,2365620,-,provisional
flgB,NC_000913.3,1131018,1131434,+,provisional
ynaI,NC_000913.3,1394891,1395922,-,provisional
alaA,NC_000913.3,2407561,2408778,+,provisional
ybhD,NC_000913.3,799622,800575,-,provisional
yceJ,NC_000913.3,1118480,1119046,-,provisional
fliG,NC_000913.3,2014880,2015875,+,provisional
yqeC,NC_000913.3,3014287,3015057,-,provisional
lrhA,NC_000913.3,2405703,2406641,-,provisional
ykgB,NC_000913.3,317726,318319,-,provisional
treF,NC_000913.3,3669592,3671241,+,provisional
rcsA,NC_000913.3,2023968,2024591,+,provisional
flgC,NC_000913.3,1131438,1131842,+,provisional
ecpR,NC_000913.3,310746,311336,-,provisional
ydiY,NC_000913.3,1805325,1806083,-,provisional
yehP,NC_000913.3,2207967,2209103,+,provisional
ubiB,NC_000913.3,4020226,4021866,+,provisional
casE,NC_000913.3,2879788,2880387,-,provisional
ybcL,NC_000913.3,570893,571444,+,provisional
casA,NC_000913.3,2882630,2884138,-,provisional
ybjG,NC_000913.3,882792,883388,-,provisional
rbsA,NC_000913.3,3933778,3935283,+,provisional
yaiP,NC_000913.3,382739,383935,-,provisional
ybjL,NC_000913.3,888134,889819,-,provisional
yadM,NC_000913.3,152243,152812,-,provisional
mntP,NC_000913.3,1905688,1906254,+,provisional
yagK,NC_000913.3,292322,292948,-,provisional
ybeF,NC_000913.3,660425,661378,-,provisional
chbC,NC_000913.3,1819856,1821214,-,provisional
yfcV,NC_000913.3,2455083,2455646,-,provisional
yihO,NC_000913.3,4064363,4065766,-,provisional
pagP,NC_000913.3,656557,657117,+,provisional
gspC,NC_000913.3,3455578,3456393,+,provisional
fliA,NC_000913.3,2001070,2001789,-,provisional
solA,NC_000913.3,1119468,1120586,-,provisional
bcsQ,NC_000913.3,3695233,3695985,-,provisional
ydeO,NC_000913.3,1582926,1583687,-,provisional
csgG,NC_000913.3,1100851,1101684,-,provisional
yggP,NC_000913.3,3076179,3077456,-,provisional
ydjE,NC_000913.3,1852621,1853979,-,provisional
mglC,NC_000913.3,2236743,2237753,-,provisional
hlyE,NC_000913.3,1229483,1230394,-,provisional
recE,NC_000913.3,1414786,1417386,-,provisional
pflB,NC_000913.3,951272,953554,-,provisional
lysP,NC_000913.3,2247063,2248532,-,provisional
bglH,NC_000913.3,3900604,3902220,-,provisional
ybeQ,NC_000913.3,675570,676547,-,provisional
tdcB,NC_000913.3,3265039,3266028,-,provisional
fepE,NC_000913.3,618254,619387,+,provisional
sieB,NC_000913.3,1418671,1419159,+,provisional
casB,NC_000913.3,2882155,2882637,-,provisional
rmuC,NC_000913.3,4017333,4018760,+,provisional
ybhI,NC_000913.3,801887,803320,+,provisional
torZ,NC_000913.3,1954578,1957007,-,provisional
frc,NC_000913.3,2492004,2493254,-,provisional
nanM,NC_000913.3,4537659,4538765,-,provisional
chbG,NC_000913.3,1816386,1817135,-,provisional
betI,NC_000913.3,328747,329334,-,provisional
fliI,NC_000913.3,2016554,2017927,+,provisional
yhfK,NC_000913.3,3486791,3488893,+,provisional
xylG,NC_000913.3,3732201,3733742,+,provisional
fimB,NC_000913.3,4540957,4541559,+,provisional
ykgF,NC_000913.3,322338,323765,+,provisional
hisJ,NC_000913.3,2426006,2426788,-,provisional
tdcA,NC_000913.3,3266127,3267065,-,provisional
qmcA,NC_000913.3,514856,515773,-,provisional
leuO,NC_000913.3,84368,85312,+,provisional
ykgD,NC_000913.3,320227,321081,+,provisional
lysA,NC_000913.3,2977637,2978899,-,provisional
yqiH,NC_000913.3,3189881,3190630,+,provisional
flgA,NC_000913.3,1130204,1130863,-,provisional
mocA,NC_000913.3,3015160,3015738,+,provisional
yqiG,NC_000913.3,3186061,3186089,+,provisional
yqiG,NC_000913.3,3187421,3189865,+,provisional
yidL,NC_000913.3,3860283,3861176,+,provisional
yjhE,NC_000913.3,4506861,4507109,+,provisional
yihP,NC_000913.3,4065809,4067194,-,provisional
yciF,NC_000913.3,1315270,1315770,-,provisional
bluF,NC_000913.3,1214264,1215475,-,provisional
mcrA,NC_000913.3,1210346,1211179,+,provisional
alsB,NC_000913.3,4311107,4312042,-,provisional
preA,NC_000913.3,2235265,2236500,+,provisional
tamA,NC_000913.3,4442382,4444115,+,provisional
yphE,NC_000913.3,2676850,2678361,-,provisional
yeeL,NC_000913.3,2052276,2053328,-,provisional
yodB,NC_000913.3,2042368,2042898,+,provisional
yeiL,NC_000913.3,2255355,2256014,+,provisional
ygcU,NC_000913.3,2897964,2899418,-,provisional
yeeS,NC_000913.3,2076308,2076754,+,provisional
idnK,NC_000913.3,4494623,4495186,+,provisional
mcbR,NC_000913.3,1520262,1520927,+,provisional
proW,NC_000913.3,2806010,2807074,+,provisional
leuA,NC_000913.3,81958,83529,-,provisional
htrE,NC_000913.3,152829,155426,-,provisional
setC,NC_000913.3,3836953,3838137,+,provisional
yehQ,NC_000913.3,2209100,2211100,+,provisional
yicO,NC_000913.3,3842455,3843789,-,provisional
gatB,NC_000913.3,2174282,2174566,-,provisional
uidC,NC_000913.3,1691586,1692851,-,provisional
aroD,NC_000913.3,1774686,1775444,+,provisional
agaC,NC_000913.3,3284685,3285488,+,provisional
proB,NC_000913.3,260388,261491,+,provisional
ydeI,NC_000913.3,1624105,1624497,-,provisional
wcaI,NC_000913.3,2124523,2125746,-,provisional
ygbT,NC_000913.3,2878855,2879772,-,provisional
ydeH,NC_000913.3,1622960,1623850,-,provisional
proA,NC_000913.3,261503,262756,+,provisional
bcsC,NC_000913.3,3685700,3689173,-,provisional
djlC,NC_000913.3,680212,681663,+,provisional
bssS,NC_000913.3,1120701,1120955,-,provisional
mppA,NC_000913.3,1393227,1394840,+,provisional
gfcC,NC_000913.3,1047945,1048691,-,provisional
fixB,NC_000913.3,43188,44129,+,provisional
ydeM,NC_000913.3,1579633,1580790,-,provisional
treC,NC_000913.3,4463054,4464709,-,provisional
yhdP,NC_000913.3,3392458,3396258,-,provisional
yhcA,NC_000913.3,3362112,3362786,+,provisional
lysC,NC_000913.3,4231884,4233233,-,provisional
chbR,NC_000913.3,1818605,1819447,-,provisional
cusB,NC_000913.3,597479,598702,+,provisional
yadK,NC_000913.3,151003,151599,-,provisional
gfcE,NC_000913.3,1044664,1045803,-,provisional
yjfZ,NC_000913.3,4426628,4427422,-,provisional
flgH,NC_000913.3,1135564,1136262,+,provisional
ydeJ,NC_000913.3,1624773,1625291,+,provisional
cpsG,NC_000913.3,2121609,2122979,-,provisional
yfbP,NC_000913.3,2389116,2389964,+,provisional
lpd,NC_000913.3,127912,129336,+,provisional
yihF,NC_000913.3,4044199,4045629,+,provisional
ribF,NC_000913.3,21407,22348,+,provisional
bcsB,NC_000913.3,3690268,3692607,-,provisional
gnd,NC_000913.3,2099862,2101268,-,provisional
uvrY,NC_000913.3,1994703,1995359,-,provisional
fliN,NC_000913.3,2021088,2021501,+,provisional
yahF,NC_000913.3,336778,338325,+,provisional
ybjM,NC_000913.3,890089,890466,+,provisional
yadV,NC_000913.3,155461,156201,-,provisional
cpsB,NC_000913.3,2123084,2124520,-,provisional
yihN,NC_000913.3,4062247,4063512,+,provisional
yjhI,NC_000913.3,4525015,4525803,-,provisional
sfmH,NC_000913.3,562336,563319,+,provisional
maeA,NC_000913.3,1553972,1555669,-,provisional
fliK,NC_000913.3,2018386,2019513,+,provisional
maa,NC_000913.3,479367,479918,-,provisional
yjeN,NC_000913.3,4385393,4385707,+,provisional
yehH,NC_000913.3,2196474,2200269,+,provisional
xylA,NC_000913.3,3729443,3730765,-,provisional
ycjN,NC_000913.3,1371909,1373201,+,provisional
csgD,NC_000913.3,1102546,1103196,-,provisional
ybhH,NC_000913.3,800759,801811,+,provisional
ndh,NC_000913.3,1166085,1167389,+,provisional
ydfE,NC_000913.3,1650078,1650842,+,provisional
ydiV,NC_000913.3,1791307,1792020,-,provisional
yedY,NC_000913.3,2039478,2040482,+,provisional
leuB,NC_000913.3,80867,81958,-,provisional
betA,NC_000913.3,325577,327247,-,provisional
recT,NC_000913.3,1413984,1414793,-,provisional
yahL,NC_000913.3,344176,344991,+,provisional
yjfJ,NC_000913.3,4410553,4411251,+,provisional
dapE,NC_000913.3,2591607,2592734,+,provisional
mscS,NC_000913.3,3068947,3069807,-,provisional
yibJ,NC_000913.3,3767221,3768165,+,provisional
fliH,NC_000913.3,2015868,2016554,+,provisional
speA,NC_000913.3,3083935,3085911,-,provisional
flhB,NC_000913.3,1965043,1966191,-,provisional
yedW,NC_000913.3,2038152,2038823,-,provisional
isrC,NC_000913.3,2071315,2071518,+,provisional
agaD,NC_000913.3,3285478,3286269,+,provisional
glxK,NC_000913.3,541888,543033,+,provisional
treA,NC_000913.3,1245679,1247376,-,provisional
ykgC,NC_000913.3,318676,320001,-,provisional
ycaM,NC_000913.3,947229,948659,+,provisional
wzc,NC_000913.3,2133490,2135652,-,provisional
yjfM,NC_000913.3,4412387,4413025,+,provisional
yjcS,NC_000913.3,4304612,4306597,-,provisional
ykiA,NC_000913.3,408609,408950,+,provisional
ybjE,NC_000913.3,913958,914857,-,provisional
artP,NC_000913.3,903006,903734,-,provisional
uspD,NC_000913.3,4113293,4113721,+,provisional
hflX,NC_000913.3,4400672,4401952,+,provisional
ydeA,NC_000913.3,1617028,1618218,+,provisional
yfcU,NC_000913.3,2452356,2455001,-,provisional
ydiM,NC_000913.3,1771071,1772285,+,provisional
yiaO,NC_000913.3,3746094,3747080,+,provisional
cnu,NC_000913.3,1704949,1705164,+,provisional
ybbM,NC_000913.3,516583,517362,+,provisional
trmL,NC_000913.3,3781215,3781688,+,provisional
ompL,NC_000913.3,4063603,4064295,-,provisional
yehB,NC_000913.3,2188430,2190910,-,provisional
epd,NC_000913.3,3072672,3073691,-,provisional
csgF,NC_000913.3,1101711,1102127,-,provisional
etp,NC_000913.3,1044230,1044676,-,provisional
rihB,NC_000913.3,2254245,2255186,-,provisional
yhjX,NC_000913.3,3710799,3712007,-,provisional
idnD,NC_000913.3,4493375,4494406,-,provisional
insO,NC_000913.3,4507197,4507451,+,provisional
insO,NC_000913.3,4509009,4509793,+,provisional
bcsA,NC_000913.3,3692618,3695236,-,provisional
yjjP,NC_000913.3,4602088,4602858,-,provisional
bdm,NC_000913.3,1556065,1556280,-,provisional
ybaT,NC_000913.3,512576,513868,+,provisional
nanC,NC_000913.3,4538785,4539501,-,provisional
ybcW,NC_000913.3,579880,580086,+,provisional
ftnA,NC_000913.3,1988716,1989213,+,provisional
torY,NC_000913.3,1957032,1958132,-,provisional
yihM,NC_000913.3,4061165,4062145,+,provisional
yphF,NC_000913.3,2678384,2679367,-,provisional
yqiI,NC_000913.3,3190632,3191696,+,provisional
nupG,NC_000913.3,3105714,3106970,+,provisional
yedZ,NC_000913.3,2040483,2041118,+,provisional
yjeO,NC_000913.3,4385704,4386018,+,provisional
uvrC,NC_000913.3,1992874,1994706,-,provisional
djlB,NC_000913.3,677415,678842,+,provisional
gadX,NC_000913.3,3664986,3665810,-,provisional
alsA,NC_000913.3,4309448,4310980,-,provisional
yiiG,NC_000913.3,4087002,4088057,+,provisional
hsdR,NC_000913.3,4583249,4586761,-,provisional
elfA,NC_000913.3,997868,998407,+,provisional
yfdQ,NC_000913.3,2474032,2474856,+,provisional
amiB,NC_000913.3,4396065,4397402,+,provisional
garD,NC_000913.3,3275282,3276853,+,provisional
glpK,NC_000913.3,4115714,4117222,-,provisional
aceE,NC_000913.3,123017,125680,+,provisional
ydhV,NC_000913.3,1751728,1753830,-,provisional
yoeG,NC_000913.3,2067360,2067892,-,provisional
flgI,NC_000913.3,1136274,1137371,+,provisional
ynjI,NC_000913.3,1843831,1844871,-,provisional
mscK,NC_000913.3,486536,489898,+,provisional
yrfG,NC_000913.3,3528669,3529337,+,provisional
flgK,NC_000913.3,1138378,1140021,+,provisional
potD,NC_000913.3,1181783,1182829,-,provisional
yaaH,NC_000913.3,9928,10494,-,provisional
yjfC,NC_000913.3,4413028,4414191,+,provisional
arcA,NC_000913.3,4639590,4640306,-,provisional
ynaA,NC_000913.3,1426454,1427386,+,provisional
lacY,NC_000913.3,361926,363179,-,provisional
hisQ,NC_000913.3,2425230,2425916,-,provisional
dacC,NC_000913.3,880727,881929,+,provisional
yegZ,NC_000913.3,2167602,2167814,-,provisional
yegR,NC_000913.3,2167989,2168306,-,provisional
yjiT,NC_000913.3,4572414,4573916,+,provisional
yfbL,NC_000913.3,2385860,2386831,+,provisional
gspE,NC_000913.3,3458339,3459820,+,provisional
yjaH,NC_000913.3,4200566,4201261,+,provisional
ydgK,NC_000913.3,1705250,1705690,+,provisional
yaiO,NC_000913.3,380069,380842,-,provisional
fixA,NC_000913.3,42403,43173,+,provisional
uspG,NC_000913.3,641439,641867,-,provisional
borD,NC_000913.3,578600,578893,-,provisional
yhjK,NC_000913.3,3683630,3685618,-,provisional
ykgG,NC_000913.3,323758,324453,+,provisional
yegI,NC_000913.3,2149039,2150985,-,provisional
fliP,NC_000913.3,2021869,2022606,+,provisional
pntA,NC_000913.3,1676371,1677903,-,provisional
yqiK,NC_000913.3,3192864,3194525,+,provisional
osmY,NC_000913.3,4611396,4612001,+,provisional
yggU,NC_000913.3,3096383,3096673,+,provisional
idnO,NC_000913.3,4492587,4493351,-,provisional
ypfN,NC_000913.3,2592762,2592962,+,provisional
yiiS,NC_000913.3,4112967,4113266,+,provisional
yjjM,NC_000913.3,4594937,4595851,-,provisional
emrK,NC_000913.3,2482176,2483339,-,provisional
ypjC,NC_000913.3,2783638,2785011,-,provisional
ydgI,NC_000913.3,1679557,1680939,+,provisional
zapC,NC_000913.3,1005952,1006494,+,provisional
ispH,NC_000913.3,26277,27227,+,provisional
ybfC,NC_000913.3,735650,736219,+,provisional
yjdO,NC_000913.3,4352908,4353081,+,provisional
caiD,NC_000913.3,35377,36162,-,provisional
gcd,NC_000913.3,138835,141225,-,provisional
cmtA,NC_000913.3,3077471,3078859,-,provisional
yggT,NC_000913.3,3095820,3096386,+,provisional
wcaH,NC_000913.3,2125743,2126222,-,provisional
yjcC,NC_000913.3,4275471,4277057,+,provisional
csgE,NC_000913.3,1102152,1102541,-,provisional
caiE,NC_000913.3,34781,35371,-,provisional
arnD,NC_000913.3,2370018,2370908,+,provisional
fliE,NC_000913.3,2012700,2013014,-,provisional
plsX,NC_000913.3,1147621,1148691,+,provisional
tsaE,NC_000913.3,4395585,4396046,+,provisional
yeaJ,NC_000913.3,1872041,1873531,+,provisional
fecB,NC_000913.3,4513406,4514308,-,provisional
opgB,NC_000913.3,4597150,4599441,-,provisional
eptB,NC_000913.3,3708784,3710475,-,provisional
ygfT,NC_000913.3,3029012,3030931,-,provisional
recF,NC_000913.3,3880148,3881221,-,provisional
fhlA,NC_000913.3,2854338,2856416,+,provisional
yeaI,NC_000913.3,1870385,1871860,+,provisional
cydB,NC_000913.3,773042,774181,+,provisional
bcsZ,NC_000913.3,3689155,3690261,-,provisional
deoR,NC_000913.3,881976,882734,-,provisional
yegS,NC_000913.3,2168712,2169611,+,provisional
ygcB,NC_000913.3,2884553,2887219,-,provisional
ykgE,NC_000913.3,321608,322327,+,provisional
nusB,NC_000913.3,435137,435556,+,provisional
yedJ,NC_000913.3,2032384,2033079,-,provisional
flhA,NC_000913.3,1962972,1965050,-,provisional
potF,NC_000913.3,893784,894896,+,provisional
pdhR,NC_000913.3,122092,122856,+,provisional
rimI,NC_000913.3,4608185,4608631,+,provisional
gspA,NC_000913.3,3453929,3455398,-,provisional
yahG,NC_000913.3,338325,339743,+,provisional
rhsD,NC_000913.3,523261,527541,+,provisional
yoeH,NC_000913.3,2068261,2068419,-,provisional
yfiN,NC_000913.3,2742383,2743609,+,provisional
cydA,NC_000913.3,771458,773026,+,provisional
mutL,NC_000913.3,4397412,4399259,+,provisional
agaB,NC_000913.3,3284170,3284646,+,provisional
ydcC,NC_000913.3,1531816,1532952,+,provisional
yghS,NC_000913.3,3133244,3133957,-,provisional
nfrB,NC_000913.3,590941,593178,-,provisional
yggF,NC_000913.3,3075217,3076182,-,provisional
xerD,NC_000913.3,3038847,3039743,-,provisional
ydeN,NC_000913.3,1580842,1582524,-,provisional
xylE,NC_000913.3,4240779,4242254,-,provisional
yiaR,NC_000913.3,3749232,3750092,+,provisional
spy,NC_000913.3,1825140,1825625,-,provisional
yfdK,NC_000913.3,2471077,2471517,-,provisional
cspA,NC_000913.3,3720049,3720261,+,provisional
wcaE,NC_000913.3,2128904,2129650,-,provisional
pstS,NC_000913.3,3910485,3911525,-,provisional
csiE,NC_000913.3,2665435,2666715,+,provisional
ygaH,NC_000913.3,2810344,2810679,+,provisional
mqo,NC_000913.3,2305108,2306754,-,provisional
allC,NC_000913.3,544057,545292,-,provisional
yejO,NC_000913.3,2290114,2290180,-,provisional
yejO,NC_000913.3,2286390,2288914,-,provisional
ydgJ,NC_000913.3,1703268,1704308,-,provisional
artI,NC_000913.3,902257,902988,-,provisional
yjhD,NC_000913.3,4506626,4506856,-,provisional
mdfA,NC_000913.3,883673,884905,+,provisional
fliZ,NC_000913.3,2000473,2001024,-,provisional
nlpC,NC_000913.3,1792267,1792731,-,provisional
yjjQ,NC_000913.3,4603477,4604202,+,provisional
dps,NC_000913.3,848408,848911,-,provisional
yfeN,NC_000913.3,2525127,2525891,+,provisional
flgJ,NC_000913.3,1137371,1138312,+,provisional
mdtK,NC_000913.3,1743457,1744830,+,provisional
ftnB,NC_000913.3,1986925,1987428,+,provisional
ybcV,NC_000913.3,579184,579594,-,provisional
ilvN,NC_000913.3,3850802,3851092,-,provisional
hemD,NC_000913.3,3989088,3989828,-,provisional
aaaE,NC_000913.3,1204404,1205537,+,provisional
betB,NC_000913.3,327261,328733,-,provisional
cusA,NC_000913.3,598714,601857,+,provisional
ptsP,NC_000913.3,2966188,2968434,-,provisional
ycaK,NC_000913.3,949668,950258,+,provisional
ybjD,NC_000913.3,916473,918131,+,provisional
yhhS,NC_000913.3,3610516,3611733,-,provisional
ebgA,NC_000913.3,3222633,3225725,+,provisional
ygdH,NC_000913.3,2926308,2927672,+,provisional
wcaF,NC_000913.3,2128340,2128888,-,provisional
yehU,NC_000913.3,2212959,2214644,-,provisional
gtrS,NC_000913.3,2469131,2470462,+,provisional
xylH,NC_000913.3,3733720,3734901,+,provisional
gstA,NC_000913.3,1714377,1714982,+,provisional
yqeH,NC_000913.3,2987536,2988168,+,provisional
nhaA,NC_000913.3,17489,18655,+,provisional
gsiB,NC_000913.3,869411,870949,+,provisional
fimA,NC_000913.3,4543115,4543663,+,provisional
yagM,NC_000913.3,293945,294799,-,provisional
gntR,NC_000913.3,3577731,3578726,-,provisional
ycfJ,NC_000913.3,1167599,1168138,+,provisional
yjjG,NC_000913.3,4608646,4609323,+,provisional
ompF,NC_000913.3,985894,986982,-,provisional
arcB,NC_000913.3,3350689,3353025,-,provisional
ynaK,NC_000913.3,1425377,1425640,+,provisional
cbpA,NC_000913.3,1062855,1063775,-,provisional
gpp,NC_000913.3,3962745,3964229,-,provisional
pinH,NC_000913.3,2783065,2783304,-,provisional
ycjQ,NC_000913.3,1374963,1376015,+,provisional
deoA,NC_000913.3,4618229,4619551,+,provisional
caiF,NC_000913.3,34300,34695,+,provisional
yhjJ,NC_000913.3,3680444,3681940,-,provisional
yneO,NC_000913.3,1592665,1597987,-,provisional
ilvB,NC_000913.3,3851096,3852784,-,provisional
rdgB,NC_000913.3,3096681,3097274,+,provisional
ycaN,NC_000913.3,948660,949568,-,provisional
yjfL,NC_000913.3,4411979,4412377,+,provisional
yqgE,NC_000913.3,3092937,3093500,+,provisional
wzxC,NC_000913.3,2118680,2120158,-,provisional
recN,NC_000913.3,2751795,2753456,+,provisional
yfbN,NC_000913.3,2387710,2388426,-,provisional
thrV,NC_000913.3,3423580,3423655,-,provisional
dapD,NC_000913.3,185123,185947,-,provisional
nrdG,NC_000913.3,4459900,4460364,-,provisional
yjiC,NC_000913.3,4555490,4556320,-,provisional
tnaB,NC_000913.3,3890236,3891483,+,provisional
rpoN,NC_000913.3,3344717,3346150,+,provisional
nadR,NC_000913.3,4627315,4628547,+,provisional
ybeU,NC_000913.3,679508,680215,+,provisional
glnH,NC_000913.3,847258,848004,-,provisional
yiaA,NC_000913.3,3726924,3727361,-,provisional
yfbO,NC_000913.3,2388635,2389057,+,provisional
rlmJ,NC_000913.3,3645385,3646227,+,provisional
tfaP,NC_000913.3,1208132,1208545,+,provisional
hisP,NC_000913.3,2423736,2424509,-,provisional
hha,NC_000913.3,480090,480308,-,provisional
btuB,NC_000913.3,4163639,4165483,+,provisional
ybgD,NC_000913.3,752229,752795,-,provisional
tfaE,NC_000913.3,1208517,1209119,-,provisional
fecA,NC_000913.3,4514353,4516677,-,provisional
ucpA,NC_000913.3,2543832,2544623,-,provisional
yjgX,NC_000913.3,4499593,4500791,-,provisional
adiA,NC_000913.3,4338254,4340521,-,provisional
yggE,NC_000913.3,3067340,3068080,-,provisional
rsmE,NC_000913.3,3091134,3091865,+,provisional
dnaE,NC_000913.3,205126,208608,+,provisional
mprA,NC_000913.3,2810770,2811300,+,provisional
ybcK,NC_000913.3,568902,570428,+,provisional
pitB,NC_000913.3,3134872,3136371,-,provisional
cpdB,NC_000913.3,4434622,4436565,-,provisional
ompN,NC_000913.3,1435760,1436893,-,provisional
ycjW,NC_000913.3,1382963,1383961,-,provisional
ygjK,NC_000913.3,3228888,3231239,+,provisional
yfaE,NC_000913.3,2348514,2348768,+,provisional
gatA,NC_000913.3,2174597,2175049,-,provisional
glpD,NC_000913.3,3562013,3563518,+,provisional
ybdG,NC_000913.3,603416,604663,-,provisional
ftsI,NC_000913.3,91413,93179,+,provisional
icd,NC_000913.3,1195123,1196373,+,provisional
fixC,NC_000913.3,44180,45466,+,provisional
kch,NC_000913.3,1309016,1310269,-,provisional
ythA,NC_000913.3,4506448,4506573,+,provisional
oppD,NC_000913.3,1304754,1305767,+,provisional
ycjR,NC_000913.3,1376034,1376822,+,provisional
appY,NC_000913.3,583681,584430,+,provisional
ivbL,NC_000913.3,3852890,3852988,-,provisional
hyi,NC_000913.3,535710,536486,+,provisional
ybbW,NC_000913.3,537633,539087,+,provisional
yeaV,NC_000913.3,1883188,1884633,+,provisional
yagE,NC_000913.3,282278,283186,+,provisional
wcaJ,NC_000913.3,2120160,2121554,-,provisional
arfB,NC_000913.3,214833,215255,+,provisional
yciG,NC_000913.3,1315856,1316035,-,provisional
yeaG,NC_000913.3,1866908,1868842,+,provisional
gltF,NC_000913.3,3361176,3361940,+,provisional
ygcW,NC_000913.3,2899488,2900273,-,provisional
gatR,NC_000913.3,2171429,2171727,-,provisional
gatR,NC_000913.3,2169693,2170167,-,provisional
dctA,NC_000913.3,3682161,3683447,-,provisional
ecpD,NC_000913.3,305174,306817,-,provisional
yahO,NC_000913.3,346484,346759,+,provisional
rbsR,NC_000913.3,3938227,3939219,+,provisional
minD,NC_000913.3,1224549,1225361,-,provisional
tamB,NC_000913.3,4444112,4447891,+,provisional
mglA,NC_000913.3,2237769,2239289,-,provisional
npr,NC_000913.3,3347966,3348238,+,provisional
evgS,NC_000913.3,2484374,2487967,+,provisional
atpB,NC_000913.3,3921236,3922051,-,provisional
deoC,NC_000913.3,4617323,4618102,+,provisional
tomB,NC_000913.3,480334,480708,-,provisional
ygeH,NC_000913.3,2992094,2993470,+,provisional
osmB,NC_000913.3,1343110,1343328,-,provisional
ybcY,NC_000913.3,582152,582806,-,provisional
allD,NC_000913.3,545314,546363,-,provisional
iap,NC_000913.3,2876581,2877618,+,provisional
gspD,NC_000913.3,3456377,3458329,+,provisional
yegJ,NC_000913.3,2151185,2151646,+,provisional
leuD,NC_000913.3,78848,79453,-,provisional
wza,NC_000913.3,2136104,2137243,-,provisional
nei,NC_000913.3,745935,746726,+,provisional
ybeT,NC_000913.3,678852,679406,-,provisional
rsgA,NC_000913.3,4390457,4391509,-,provisional
aqpZ,NC_000913.3,915352,916047,-,provisional
treB,NC_000913.3,4464759,4466180,-,provisional
yjjL,NC_000913.3,4593361,4594722,-,provisional
yjbE,NC_000913.3,4235906,4236148,+,provisional
yrbG,NC_000913.3,3340275,3341252,+,provisional
arnT,NC_000913.3,2370908,2372560,+,provisional
yiaQ,NC_000913.3,3748577,3749239,+,provisional
acrE,NC_000913.3,3413864,3415021,+,provisional
yehA,NC_000913.3,2187380,2188414,-,provisional
insC1,NC_000913.3,381351,381716,+,provisional
insC1,NC_000913.3,1468784,1469149,-,provisional
insC1,NC_000913.3,2069815,2070180,-,provisional
insC1,NC_000913.3,2997235,2997600,-,provisional
insC1,NC_000913.3,3186187,3186552,+,provisional
insC1,NC_000913.3,4498272,4498637,+,provisional
gatZ,NC_000913.3,2175059,2176321,-,provisional
fliO,NC_000913.3,2021504,2021869,+,provisional
ybbJ,NC_000913.3,514401,514859,-,provisional
yifK,NC_000913.3,3980887,3982272,+,provisional
ompA,NC_000913.3,1019013,1020053,-,provisional
ygfI,NC_000913.3,3066277,3067173,-,provisional
yiaT,NC_000913.3,3751128,3751868,-,provisional
fimI,NC_000913.3,4543728,4544267,+,provisional
glcA,NC_000913.3,3119597,3121279,-,provisional
yoaC,NC_000913.3,1894133,1894432,+,provisional
xseB,NC_000913.3,441101,441343,-,provisional
yfjJ,NC_000913.3,2760547,2761173,+,provisional
fdrA,NC_000913.3,546680,548347,+,provisional
cyoA,NC_000913.3,450663,451610,-,provisional
mazE,NC_000913.3,2911091,2911339,-,provisional
mltC,NC_000913.3,3104433,3105512,+,provisional
wzzE,NC_000913.3,3969031,3970077,+,provisional
yphC,NC_000913.3,2674700,2675761,-,provisional
iclR,NC_000913.3,4222804,4223628,-,provisional
cytR,NC_000913.3,4123431,4124456,-,provisional
speB,NC_000913.3,3082877,3083797,-,provisional
cobS,NC_000913.3,2064479,2065222,-,provisional
gdhA,NC_000913.3,1842371,1843714,+,provisional
yidZ,NC_000913.3,3892765,3893724,+,provisional
yjjN,NC_000913.3,4595990,4597012,+,provisional
yhiI,NC_000913.3,3629535,3630602,-,provisional
queE,NC_000913.3,2904747,2905418,-,provisional
oppF,NC_000913.3,1305764,1306768,+,provisional
blr,NC_000913.3,1704551,1704676,+,provisional
iraP,NC_000913.3,401386,401646,+,provisional
bluR,NC_000913.3,1213328,1214059,-,provisional
yfjI,NC_000913.3,2758985,2760394,+,provisional
plaP,NC_000913.3,2085704,2087062,-,provisional
ygaY,NC_000913.3,2808316,2809493,+,provisional
malQ,NC_000913.3,3547986,3550070,-,provisional
ycjS,NC_000913.3,1376832,1377887,+,provisional
clpB,NC_000913.3,2731600,2734173,-,provisional
yqeI,NC_000913.3,2988502,2989311,+,provisional
ybbY,NC_000913.3,540565,541866,+,provisional
rbsD,NC_000913.3,3933351,3933770,+,provisional
metB,NC_000913.3,4128672,4129832,+,provisional
pauD,NC_000913.3,586057,586101,+,provisional
ynfM,NC_000913.3,1669699,1670952,+,provisional
yahB,NC_000913.3,333501,334433,-,provisional
ydiR,NC_000913.3,1780401,1781339,+,provisional
fbaB,NC_000913.3,2177512,2178564,-,provisional
yiaU,NC_000913.3,3751992,3752966,+,provisional
ynbA,NC_000913.3,1477621,1478226,+,provisional
rppH,NC_000913.3,2968447,2968977,-,provisional
rihA,NC_000913.3,683477,684412,-,provisional
ydjK,NC_000913.3,1858850,1860229,-,provisional
ygiC,NC_000913.3,3180421,3181581,+,provisional
glnP,NC_000913.3,846460,847119,-,provisional
iraM,NC_000913.3,1211680,1212003,-,provisional
ycjP,NC_000913.3,1374090,1374932,+,provisional
lacA,NC_000913.3,361249,361860,-,provisional
trmH,NC_000913.3,3824515,3825204,+,provisional
intZ,NC_000913.3,2558858,2560066,+,provisional
nrdB,NC_000913.3,2347384,2348514,+,provisional
yiiD,NC_000913.3,4077449,4078438,+,provisional
fecE,NC_000913.3,4510690,4511457,-,provisional
dcuS,NC_000913.3,4350031,4351662,-,provisional
rsmA,NC_000913.3,51609,52430,-,provisional
murI,NC_000913.3,4165428,4166285,+,provisional
rep,NC_000913.3,3960677,3962698,+,provisional
ycjO,NC_000913.3,1373222,1374103,+,provisional
dnaJ,NC_000913.3,14168,15298,+,provisional
rbsK,NC_000913.3,3937294,3938223,+,provisional
apbE,NC_000913.3,2310479,2311534,-,provisional
yccE,NC_000913.3,1064036,1065292,+,provisional
alsK,NC_000913.3,4306870,4307799,-,provisional
avtA,NC_000913.3,3739705,3740958,+,provisional
yaiX,NC_000913.3,382591,382872,-,provisional
yaiX,NC_000913.3,380844,381259,-,provisional
ydbC,NC_000913.3,1474221,1475081,+,provisional
wcaK,NC_000913.3,2117124,2118404,-,provisional
yidD,NC_000913.3,3884816,3885073,+,provisional
dam,NC_000913.3,3515077,3515913,-,provisional
dtpB,NC_000913.3,3640862,3642331,+,provisional
ycaC,NC_000913.3,944931,945557,-,provisional
ycgG,NC_000913.3,1217328,1218851,+,provisional
ybeR,NC_000913.3,676711,677418,+,provisional
yihY,NC_000913.3,4076146,4077018,+,provisional
wcaA,NC_000913.3,2132558,2133397,-,provisional
cspI,NC_000913.3,1638455,1638667,-,provisional
kdgT,NC_000913.3,4101690,4102673,+,provisional
narU,NC_000913.3,1542672,1544060,-,provisional
rbsC,NC_000913.3,3935288,3936253,+,provisional
ykgQ,NC_000913.3,317439,317567,+,provisional
yibG,NC_000913.3,3768177,3768638,+,provisional
wecE,NC_000913.3,3975146,3976276,+,provisional
ryfA,NC_000913.3,2653855,2654158,+,provisional
yagG,NC_000913.3,285395,286777,+,provisional
trpT,NC_000913.3,3946957,3947032,+,provisional
cyoB,NC_000913.3,448650,450641,-,provisional
ddpF,NC_000913.3,1557112,1558038,-,provisional
mnmC,NC_000913.3,2441764,2443770,+,provisional
alaS,NC_000913.3,2819381,2822011,-,provisional
yfaZ,NC_000913.3,2363733,2364275,-,provisional
grcA,NC_000913.3,2716066,2716449,-,provisional
csdE,NC_000913.3,2944542,2944985,+,provisional
yhbJ,NC_000913.3,3347115,3347969,+,provisional
ydaY,NC_000913.3,1425630,1426082,+,provisional
xapA,NC_000913.3,2524045,2524878,-,provisional
csgA,NC_000913.3,1104447,1104902,+,provisional
groS,NC_000913.3,4370688,4370981,+,provisional
rarD,NC_000913.3,4003288,4004178,-,provisional
xylB,NC_000913.3,3727917,3729371,-,provisional
yqaB,NC_000913.3,2816937,2817503,-,provisional
glpF,NC_000913.3,4117245,4118090,-,provisional
tusB,NC_000913.3,3474678,3474965,-,provisional
gspF,NC_000913.3,3459817,3461013,+,provisional
ydcI,NC_000913.3,1494148,1495071,-,provisional
glrK,NC_000913.3,2689671,2691098,-,provisional
yehT,NC_000913.3,2212243,2212962,-,provisional
ylbI,NC_000913.3,529500,529592,+,provisional
rsxE,NC_000913.3,1710828,1711523,+,provisional
galP,NC_000913.3,3088284,3089678,+,provisional
recB,NC_000913.3,2952461,2956003,-,provisional
yhiL,NC_000913.3,3632852,3634458,-,provisional
yiaN,NC_000913.3,3744804,3746081,+,provisional
dnaA,NC_000913.3,3882326,3883729,-,provisional
psiF,NC_000913.3,403281,403601,+,provisional
ompT,NC_000913.3,584680,585633,-,provisional
poxB,NC_000913.3,909331,911049,-,provisional
atpA,NC_000913.3,3918316,3919857,-,provisional
yqeB,NC_000913.3,3012614,3014239,-,provisional
selA,NC_000913.3,3759858,3761249,-,provisional
yicL,NC_000913.3,3838248,3839171,+,provisional
intG,NC_000913.3,2012502,2012663,+,provisional
sulA,NC_000913.3,1020410,1020919,-,provisional
yhjR,NC_000913.3,3695997,3696185,-,provisional
hslU,NC_000913.3,4120416,4121747,-,provisional
gsiA,NC_000913.3,867520,869391,+,provisional
ycgY,NC_000913.3,1245160,1245600,+,provisional
gfcB,NC_000913.3,1048688,1049332,-,provisional
ispB,NC_000913.3,3333710,3334681,+,provisional
yhcH,NC_000913.3,3369014,3369478,-,provisional
flgL,NC_000913.3,1140033,1140986,+,provisional
yibV,NC_000913.3,3769345,3769783,+,provisional
ptsN,NC_000913.3,3346578,3347069,+,provisional
yadE,NC_000913.3,145081,146310,+,provisional
wecF,NC_000913.3,3977525,3978604,+,provisional
fpr,NC_000913.3,4113726,4114472,-,provisional
otsA,NC_000913.3,1980188,1981612,-,provisional
fabH,NC_000913.3,1148759,1149712,+,provisional
rpmJ,NC_000913.3,3442618,3442734,-,provisional
slyD,NC_000913.3,3477907,3478497,-,provisional
ybaY,NC_000913.3,475379,475951,+,provisional
polB,NC_000913.3,63429,65780,-,provisional
yedR,NC_000913.3,2033119,2033484,-,provisional
uhpC,NC_000913.3,3847305,3848624,-,provisional
wcaD,NC_000913.3,2129661,2130878,-,provisional
pfkB,NC_000913.3,1806370,1807299,+,provisional
yjgM,NC_000913.3,4479034,4479537,-,provisional
yjdK,NC_000913.3,4352584,4352880,+,provisional
yqgF,NC_000913.3,3093500,3093916,+,provisional
wecG,NC_000913.3,3979956,3980696,+,provisional
betT,NC_000913.3,329463,331496,+,provisional
kdgK,NC_000913.3,3679419,3680348,+,provisional
nanT,NC_000913.3,3371084,3372574,-,provisional
panM,NC_000913.3,3597984,3598367,+,provisional
yphB,NC_000913.3,2673816,2674688,-,provisional
nfrA,NC_000913.3,587982,590954,-,provisional
tusD,NC_000913.3,3475332,3475718,-,provisional
dppA,NC_000913.3,3706098,3707705,-,provisional
talB,NC_000913.3,8238,9191,+,provisional
recC,NC_000913.3,2959060,2962428,-,provisional
acnA,NC_000913.3,1335831,1338506,+,provisional
codA,NC_000913.3,356171,357454,+,provisional
pldB,NC_000913.3,4009170,4010192,+,provisional
trkG,NC_000913.3,1423782,1425239,+,provisional
ynbD,NC_000913.3,1480909,1482201,+,provisional
artQ,NC_000913.3,901534,902250,-,provisional
artM,NC_000913.3,900866,901534,-,provisional
agp,NC_000913.3,1065585,1066826,+,provisional
yigB,NC_000913.3,3997183,3997899,+,provisional
cspC,NC_000913.3,1907226,1907435,-,provisional
kefB,NC_000913.3,3478802,3480607,-,provisional
trmN,NC_000913.3,2712027,2712764,-,provisional
ompC,NC_000913.3,2311646,2312749,-,provisional
fliJ,NC_000913.3,2017946,2018389,+,provisional
idnT,NC_000913.3,4491206,4492525,-,provisional
dsbC,NC_000913.3,3038112,3038822,-,provisional
tsaC,NC_000913.3,3430843,3431415,-,provisional
add,NC_000913.3,1702233,1703234,+,provisional
malX,NC_000913.3,1699355,1700947,+,provisional
ybjP,NC_000913.3,903952,904467,-,provisional
ygdR,NC_000913.3,2971271,2971489,+,provisional
srkA,NC_000913.3,4042415,4043401,+,provisional
elfC,NC_000913.3,999216,1001816,+,provisional
ygdG,NC_000913.3,2931055,2931810,+,provisional
agaI,NC_000913.3,3286270,3287025,+,provisional
opgH,NC_000913.3,1110863,1113406,+,provisional
ptsH,NC_000913.3,2533764,2534021,+,provisional
leuQ,NC_000913.3,4606315,4606401,-,provisional
yigA,NC_000913.3,3995583,3996290,+,provisional
coaA,NC_000913.3,4174076,4175026,-,provisional
yaiV,NC_000913.3,394506,395129,+,provisional
focA,NC_000913.3,953609,954466,-,provisional
pcm,NC_000913.3,2868893,2869519,-,provisional
phoH,NC_000913.3,1084992,1086056,+,provisional
rpsS,NC_000913.3,3450248,3450526,-,provisional
serU,NC_000913.3,2043468,2043557,-,provisional
argO,NC_000913.3,3068173,3068808,-,provisional
ugd,NC_000913.3,2098447,2099613,-,provisional
livG,NC_000913.3,3593439,3594206,-,provisional
emrE,NC_000913.3,568315,568647,+,provisional
ftsY,NC_000913.3,3602750,3604243,-,provisional
sugE,NC_000913.3,4376875,4377192,+,provisional
ydhY,NC_000913.3,1753851,1754477,-,provisional
lyxK,NC_000913.3,3747084,3748580,+,provisional
apaG,NC_000913.3,51229,51606,-,provisional
ycfH,NC_000913.3,1156777,1157574,+,provisional
waaM,NC_000913.3,1115662,1116582,-,provisional
rplV,NC_000913.3,3449901,3450233,-,provisional
mukF,NC_000913.3,974319,975641,+,provisional
fimF,NC_000913.3,4547742,4548272,+,provisional
yiiQ,NC_000913.3,4111615,4112214,-,provisional
gcvA,NC_000913.3,2941650,2942567,-,provisional
cysH,NC_000913.3,2887578,2888312,-,provisional
zinT,NC_000913.3,2041375,2042025,+,provisional
ybbN,NC_000913.3,517425,518279,-,provisional
cusF,NC_000913.3,597131,597463,+,provisional
pstC,NC_000913.3,3909439,3910398,-,provisional
sfmF,NC_000913.3,563330,563845,+,provisional
hslV,NC_000913.3,4121757,4122287,-,provisional
yjgN,NC_000913.3,4479730,4480926,+,provisional
rbbA,NC_000913.3,3626803,3629538,-,provisional
livK,NC_000913.3,3596451,3597560,-,provisional
yhgF,NC_000913.3,3537385,3539706,+,provisional
nuoK,NC_000913.3,2395043,2395345,-,provisional
fkpB,NC_000913.3,25826,26275,+,provisional
yafP,NC_000913.3,252709,253161,+,provisional
ydcN,NC_000913.3,1506172,1506708,+,provisional
yiaW,NC_000913.3,3754105,3754428,-,provisional
opgG,NC_000913.3,1109335,1110870,+,provisional
ygfB,NC_000913.3,3054866,3055444,-,provisional
aspT,NC_000913.3,3946872,3946948,+,provisional
mngB,NC_000913.3,767978,770611,+,provisional
yfbK,NC_000913.3,2383995,2385722,-,provisional
yhhI,NC_000913.3,3624378,3625514,+,provisional
trmA,NC_000913.3,4162170,4163270,-,provisional
eaeH,NC_000913.3,314357,315228,+,provisional
ushA,NC_000913.3,504914,506566,+,provisional
yceH,NC_000913.3,1126157,1126804,+,provisional
ykgA,NC_000913.3,316486,317169,-,provisional
lpxP,NC_000913.3,2495645,2496565,+,provisional
gabD,NC_000913.3,2791273,2792721,+,provisional
bglA,NC_000913.3,3043662,3045101,+,provisional
ilvC,NC_000913.3,3957970,3959445,+,provisional
pflD,NC_000913.3,4143995,4146292,+,provisional
dcuB,NC_000913.3,4347404,4348744,-,provisional
yciW,NC_000913.3,1348980,1350107,-,provisional
yicS,NC_000913.3,3840215,3840508,+,provisional
cyoC,NC_000913.3,448046,448660,-,provisional
pinR,NC_000913.3,1433084,1433674,-,provisional
yjaB,NC_000913.3,4213680,4214123,-,provisional
argX,NC_000913.3,3982375,3982451,+,provisional
lptB,NC_000913.3,3343944,3344669,+,provisional
groL,NC_000913.3,4371025,4372671,+,provisional
fre,NC_000913.3,4026527,4027228,+,provisional
ompX,NC_000913.3,850450,850965,+,provisional
purD,NC_000913.3,4204642,4205931,-,provisional
wzxE,NC_000913.3,3976278,3977528,+,provisional
sra,NC_000913.3,1555826,1555963,-,provisional
yacC,NC_000913.3,136570,136917,-,provisional
ybbO,NC_000913.3,518340,519149,-,provisional
wecA,NC_000913.3,3967916,3969019,+,provisional
srlD,NC_000913.3,2827737,2828516,+,provisional
aslA,NC_000913.3,3984352,3986007,-,provisional
potC,NC_000913.3,1182826,1183620,-,provisional
aroE,NC_000913.3,3430020,3430838,-,provisional
ydcS,NC_000913.3,1511654,1512799,+,provisional
gltA,NC_000913.3,753185,754468,-,provisional
queG,NC_000913.3,4392928,4394067,-,provisional
ubiD,NC_000913.3,4024988,4026481,+,provisional
polA,NC_000913.3,4046966,4049752,+,provisional
yidA,NC_000913.3,3876140,3876952,-,provisional
ggt,NC_000913.3,3585081,3586823,-,provisional
elaB,NC_000913.3,2380722,2381027,-,provisional
gsk,NC_000913.3,500125,501429,+,provisional
wrbA,NC_000913.3,1067112,1067708,-,provisional
sibA,NC_000913.3,2153309,2153451,+,provisional
frlB,NC_000913.3,3501268,3502290,+,provisional
hslO,NC_000913.3,3529774,3530652,+,provisional
yfdX,NC_000913.3,2493767,2494402,-,provisional
ilvI,NC_000913.3,85630,87354,+,provisional
ylbH,NC_000913.3,527952,528659,+,provisional
yqeJ,NC_000913.3,2989304,2989786,+,provisional
folP,NC_000913.3,3324063,3324911,-,provisional
tldD,NC_000913.3,3390583,3392028,-,provisional
araE,NC_000913.3,2980764,2982182,-,provisional
yphD,NC_000913.3,2675827,2676825,-,provisional
talA,NC_000913.3,2578666,2579616,+,provisional
hsdM,NC_000913.3,4581459,4583048,-,provisional
essQ,NC_000913.3,1640370,1640585,-,provisional
patD,NC_000913.3,1515578,1517002,+,provisional
ecnA,NC_000913.3,4376317,4376442,+,provisional
glnQ,NC_000913.3,845741,846463,-,provisional
rpsM,NC_000913.3,3442115,3442471,-,provisional
sdhE,NC_000913.3,3040804,3041070,-,provisional
rng,NC_000913.3,3396326,3397795,-,provisional
gstB,NC_000913.3,879854,880480,-,provisional
degS,NC_000913.3,3382200,3383267,+,provisional
asnA,NC_000913.3,3927155,3928147,+,provisional
ibaG,NC_000913.3,3336549,3336803,-,provisional
yfdP,NC_000913.3,2473604,2473966,+,provisional
alsC,NC_000913.3,4308489,4309469,-,provisional
ynhF,NC_000913.3,1737456,1737545,-,provisional
ydgD,NC_000913.3,1671960,1672781,+,provisional
yeeE,NC_000913.3,2084467,2085525,-,provisional
ffs,NC_000913.3,476448,476561,+,provisional
nrdA,NC_000913.3,2344865,2347150,+,provisional
opgC,NC_000913.3,1107784,1108941,-,provisional
wecC,NC_000913.3,3971260,3972522,+,provisional
fecI,NC_000913.3,4517714,4518235,-,provisional
trxA,NC_000913.3,3965761,3966090,+,provisional
fdx,NC_000913.3,2656748,2657083,-,provisional
ybfL,NC_000913.3,736825,737961,+,provisional
ydiP,NC_000913.3,1778390,1779301,-,provisional
aceF,NC_000913.3,125695,127587,+,provisional
thrA,NC_000913.3,337,2799,+,provisional
yigL,NC_000913.3,4010200,4011000,+,provisional
yagH,NC_000913.3,286789,288399,+,provisional
atpD,NC_000913.3,3915993,3917375,-,provisional
ybcH,NC_000913.3,587091,587981,-,provisional
ygeQ,NC_000913.3,2997692,2998828,-,provisional
rob,NC_000913.3,4634441,4635310,-,provisional
yigF,NC_000913.3,4002419,4002799,-,provisional
ligT,NC_000913.3,161501,162031,-,provisional
hslR,NC_000913.3,3529348,3529749,+,provisional
nhaR,NC_000913.3,18715,19620,+,provisional
ydfK,NC_000913.3,1633072,1633305,+,provisional
mgrB,NC_000913.3,1908623,1908766,-,provisional
agaR,NC_000913.3,3277856,3278665,-,provisional
nanR,NC_000913.3,3373698,3374489,-,provisional
pgk,NC_000913.3,3071459,3072622,-,provisional
yghR,NC_000913.3,3132454,3133212,-,provisional
xerC,NC_000913.3,3996287,3997183,+,provisional
cyaA,NC_000913.3,3991153,3993699,+,provisional
yaaX,NC_000913.3,5234,5530,+,provisional
nlpE,NC_000913.3,215269,215979,+,provisional
folK,NC_000913.3,157253,157732,-,provisional
icdC,NC_000913.3,1211413,1211577,+,provisional
rimJ,NC_000913.3,1125562,1126146,+,provisional
yjiV,NC_000913.3,4573919,4576855,+,provisional
crp,NC_000913.3,3486120,3486752,+,provisional
mtlD,NC_000913.3,3774424,3775572,+,provisional
modA,NC_000913.3,795089,795862,+,provisional
yfbM,NC_000913.3,2386934,2387437,+,provisional
yjjX,NC_000913.3,4633233,4633745,-,provisional
cysM,NC_000913.3,2538672,2539583,-,provisional
fdoI,NC_000913.3,4081225,4081860,-,provisional
flhC,NC_000913.3,1977266,1977844,-,provisional
flgM,NC_000913.3,1129835,1130128,-,provisional
yheS,NC_000913.3,3481289,3483202,+,provisional
yidR,NC_000913.3,3868062,3869309,-,provisional
yjhR,NC_000913.3,4534791,4536031,+,provisional
yheU,NC_000913.3,3484218,3484436,+,provisional
wecD,NC_000913.3,3974467,3975141,+,provisional
iaaA,NC_000913.3,866568,867533,+,provisional
ypeB,NC_000913.3,2527941,2528159,-,provisional
tauA,NC_000913.3,385232,386194,+,provisional
hisM,NC_000913.3,2424517,2425233,-,provisional
truC,NC_000913.3,2923002,2923784,-,provisional
leuX,NC_000913.3,4496405,4496489,+,provisional
sibD,NC_000913.3,3194723,3194865,-,provisional
tsx,NC_000913.3,431129,432013,-,provisional
adhP,NC_000913.3,1552828,1553838,-,provisional
zraS,NC_000913.3,4201926,4203323,+,provisional
sodA,NC_000913.3,4100810,4101430,+,provisional
pinQ,NC_000913.3,1633622,1634212,+,provisional
dusB,NC_000913.3,3410280,3411245,+,provisional
aroL,NC_000913.3,406405,406929,+,provisional
mdtM,NC_000913.3,4567287,4568519,-,provisional
yicN,NC_000913.3,3841950,3842402,-,provisional
lysU,NC_000913.3,4353200,4354717,-,provisional
ryfD,NC_000913.3,2734153,2734295,-,provisional
wzb,NC_000913.3,2135655,2136098,-,provisional
yhfL,NC_000913.3,3499448,3499615,+,provisional
glmY,NC_000913.3,2691157,2691340,-,provisional
glnD,NC_000913.3,185978,188650,-,provisional
yhfZ,NC_000913.3,3511439,3512344,-,provisional
yjgB,NC_000913.3,4495190,4496209,-,provisional
mdh,NC_000913.3,3383330,3384268,-,provisional
caiA,NC_000913.3,39244,40386,-,provisional
yffB,NC_000913.3,2591247,2591603,+,provisional
wecH,NC_000913.3,3725887,3726882,+,provisional
flgN,NC_000913.3,1129414,1129830,-,provisional
rcsF,NC_000913.3,219591,219995,-,provisional
yfgH,NC_000913.3,2629792,2630310,+,provisional
atpH,NC_000913.3,3919870,3920403,-,provisional
htpG,NC_000913.3,495120,496994,+,provisional
dnaB,NC_000913.3,4264314,4265729,+,provisional
thiF,NC_000913.3,4192821,4193576,-,provisional
yhjA,NC_000913.3,3667791,3669188,-,provisional
pphB,NC_000913.3,2859760,2860416,+,provisional
rplK,NC_000913.3,4178447,4178875,+,provisional
uxuA,NC_000913.3,4551636,4552820,+,provisional
relA,NC_000913.3,2911417,2913651,-,provisional
purH,NC_000913.3,4205943,4207532,-,provisional
yncL,NC_000913.3,1517099,1517194,-,provisional
pyrH,NC_000913.3,191855,192580,+,provisional
yjgL,NC_000913.3,4475437,4477251,+,provisional
dppD,NC_000913.3,3702865,3703848,-,provisional
yrhB,NC_000913.3,3584759,3585043,+,provisional
atpF,NC_000913.3,3920418,3920888,-,provisional
stpA,NC_000913.3,2798091,2798495,-,provisional
srlE,NC_000913.3,2826392,2827351,+,provisional
yrdE,NC_000913.3,3404638,3405031,+,provisional
glpE,NC_000913.3,3561497,3561823,-,provisional
garL,NC_000913.3,3272787,3273557,-,provisional
fimD,NC_000913.3,4545096,4547732,+,provisional
umuD,NC_000913.3,1230767,1231186,+,provisional
rpsH,NC_000913.3,3446153,3446545,-,provisional
nirC,NC_000913.3,3497003,3497809,+,provisional
malY,NC_000913.3,1700957,1702129,+,provisional
nlpI,NC_000913.3,3308040,3308924,-,provisional
atpC,NC_000913.3,3915553,3915972,-,provisional
metE,NC_000913.3,4013053,4015314,+,provisional
rsmD,NC_000913.3,3604393,3604989,+,provisional
holC,NC_000913.3,4483837,4484280,-,provisional
argE,NC_000913.3,4153696,4154847,-,provisional
yafT,NC_000913.3,237335,238120,+,provisional
frlC,NC_000913.3,3502340,3503170,+,provisional
yafD,NC_000913.3,231122,231922,+,provisional
puuC,NC_000913.3,1362743,1364230,+,provisional
ubiE,NC_000913.3,4018855,4019610,+,provisional
metZ,NC_000913.3,2947387,2947463,+,provisional
ydbK,NC_000913.3,1437260,1440784,-,provisional
alr,NC_000913.3,4265782,4266861,+,provisional
hyaA,NC_000913.3,1032139,1033257,+,provisional
yfjH,NC_000913.3,2757644,2758600,-,provisional
pntB,NC_000913.3,1674972,1676360,-,provisional
tdk,NC_000913.3,1293527,1294144,+,provisional
spoT,NC_000913.3,3822400,3824508,+,provisional
yahD,NC_000913.3,335280,335885,+,provisional
yiaG,NC_000913.3,3719478,3719768,+,provisional
ynfN,NC_000913.3,1637954,1638109,-,provisional
yiaY,NC_000913.3,3756676,3757827,-,provisional
uhpA,NC_000913.3,3850136,3850726,-,provisional
yicR,NC_000913.3,3811891,3812559,-,provisional
skp,NC_000913.3,200482,200967,+,provisional
ydbH,NC_000913.3,1443051,1445690,+,provisional
selC,NC_000913.3,3836222,3836316,+,provisional
udp,NC_000913.3,4016431,4017192,+,provisional
gyrB,NC_000913.3,3877705,3880119,-,provisional
uspF,NC_000913.3,1435185,1435619,-,provisional
rbfA,NC_000913.3,3312777,3313178,-,provisional
ascF,NC_000913.3,2839524,2840981,+,provisional
pyrG,NC_000913.3,2908029,2909666,-,provisional
def,NC_000913.3,3433690,3434199,+,provisional
yebC,NC_000913.3,1947411,1948151,-,provisional
ygbE,NC_000913.3,2873014,2873337,-,provisional
yaiT,NC_000913.3,390251,391708,+,provisional
yaiT,NC_000913.3,392970,394418,+,provisional
ybdN,NC_000913.3,635349,636569,-,provisional
ppiC,NC_000913.3,3959532,3959813,-,provisional
ybgS,NC_000913.3,784937,785317,-,provisional
fecD,NC_000913.3,4511458,4512414,-,provisional
hisR,NC_000913.3,3982509,3982585,+,provisional
nadE,NC_000913.3,1822458,1823285,+,provisional
chbA,NC_000913.3,1819455,1819805,-,provisional
yqgB,NC_000913.3,3085920,3086051,-,provisional
yciC,NC_000913.3,1312920,1313663,-,provisional
yiaS,NC_000913.3,3750086,3750781,+,provisional
ytfL,NC_000913.3,4439872,4441215,-,provisional
envR,NC_000913.3,3412803,3413465,-,provisional
plsC,NC_000913.3,3162744,3163481,-,provisional
malT,NC_000913.3,3553085,3555790,+,provisional
pmrR,NC_000913.3,4332116,4332205,+,provisional
gntP,NC_000913.3,4549953,4551296,-,provisional
ygjH,NC_000913.3,3220915,3221247,-,provisional
rhlB,NC_000913.3,3964365,3965630,-,provisional
rzpD,NC_000913.3,578107,578568,+,provisional
alsE,NC_000913.3,4307783,4308478,-,provisional
clpP,NC_000913.3,456677,457300,+,provisional
oppB,NC_000913.3,1302899,1303819,+,provisional
yciB,NC_000913.3,1312351,1312890,-,provisional
eutT,NC_000913.3,2573502,2574305,-,provisional
ypdA,NC_000913.3,2498671,2500368,+,provisional
yqiJ,NC_000913.3,3192208,3192837,+,provisional
ftsA,NC_000913.3,103982,105244,+,provisional
cmtB,NC_000913.3,3078887,3079330,-,provisional
fieF,NC_000913.3,4106469,4107371,+,provisional
eutD,NC_000913.3,2572489,2573505,-,provisional
ygjJ,NC_000913.3,3227801,3228871,+,provisional
ybbC,NC_000913.3,527581,527949,+,provisional
yafJ,NC_000913.3,244327,245094,+,provisional
potA,NC_000913.3,1184458,1185594,-,provisional
mipA,NC_000913.3,1865726,1866472,-,provisional
clpA,NC_000913.3,923264,925540,+,provisional
sbp,NC_000913.3,4108834,4109823,+,provisional
srlA,NC_000913.3,2825832,2826395,+,provisional
yrdB,NC_000913.3,3429766,3430023,-,provisional
purC,NC_000913.3,2596905,2597618,-,provisional
thyA,NC_000913.3,2964361,2965155,-,provisional
yaeQ,NC_000913.3,214291,214836,+,provisional
cspE,NC_000913.3,657292,657501,+,provisional
bglB,NC_000913.3,3902289,3903701,-,provisional
ahpF,NC_000913.3,639753,641318,+,provisional
rpoZ,NC_000913.3,3822106,3822381,+,provisional
uraA,NC_000913.3,2618871,2620160,-,provisional
yggX,NC_000913.3,3104093,3104368,+,provisional
kdsD,NC_000913.3,3341266,3342252,+,provisional
dadX,NC_000913.3,1238879,1239949,+,provisional
rbsB,NC_000913.3,3936278,3937168,+,provisional
yjiM,NC_000913.3,4564699,4565850,-,provisional
gloA,NC_000913.3,1727837,1728244,+,provisional
ispA,NC_000913.3,440202,441101,-,provisional
waaG,NC_000913.3,3805943,3807067,-,provisional
hemX,NC_000913.3,3987885,3989066,-,provisional
yfcI,NC_000913.3,2422649,2423539,-,provisional
yfiR,NC_000913.3,2741875,2742393,+,provisional
fumB,NC_000913.3,4345680,4347326,-,provisional
yicG,NC_000913.3,3818874,3819491,+,provisional
yraJ,NC_000913.3,3288814,3291330,+,provisional
yihD,NC_000913.3,4042069,4042338,+,provisional
queD,NC_000913.3,2892214,2892579,+,provisional
yjeT,NC_000913.3,4404386,4404583,+,provisional
frvB,NC_000913.3,4090915,4092366,-,provisional
ssrS,NC_000913.3,3055983,3056165,+,provisional
ykgI,NC_000913.3,318331,318567,-,provisional
glyY,NC_000913.3,4392583,4392658,+,provisional
fucI,NC_000913.3,2935584,2937359,+,provisional
fimC,NC_000913.3,4544304,4545029,+,provisional
yeaW,NC_000913.3,1884665,1885789,+,provisional
ftsN,NC_000913.3,4122380,4123339,-,provisional
nohD,NC_000913.3,580834,581379,+,provisional
yigZ,NC_000913.3,4032492,4033106,+,provisional
yeiG,NC_000913.3,2243910,2244746,+,provisional
pqiA,NC_000913.3,1012001,1013254,+,provisional
sibE,NC_000913.3,3195099,3195240,-,provisional
hemB,NC_000913.3,388753,389727,-,provisional
smtA,NC_000913.3,973537,974322,+,provisional
yigM,NC_000913.3,4011076,4011975,+,provisional
ptrA,NC_000913.3,2955996,2958884,-,provisional
nnr,NC_000913.3,4394066,4395613,+,provisional
parE,NC_000913.3,3173504,3175396,-,provisional
rrsC,NC_000913.3,3941808,3943349,+,provisional
yrdA,NC_000913.3,3429236,3429790,+,provisional
ydcF,NC_000913.3,1487235,1488035,+,provisional
yjhC,NC_000913.3,4505287,4506405,+,provisional
gspG,NC_000913.3,3461023,3461460,+,provisional
uacT,NC_000913.3,3031367,3032815,+,provisional
rrrQ,NC_000913.3,1639524,1640057,-,provisional
aspU,NC_000913.3,228928,229004,+,provisional
yhbX,NC_000913.3,3319988,3321613,-,provisional
acrF,NC_000913.3,3415033,3418137,+,provisional
sfmC,NC_000913.3,558974,559666,+,provisional
glgB,NC_000913.3,3571316,3573502,-,provisional
rluD,NC_000913.3,2735031,2736011,-,provisional
ygeF,NC_000913.3,2990554,2991043,+,provisional
gsiD,NC_000913.3,871890,872801,+,provisional
flhD,NC_000913.3,1977847,1978197,-,provisional
ydfV,NC_000913.3,1645897,1646202,+,provisional
fecR,NC_000913.3,4516764,4517717,-,provisional
visC,NC_000913.3,3051115,3052317,-,provisional
rpiB,NC_000913.3,4313350,4313799,+,provisional
pbpG,NC_000913.3,2223938,2224870,-,provisional
guaD,NC_000913.3,3025766,3027085,+,provisional
rimP,NC_000913.3,3317554,3318006,-,provisional
rodZ,NC_000913.3,2641831,2642844,-,provisional
wecB,NC_000913.3,3970133,3971263,+,provisional
ybhP,NC_000913.3,823736,824497,-,provisional
aspA,NC_000913.3,4366891,4368327,-,provisional
znuA,NC_000913.3,1941651,1942583,-,provisional
dnaK,NC_000913.3,12163,14079,+,provisional
tnaC,NC_000913.3,3888435,3888509,+,provisional
hupB,NC_000913.3,461451,461723,+,provisional
hpt,NC_000913.3,141431,141967,+,provisional
nudI,NC_000913.3,2364554,2364979,+,provisional
csgB,NC_000913.3,1103951,1104406,+,provisional
cpxA,NC_000913.3,4103602,4104975,-,provisional
ypdB,NC_000913.3,2500383,2501117,+,provisional
yaaI,NC_000913.3,11382,11786,-,provisional
yohP,NC_000913.3,2228982,2229065,+,provisional
garP,NC_000913.3,3273573,3274907,-,provisional
fabZ,NC_000913.3,202101,202556,+,provisional
gshB,NC_000913.3,3091878,3092828,+,provisional
mlaA,NC_000913.3,2464252,2465007,-,provisional
uxuB,NC_000913.3,4552901,4554361,+,provisional
yibA,NC_000913.3,3766337,3767179,+,provisional
ispG,NC_000913.3,2640686,2641804,-,provisional
yagF,NC_000913.3,283201,285168,+,provisional
dld,NC_000913.3,2222185,2223900,+,provisional
yedF,NC_000913.3,2009479,2009712,+,provisional
ychQ,NC_000913.3,1266924,1267316,+,provisional
kefG,NC_000913.3,3480607,3481161,-,provisional
yfdF,NC_000913.3,2463012,2464070,+,provisional
yaeR,NC_000913.3,211877,212266,+,provisional
yeaP,NC_000913.3,1877715,1878740,+,provisional
feoB,NC_000913.3,3540407,3542728,+,provisional
menA,NC_000913.3,4119423,4120349,-,provisional
wcaC,NC_000913.3,2130853,2132070,-,provisional
queF,NC_000913.3,2925348,2926196,+,provisional
rsxG,NC_000913.3,1710204,1710824,+,provisional
ykfJ,NC_000913.3,253479,253685,+,provisional
rho,NC_000913.3,3966417,3967676,+,provisional
serA,NC_000913.3,3057178,3058410,-,provisional
cysD,NC_000913.3,2875421,2876329,-,provisional
ftsQ,NC_000913.3,103155,103985,+,provisional
argQ,NC_000913.3,2817784,2817860,-,provisional
rffH,NC_000913.3,3973608,3974489,+,provisional
mcrB,NC_000913.3,4577958,4579337,-,provisional
greB,NC_000913.3,3536812,3537288,+,provisional
yfiB,NC_000913.3,2743625,2744107,+,provisional
dmlR,NC_000913.3,1880886,1881809,-,provisional
yjbF,NC_000913.3,4236262,4236900,+,provisional
ftsB,NC_000913.3,2872509,2872820,-,provisional
pflA,NC_000913.3,950340,951080,-,provisional
map,NC_000913.3,188712,189506,-,provisional
arsR,NC_000913.3,3648528,3648881,+,provisional
rplQ,NC_000913.3,3439616,3439999,-,provisional
codB,NC_000913.3,354922,356181,+,provisional
sdaB,NC_000913.3,2929576,2930943,+,provisional
gnsA,NC_000913.3,1052067,1052240,+,provisional
rapA,NC_000913.3,60358,63264,-,provisional
yoaG,NC_000913.3,1879403,1879585,-,provisional
tusE,NC_000913.3,1030339,1030668,-,provisional
uxaC,NC_000913.3,3243329,3244741,-,provisional
ygaC,NC_000913.3,2799650,2799994,-,provisional
yrfF,NC_000913.3,3526469,3528604,+,provisional
mscM,NC_000913.3,4386047,4389370,-,provisional
yejH,NC_000913.3,2280632,2282392,+,provisional
pka,NC_000913.3,2719953,2722613,+,provisional
bcsF,NC_000913.3,3698026,3698217,+,provisional
ffh,NC_000913.3,2746434,2747795,-,provisional
yceA,NC_000913.3,1116807,1117859,+,provisional
atpG,NC_000913.3,3917402,3918265,-,provisional
emrA,NC_000913.3,2811427,2812599,+,provisional
potB,NC_000913.3,1183617,1184444,-,provisional
ydiQ,NC_000913.3,1779617,1780381,+,provisional
gloB,NC_000913.3,234027,234782,-,provisional
yhhX,NC_000913.3,3579768,3580805,-,provisional
ykgJ,NC_000913.3,303853,304182,-,provisional
yqcA,NC_000913.3,2922535,2922984,-,provisional
surE,NC_000913.3,2869513,2870274,-,provisional
yfiP,NC_000913.3,2719223,2719921,+,provisional
yafE,NC_000913.3,231926,232549,+,provisional
mlc,NC_000913.3,1667344,1668564,-,provisional
yncI,NC_000913.3,1530586,1531639,+,provisional
queA,NC_000913.3,425011,426081,+,provisional
ygcN,NC_000913.3,2892657,2893928,+,provisional
ybfQ,NC_000913.3,736445,736684,+,provisional
yihW,NC_000913.3,4074669,4075454,+,provisional
rnhB,NC_000913.3,204493,205089,+,provisional
cysT,NC_000913.3,1991914,1991987,-,provisional
yqcC,NC_000913.3,2923784,2924113,-,provisional
uxuR,NC_000913.3,4554576,4555349,+,provisional
kdpA,NC_000913.3,727059,728732,-,provisional
ppc,NC_000913.3,4150447,4153098,-,provisional
proM,NC_000913.3,3982735,3982811,+,provisional
araF,NC_000913.3,1985139,1986128,-,provisional
pepD,NC_000913.3,254259,255716,-,provisional
ygbJ,NC_000913.3,2861430,2862338,+,provisional
yqiA,NC_000913.3,3175425,3176006,-,provisional
ompR,NC_000913.3,3535865,3536584,-,provisional
glyV,NC_000913.3,4392360,4392435,+,provisional
eutQ,NC_000913.3,2574302,2575003,-,provisional
rluA,NC_000913.3,59687,60346,-,provisional
arpA,NC_000913.3,4220301,4222487,-,provisional
murQ,NC_000913.3,2545773,2546669,+,provisional
sbcC,NC_000913.3,412607,415753,-,provisional
wzzB,NC_000913.3,2097321,2098301,-,provisional
yadG,NC_000913.3,142779,143705,+,provisional
yebK,NC_000913.3,1936652,1937521,+,provisional
mtlR,NC_000913.3,3775572,3776159,+,provisional
ybaZ,NC_000913.3,475982,476371,-,provisional
envC,NC_000913.3,3786838,3788097,+,provisional
argW,NC_000913.3,2466309,2466383,+,provisional
yniA,NC_000913.3,1807796,1808656,+,provisional
amyA,NC_000913.3,2006156,2007643,+,provisional
ybcJ,NC_000913.3,556661,556873,-,provisional
ymfL,NC_000913.3,1203268,1203825,+,provisional
ydjM,NC_000913.3,1810211,1810801,+,provisional
efp,NC_000913.3,4375699,4376265,+,provisional
cpxR,NC_000913.3,4104972,4105670,-,provisional
fimG,NC_000913.3,4548285,4548788,+,provisional
ymfD,NC_000913.3,1196867,1197532,-,provisional
yhdT,NC_000913.3,3407375,3407617,+,provisional
trpD,NC_000913.3,1319789,1321384,-,provisional
valW,NC_000913.3,1746516,1746592,+,provisional
yibW,NC_000913.3,3768892,3769256,+,provisional
ilvL,NC_000913.3,3950322,3950420,+,provisional
thrC,NC_000913.3,3734,5020,+,provisional
yifB,NC_000913.3,3948449,3949969,-,provisional
rraA,NC_000913.3,4118845,4119330,-,provisional
rseP,NC_000913.3,196546,197898,+,provisional
ftsW,NC_000913.3,98403,99647,+,provisional
rpmG,NC_000913.3,3811250,3811417,-,provisional
ybhC,NC_000913.3,805998,807281,-,provisional
rpmD,NC_000913.3,3444543,3444722,-,provisional
yjbG,NC_000913.3,4236897,4237634,+,provisional
rsmF,NC_000913.3,1920223,1921662,+,provisional
treR,NC_000913.3,4466299,4467246,-,provisional
hemH,NC_000913.3,498055,499017,+,provisional
frlD,NC_000913.3,3503167,3503952,+,provisional
yfeW,NC_000913.3,2548102,2549406,+,provisional
ttdR,NC_000913.3,3205324,3206256,-,provisional
grpE,NC_000913.3,2750115,2750708,-,provisional
yacG,NC_000913.3,111649,111846,-,provisional
rplX,NC_000913.3,3447453,3447767,-,provisional
narY,NC_000913.3,1537309,1538853,-,provisional
aroB,NC_000913.3,3517398,3518486,-,provisional
tolB,NC_000913.3,777740,779032,+,provisional
fdoG,NC_000913.3,4082772,4085822,-,provisional
kptA,NC_000913.3,4560930,4561484,+,provisional
ysaC,NC_000913.3,3750813,3750914,-,provisional
hsdS,NC_000913.3,4580068,4581462,-,provisional
srlB,NC_000913.3,2827362,2827733,+,provisional
recD,NC_000913.3,2950635,2952461,-,provisional
rsmH,NC_000913.3,90094,91035,+,provisional
melR,NC_000913.3,4340720,4341628,-,provisional
rrfC,NC_000913.3,3946700,3946819,+,provisional
yceM,NC_000913.3,1126806,1127729,+,provisional
epmC,NC_000913.3,2444203,2444751,-,provisional
metY,NC_000913.3,3318213,3318289,-,provisional
ilvD,NC_000913.3,3953478,3955328,+,provisional
ypeC,NC_000913.3,2511001,2511327,+,provisional
alaC,NC_000913.3,2497057,2498295,-,provisional
fdhF,NC_000913.3,4297219,4299366,-,provisional
rsxC,NC_000913.3,1706919,1709141,+,provisional
metK,NC_000913.3,3086706,3087860,+,provisional
copA,NC_000913.3,508875,511379,-,provisional
yahE,NC_000913.3,335925,336788,+,provisional
mepM,NC_000913.3,1940313,1941635,-,provisional
yhhZ,NC_000913.3,3581863,3583041,+,provisional
mukE,NC_000913.3,975622,976326,+,provisional
rluE,NC_000913.3,1194298,1194951,-,provisional
narQ,NC_000913.3,2585731,2587431,+,provisional
accA,NC_000913.3,208621,209580,+,provisional
recO,NC_000913.3,2701741,2702469,-,provisional
ycdZ,NC_000913.3,1100296,1100787,+,provisional
grxC,NC_000913.3,3784191,3784442,-,provisional
truD,NC_000913.3,2870255,2871304,-,provisional
mgsA,NC_000913.3,1026557,1027015,-,provisional
yeeH,NC_000913.3,2066068,2066154,-,provisional
putA,NC_000913.3,1074920,1078882,-,provisional
yedA,NC_000913.3,2029539,2030459,+,provisional
fdoH,NC_000913.3,4081857,4082759,-,provisional
proL,NC_000913.3,2286211,2286287,+,provisional
ppiB,NC_000913.3,553943,554437,-,provisional
yiaB,NC_000913.3,3727407,3727748,-,provisional
bioC,NC_000913.3,811522,812277,+,provisional
trkH,NC_000913.3,4033145,4034596,+,provisional
ispU,NC_000913.3,194903,195664,+,provisional
nhaB,NC_000913.3,1233176,1234717,-,provisional
dfp,NC_000913.3,3812731,3813951,+,provisional
yihR,NC_000913.3,4069475,4070401,-,provisional
gadY,NC_000913.3,3664864,3664968,+,provisional
opgD,NC_000913.3,1496856,1498511,+,provisional
rrlE,NC_000913.3,4210043,4212946,+,provisional
thrL,NC_000913.3,190,255,+,provisional
fimH,NC_000913.3,4548808,4549710,+,provisional
rraB,NC_000913.3,4478473,4478889,+,provisional
hisB,NC_000913.3,2093468,2094535,+,provisional
hcaR,NC_000913.3,2668006,2668896,-,provisional
cyaY,NC_000913.3,3993739,3994059,-,provisional
yjjB,NC_000913.3,4601624,4602097,-,provisional
ftsP,NC_000913.3,3161257,3162669,-,provisional
yfgG,NC_000913.3,2629290,2629481,+,provisional
mgtL,NC_000913.3,4467431,4467484,+,provisional
psiE,NC_000913.3,4240325,4240735,+,provisional
motB,NC_000913.3,1975329,1976255,-,provisional
rcbA,NC_000913.3,1413531,1413740,-,provisional
rpsQ,NC_000913.3,3448314,3448568,-,provisional
gspL,NC_000913.3,3463922,3465085,+,provisional
rhtA,NC_000913.3,849210,850097,-,provisional
yfgO,NC_000913.3,2614820,2615881,-,provisional
galR,NC_000913.3,2976599,2977630,+,provisional
asnU,NC_000913.3,2059851,2059926,+,provisional
insX,NC_000913.3,280114,280362,-,provisional
rpmC,NC_000913.3,3448568,3448759,-,provisional
thiB,NC_000913.3,74497,75480,-,provisional
yeiI,NC_000913.3,2251700,2252788,+,provisional
yadI,NC_000913.3,144577,145017,+,provisional
yhiJ,NC_000913.3,3630968,3632590,-,provisional
ytfR,NC_000913.3,4451058,4452560,+,provisional
dusA,NC_000913.3,4261714,4262706,+,provisional
wcaN,NC_000913.3,2113434,2114327,-,provisional
lptA,NC_000913.3,3343380,3343937,+,provisional
rplR,NC_000913.3,3445244,3445597,-,provisional
ydaN,NC_000913.3,1408050,1409033,+,provisional
ptsI,NC_000913.3,2534066,2535793,+,provisional
viaA,NC_000913.3,3928152,3929603,-,provisional
lexA,NC_000913.3,4257115,4257723,+,provisional
ydaF,NC_000913.3,1419156,1419311,-,provisional
tyrB,NC_000913.3,4267114,4268307,+,provisional
leuZ,NC_000913.3,1991815,1991901,-,provisional
cysE,NC_000913.3,3781741,3782562,-,provisional
melA,NC_000913.3,4341911,4343266,+,provisional
rihC,NC_000913.3,27293,28207,+,provisional
yggW,NC_000913.3,3097267,3098403,+,provisional
yfcA,NC_000913.3,2444751,2445560,-,provisional
speC,NC_000913.3,3107020,3109155,-,provisional
ycjU,NC_000913.3,1380148,1380807,+,provisional
aslB,NC_000913.3,3982958,3984193,+,provisional
ybaB,NC_000913.3,494076,494405,+,provisional
yjgA,NC_000913.3,4457314,4457865,-,provisional
fumC,NC_000913.3,1685185,1686588,-,provisional
yjbI,NC_000913.3,4250703,4252283,+,provisional
mdtN,NC_000913.3,4303078,4304109,-,provisional
ileS,NC_000913.3,22391,25207,+,provisional
yobD,NC_000913.3,1904801,1905259,+,provisional
ytjA,NC_000913.3,4612128,4612289,+,provisional
folM,NC_000913.3,1680976,1681698,+,provisional
yohO,NC_000913.3,2215657,2215764,+,provisional
yhdN,NC_000913.3,3439141,3439509,-,provisional
prkB,NC_000913.3,3484490,3485359,+,provisional
efeO,NC_000913.3,1082243,1083370,+,provisional
yifL,NC_000913.3,3994522,3994725,+,provisional
fdnH,NC_000913.3,1550461,1551345,+,provisional
hisG,NC_000913.3,2090192,2091091,+,provisional
thiL,NC_000913.3,435634,436611,+,provisional
yibS,NC_000913.3,3768639,3768890,+,provisional
ruvB,NC_000913.3,1944346,1945356,-,provisional
racR,NC_000913.3,1419765,1420241,-,provisional
rsmC,NC_000913.3,4606669,4607700,-,provisional
oweE,NC_000913.3,1204170,1204403,+,provisional
prlC,NC_000913.3,3643140,3645182,-,provisional
yhhJ,NC_000913.3,3625679,3626803,-,provisional
bglX,NC_000913.3,2219692,2221989,-,provisional
glpG,NC_000913.3,3560622,3561452,-,provisional
mrdA,NC_000913.3,666316,668217,-,provisional
cobT,NC_000913.3,2063388,2064467,-,provisional
frdC,NC_000913.3,4379377,4379772,-,provisional
ygfK,NC_000913.3,3016060,3019158,+,provisional
nudJ,NC_000913.3,1193827,1194288,-,provisional
oppC,NC_000913.3,1303834,1304742,+,provisional
ykfB,NC_000913.3,265620,266087,-,provisional
fimZ,NC_000913.3,563848,564480,-,provisional
yfdS,NC_000913.3,2475511,2475873,+,provisional
orn,NC_000913.3,4391604,4392149,+,provisional
birA,NC_000913.3,4173082,4174047,+,provisional
uvrA,NC_000913.3,4271049,4273871,-,provisional
yghA,NC_000913.3,3149662,3150546,+,provisional
potG,NC_000913.3,894991,896124,+,provisional
thrW,NC_000913.3,262871,262946,+,provisional
chiP,NC_000913.3,708334,709740,+,provisional
nadC,NC_000913.3,117752,118645,-,provisional
gltX,NC_000913.3,2519257,2520672,-,provisional
ybiS,NC_000913.3,854824,855744,-,provisional
yhhT,NC_000913.3,3611865,3612914,+,provisional
yfeH,NC_000913.3,2526946,2527944,+,provisional
metW,NC_000913.3,2947497,2947573,+,provisional
nrfA,NC_000913.3,4287764,4289200,+,provisional
tusC,NC_000913.3,3474973,3475332,-,provisional
hypC,NC_000913.3,2851864,2852136,+,provisional
glyW,NC_000913.3,1992042,1992117,-,provisional
hybF,NC_000913.3,3139977,3140318,-,provisional
yjiX,NC_000913.3,4588876,4589079,-,provisional
ybeY,NC_000913.3,691874,692341,-,provisional
speG,NC_000913.3,1656184,1656744,+,provisional
ryhB,NC_000913.3,3580927,3581016,-,provisional
rsmJ,NC_000913.3,3642380,3643132,-,provisional
tyrU,NC_000913.3,4175472,4175556,+,provisional
ftsL,NC_000913.3,91032,91397,+,provisional
sibB,NC_000913.3,2153644,2153779,+,provisional
dapF,NC_000913.3,3994762,3995586,+,provisional
rpmE,NC_000913.3,4127013,4127225,+,provisional
gspH,NC_000913.3,3461468,3461977,+,provisional
rlmM,NC_000913.3,2940143,2941243,-,provisional
rpmH,NC_000913.3,3884336,3884476,+,provisional
yggR,NC_000913.3,3094100,3095080,-,provisional
rpmB,NC_000913.3,3811438,3811674,-,provisional
ssb,NC_000913.3,4274125,4274661,+,provisional
yoaK,NC_000913.3,1878773,1878871,+,provisional
yddW,NC_000913.3,1567504,1568823,-,provisional
fabD,NC_000913.3,1149728,1150657,+,provisional
yfiH,NC_000913.3,2734303,2735034,-,provisional
hdfR,NC_000913.3,3947128,3947967,-,provisional
thiK,NC_000913.3,1163260,1164084,+,provisional
yggC,NC_000913.3,3073976,3074689,-,provisional
yicC,NC_000913.3,3816676,3817539,+,provisional
ymfJ,NC_000913.3,1201776,1202084,-,provisional
nrdR,NC_000913.3,433002,433451,+,provisional
ybdO,NC_000913.3,636716,637618,-,provisional
sfmA,NC_000913.3,558212,558754,+,provisional
yghW,NC_000913.3,3146450,3146737,-,provisional
inaA,NC_000913.3,2348822,2349472,-,provisional
hemC,NC_000913.3,3989825,3990766,-,provisional
glyX,NC_000913.3,4392472,4392547,+,provisional
yihX,NC_000913.3,4075553,4076152,+,provisional
ypjD,NC_000913.3,2747962,2748753,+,provisional
hda,NC_000913.3,2618075,2618776,-,provisional
flk,NC_000913.3,2437950,2438945,+,provisional
htpX,NC_000913.3,1911695,1912576,-,provisional
gsiC,NC_000913.3,870967,871887,+,provisional
wzyE,NC_000913.3,3978601,3979953,+,provisional
nth,NC_000913.3,1711523,1712158,+,provisional
lpxH,NC_000913.3,553218,553940,-,provisional
waaN,NC_000913.3,1939222,1940193,-,provisional
rpmI,NC_000913.3,1799802,1799999,-,provisional
alaV,NC_000913.3,225500,225575,+,provisional
dgoK,NC_000913.3,3873596,3874474,-,provisional
motA,NC_000913.3,1976252,1977139,-,provisional
ratA,NC_000913.3,2754288,2754764,-,provisional
rbn,NC_000913.3,2381608,2382525,+,provisional
ycjX,NC_000913.3,1384117,1385514,+,provisional
yrbN,NC_000913.3,3307853,3307933,-,provisional
rsuA,NC_000913.3,2279788,2280483,-,provisional
glpT,NC_000913.3,2351016,2352374,-,provisional
livM,NC_000913.3,3594203,3595480,-,provisional
ylbA,NC_000913.3,543261,544046,-,provisional
ydjY,NC_000913.3,1834116,1834793,+,provisional
ratB,NC_000913.3,2754008,2754298,-,provisional
oxyS,NC_000913.3,4158285,4158394,-,provisional
nrdF,NC_000913.3,2803502,2804461,+,provisional
yibL,NC_000913.3,3776665,3777027,+,provisional
yhaC,NC_000913.3,3268415,3269602,+,provisional
yqeF,NC_000913.3,2984411,2985592,-,provisional
thiC,NC_000913.3,4194204,4196099,-,provisional
miaA,NC_000913.3,4399252,4400202,+,provisional
hofQ,NC_000913.3,3519465,3520703,-,provisional
hisD,NC_000913.3,2091097,2092401,+,provisional
yheO,NC_000913.3,3475718,3476440,-,provisional
ybfD,NC_000913.3,738092,738853,+,provisional
hemG,NC_000913.3,4034608,4035153,+,provisional
waaA,NC_000913.3,3808540,3809817,+,provisional
serW,NC_000913.3,925884,925971,-,provisional
rhsA,NC_000913.3,3762183,3766316,+,provisional
pepN,NC_000913.3,990622,993234,+,provisional
deoD,NC_000913.3,4620883,4621602,+,provisional
yqiB,NC_000913.3,3176858,3177280,-,provisional
argU,NC_000913.3,564723,564799,+,provisional
yraQ,NC_000913.3,3297098,3298138,-,provisional
ygbK,NC_000913.3,2862335,2863501,+,provisional
yfdR,NC_000913.3,2474984,2475520,+,provisional
alaT,NC_000913.3,4037260,4037335,+,provisional
pgi,NC_000913.3,4233758,4235407,+,provisional
mutY,NC_000913.3,3103013,3104065,+,provisional
tatA,NC_000913.3,4021945,4022214,+,provisional
uspC,NC_000913.3,1979753,1980181,+,provisional
mtgA,NC_000913.3,3349081,3349809,-,provisional
emtA,NC_000913.3,1243180,1243791,+,provisional
truB,NC_000913.3,3311833,3312777,-,provisional
ymgJ,NC_000913.3,1223264,1223449,+,provisional
glmZ,NC_000913.3,3986432,3986638,+,provisional
cutA,NC_000913.3,4365018,4365356,-,provisional
ansB,NC_000913.3,3099682,3100728,-,provisional
narZ,NC_000913.3,1538850,1542590,-,provisional
rlmD,NC_000913.3,2913699,2915000,-,provisional
paaG,NC_000913.3,1458264,1459052,+,provisional
smg,NC_000913.3,3431991,3432464,-,provisional
chrR,NC_000913.3,3894652,3895218,+,provisional
edd,NC_000913.3,1932793,1934604,-,provisional
rstA,NC_000913.3,1682159,1682878,+,provisional
phoB,NC_000913.3,417142,417831,+,provisional
pyrI,NC_000913.3,4470986,4471447,-,provisional
cybC,NC_000913.3,4459490,4459855,+,provisional
elfG,NC_000913.3,1001807,1002877,+,provisional
tatD,NC_000913.3,4023554,4024336,+,provisional
yciN,NC_000913.3,1330417,1330668,-,provisional
kdsC,NC_000913.3,3342273,3342839,+,provisional
nikA,NC_000913.3,3613667,3615241,+,provisional
dgoA,NC_000913.3,3872995,3873612,-,provisional
fsaB,NC_000913.3,4139046,4139708,-,provisional
sucC,NC_000913.3,763014,764180,+,provisional
allA,NC_000913.3,532451,532933,+,provisional
ascG,NC_000913.3,2838254,2839264,-,provisional
hyfF,NC_000913.3,2606917,2608497,+,provisional
bioB,NC_000913.3,809344,810384,+,provisional
srmB,NC_000913.3,2712896,2714230,+,provisional
ycaD,NC_000913.3,945871,947019,+,provisional
idnR,NC_000913.3,4490141,4491139,-,provisional
yccA,NC_000913.3,1030759,1031418,-,provisional
fbaA,NC_000913.3,3070165,3071244,-,provisional
mog,NC_000913.3,9306,9893,+,provisional
lpxB,NC_000913.3,203348,204496,+,provisional
metN,NC_000913.3,221614,222645,-,provisional
nudE,NC_000913.3,3525589,3526149,-,provisional
fabI,NC_000913.3,1350251,1351039,-,provisional
secB,NC_000913.3,3783661,3784128,-,provisional
yegH,NC_000913.3,2137902,2139485,+,provisional
rpsU,NC_000913.3,3210781,3210996,+,provisional
mokC,NC_000913.3,16751,16960,-,provisional
rplY,NC_000913.3,2282517,2282801,+,provisional
tyrR,NC_000913.3,1386720,1388261,+,provisional
yqaA,NC_000913.3,2816512,2816940,-,provisional
rffG,NC_000913.3,3972522,3973589,+,provisional
yobA,NC_000913.3,1924595,1924969,-,provisional
glmU,NC_000913.3,3913830,3915200,-,provisional
hpf,NC_000913.3,3346173,3346460,+,provisional
ilvE,NC_000913.3,3952484,3953413,+,provisional
hrpB,NC_000913.3,162105,164534,+,provisional
yihG,NC_000913.3,4045670,4046602,-,provisional
dmsD,NC_000913.3,1664506,1665120,+,provisional
upp,NC_000913.3,2620246,2620872,-,provisional
yddH,NC_000913.3,1533282,1533851,-,provisional
yigG,NC_000913.3,4002813,4003193,-,provisional
ypfJ,NC_000913.3,2595874,2596737,-,provisional
gcl,NC_000913.3,533916,535697,+,provisional
mnmE,NC_000913.3,3886828,3888192,+,provisional
nanE,NC_000913.3,3370347,3371036,-,provisional
rsxB,NC_000913.3,1706348,1706926,+,provisional
ampD,NC_000913.3,118733,119284,+,provisional
arpB,NC_000913.3,1803094,1804993,+,provisional
yfjD,NC_000913.3,2748774,2750060,+,provisional
aspV,NC_000913.3,236931,237007,+,provisional
purA,NC_000913.3,4404687,4405985,+,provisional
yifN,NC_000913.3,3960012,3960460,-,provisional
kilR,NC_000913.3,1418008,1418229,-,provisional
mdtH,NC_000913.3,1124118,1125326,-,provisional
uhpB,NC_000913.3,3848634,3850136,-,provisional
mreD,NC_000913.3,3398387,3398875,-,provisional
serX,NC_000913.3,1097565,1097652,-,provisional
fdnG,NC_000913.3,1547401,1550448,+,provisional
xylR,NC_000913.3,3734979,3736157,+,provisional
nrfF,NC_000913.3,4293163,4293546,+,provisional
yhbQ,NC_000913.3,3299966,3300268,+,provisional
hsrA,NC_000913.3,3939185,3940612,-,provisional
nsrR,NC_000913.3,4406190,4406615,+,provisional
pepQ,NC_000913.3,4031161,4032492,+,provisional
gmk,NC_000913.3,3821428,3822051,+,provisional
cyoE,NC_000913.3,446815,447705,-,provisional
ada,NC_000913.3,2309341,2310405,-,provisional
ydiK,NC_000913.3,1769074,1770186,+,provisional
nrdD,NC_000913.3,4460522,4462660,-,provisional
yphA,NC_000913.3,2673346,2673768,+,provisional
umuC,NC_000913.3,1231186,1232454,+,provisional
lomR,NC_000913.3,1427389,1427598,+,provisional
lomR,NC_000913.3,1428795,1428984,+,provisional
ybbL,NC_000913.3,515919,516596,+,provisional
mdtQ,NC_000913.3,2227323,2228758,-,provisional
oppA,NC_000913.3,1301182,1302813,+,provisional
sgcR,NC_000913.3,4526106,4526888,-,provisional
mazG,NC_000913.3,2909894,2910685,-,provisional
btuF,NC_000913.3,177662,178462,-,provisional
coaD,NC_000913.3,3809825,3810304,+,provisional
panD,NC_000913.3,146314,146694,-,provisional
nirD,NC_000913.3,3496551,3496877,+,provisional
lepB,NC_000913.3,2704335,2705309,-,provisional
rpsR,NC_000913.3,4425839,4426066,+,provisional
mcrC,NC_000913.3,4576912,4577958,-,provisional
eno,NC_000913.3,2906643,2907941,-,provisional
mdaB,NC_000913.3,3172530,3173111,+,provisional
ubiC,NC_000913.3,4252506,4253003,+,provisional
gapC,NC_000913.3,1489713,1490713,-,provisional
ycjT,NC_000913.3,1377884,1380151,+,provisional
ygfZ,NC_000913.3,3041313,3042293,+,provisional
rlmA,NC_000913.3,1906251,1907060,-,provisional
hemY,NC_000913.3,3986686,3987882,-,provisional
pcnB,NC_000913.3,157729,159126,-,provisional
rplW,NC_000913.3,3451382,3451684,-,provisional
yceO,NC_000913.3,1119307,1119447,-,provisional
yqjH,NC_000913.3,3215727,3216491,-,provisional
ygdQ,NC_000913.3,2970420,2971133,+,provisional
thrB,NC_000913.3,2801,3733,+,provisional
ung,NC_000913.3,2716754,2717443,+,provisional
ileV,NC_000913.3,225381,225457,+,provisional
rnpB,NC_000913.3,3270216,3270592,-,provisional
csrA,NC_000913.3,2818961,2819146,-,provisional
cof,NC_000913.3,467412,468230,+,provisional
slt,NC_000913.3,4630733,4632670,+,provisional
manX,NC_000913.3,1902048,1903019,+,provisional
rph,NC_000913.3,3815834,3816549,-,provisional
cydD,NC_000913.3,929196,930962,-,provisional
yciX,NC_000913.3,1335291,1335458,+,provisional
fdnI,NC_000913.3,1551338,1551991,+,provisional
deoB,NC_000913.3,4619603,4620826,+,provisional
rna,NC_000913.3,644197,645003,-,provisional
yghT,NC_000913.3,3134131,3134823,+,provisional
bamC,NC_000913.3,2597831,2598865,-,provisional
yrhA,NC_000913.3,3583038,3583418,+,provisional
yrhA,NC_000913.3,3584196,3584309,+,provisional
fis,NC_000913.3,3411271,3411567,+,provisional
putP,NC_000913.3,1079305,1080813,+,provisional
exuR,NC_000913.3,3246652,3247428,+,provisional
mazF,NC_000913.3,2910756,2911091,-,provisional
eutR,NC_000913.3,2554130,2555182,-,provisional
glpR,NC_000913.3,3559848,3560605,-,provisional
ykgH,NC_000913.3,324696,325364,-,provisional
chaA,NC_000913.3,1270749,1271849,-,provisional
ydhS,NC_000913.3,1747131,1748735,+,provisional
dadA,NC_000913.3,1237571,1238869,+,provisional
cspH,NC_000913.3,1050963,1051175,-,provisional
gcvB,NC_000913.3,2942696,2942901,+,provisional
rnd,NC_000913.3,1886864,1887991,-,provisional
rfbD,NC_000913.3,2111077,2111976,-,provisional
leuT,NC_000913.3,3982606,3982692,+,provisional
yraI,NC_000913.3,3288090,3288785,+,provisional
uof,NC_000913.3,710639,710725,-,provisional
acpP,NC_000913.3,1151615,1151851,+,provisional
fucA,NC_000913.3,2933041,2933688,-,provisional
argY,NC_000913.3,2818198,2818274,-,provisional
fecC,NC_000913.3,4512411,4513409,-,provisional
rpsP,NC_000913.3,2745937,2746185,-,provisional
yjaG,NC_000913.3,4199504,4200094,+,provisional
yoaI,NC_000913.3,1874078,1874182,-,provisional
atoE,NC_000913.3,2324756,2326078,+,provisional
ybgA,NC_000913.3,739001,739510,+,provisional
metT,NC_000913.3,697057,697133,-,provisional
tesB,NC_000913.3,474301,475161,-,provisional
modE,NC_000913.3,793856,794644,-,provisional
rpsG,NC_000913.3,3473542,3474081,-,provisional
anmK,NC_000913.3,1718493,1719602,-,provisional
rnc,NC_000913.3,2703383,2704063,-,provisional
idi,NC_000913.3,3033065,3033613,+,provisional
yccB,NC_000913.3,1040445,1040537,+,provisional
ycfP,NC_000913.3,1165143,1165685,+,provisional
ycfZ,NC_000913.3,1180479,1181267,-,provisional
yjdP,NC_000913.3,4313868,4314197,+,provisional
zapA,NC_000913.3,3055612,3055941,+,provisional
bax,NC_000913.3,3736353,3737177,-,provisional
ybbD,NC_000913.3,528640,529130,+,provisional
fldB,NC_000913.3,3039855,3040376,+,provisional
pgpA,NC_000913.3,436589,437107,+,provisional
yedL,NC_000913.3,2010600,2011079,+,provisional
curA,NC_000913.3,1519027,1520064,+,provisional
dcuC,NC_000913.3,654583,655968,-,provisional
valZ,NC_000913.3,781068,781143,+,provisional
gcvH,NC_000913.3,3049160,3049549,-,provisional
holD,NC_000913.3,4607803,4608216,+,provisional
clsA,NC_000913.3,1307185,1308645,-,provisional
yhhL,NC_000913.3,3604979,3605248,+,provisional
radA,NC_000913.3,4625912,4627294,+,provisional
yegQ,NC_000913.3,2165668,2167029,+,provisional
ybaO,NC_000913.3,468383,468841,+,provisional
ycgM,NC_000913.3,1228079,1228738,+,provisional
yciV,NC_000913.3,1323220,1324101,+,provisional
rplL,NC_000913.3,4180560,4180925,+,provisional
ynbE,NC_000913.3,1445687,1445872,+,provisional
puuE,NC_000913.3,1365550,1366815,+,provisional
creB,NC_000913.3,4636007,4636696,+,provisional
yggN,NC_000913.3,3100904,3101623,-,provisional
lipA,NC_000913.3,659251,660216,-,provisional
rnlB,NC_000913.3,2766984,2767355,+,provisional
rpmF,NC_000913.3,1147367,1147540,+,provisional
tfaS,NC_000913.3,2470815,2471105,+,provisional
tktB,NC_000913.3,2579636,2581639,+,provisional
torS,NC_000913.3,1053434,1056178,-,provisional
cusC,NC_000913.3,595600,596973,+,provisional
btuD,NC_000913.3,1792809,1793558,-,provisional
yghF,NC_000913.3,3112093,3112941,-,provisional
prfB,NC_000913.3,3035184,3036282,-,provisional
acrZ,NC_000913.3,794773,794922,+,provisional
ydfD,NC_000913.3,1649794,1649985,+,provisional
entH,NC_000913.3,629300,629713,+,provisional
pstA,NC_000913.3,3908549,3909439,-,provisional
ysaD,NC_000913.3,3750918,3751109,+,provisional
insQ,NC_000913.3,1503717,1504865,+,provisional
yiiX,NC_000913.3,4127286,4127894,-,provisional
rdlA,NC_000913.3,1269323,1269389,+,provisional
yfgJ,NC_000913.3,2635599,2635814,-,provisional
thiE,NC_000913.3,4193569,4194204,-,provisional
rsxD,NC_000913.3,1709142,1710200,+,provisional
rzpQ,NC_000913.3,1639030,1639527,-,provisional
fhuA,NC_000913.3,167484,169727,+,provisional
tyrS,NC_000913.3,1715948,1717222,-,provisional
rpoD,NC_000913.3,3213047,3214888,+,provisional
ydcA,NC_000913.3,1491677,1491850,+,provisional
metH,NC_000913.3,4223828,4227511,+,provisional
rnpA,NC_000913.3,3884493,3884852,+,provisional
marB,NC_000913.3,1619989,1620207,+,provisional
clsB,NC_000913.3,822498,823739,-,provisional
evgA,NC_000913.3,2483755,2484369,+,provisional
proK,NC_000913.3,3708616,3708692,-,provisional
yeaK,NC_000913.3,1873574,1874077,+,provisional
rusA,NC_000913.3,573371,573733,+,provisional
murA,NC_000913.3,3335235,3336494,-,provisional
pitA,NC_000913.3,3637642,3639141,+,provisional
sdsR,NC_000913.3,1923164,1923284,-,provisional
yfgI,NC_000913.3,2630326,2630865,+,provisional
yhfA,NC_000913.3,3485414,3485818,-,provisional
tusA,NC_000913.3,3608751,3608996,-,provisional
dinI,NC_000913.3,1121242,1121487,-,provisional
rplM,NC_000913.3,3378223,3378651,-,provisional
znuC,NC_000913.3,1942662,1943417,+,provisional
argF,NC_000913.3,289301,290305,-,provisional
pheU,NC_000913.3,4362551,4362626,-,provisional
yhjD,NC_000913.3,3673362,3674375,+,provisional
clpS,NC_000913.3,922913,923233,+,provisional
tdh,NC_000913.3,3790320,3791345,-,provisional
nrfD,NC_000913.3,4290476,4291432,+,provisional
dinQ,NC_000913.3,3647705,3647833,-,provisional
wcaL,NC_000913.3,2115907,2117127,-,provisional
holE,NC_000913.3,1925108,1925338,+,provisional
gpr,NC_000913.3,3147897,3148937,+,provisional
ymgF,NC_000913.3,1218983,1219201,+,provisional
asnT,NC_000913.3,2044549,2044624,+,provisional
hisC,NC_000913.3,2092398,2093468,+,provisional
fadR,NC_000913.3,1234938,1235657,+,provisional
yneK,NC_000913.3,1615763,1616878,+,provisional
higB,NC_000913.3,3234141,3234455,-,provisional
yggI,NC_000913.3,3089755,3090252,+,provisional
mnmG,NC_000913.3,3923744,3925633,-,provisional
rpsJ,NC_000913.3,3452959,3453270,-,provisional
frvA,NC_000913.3,4092377,4092823,-,provisional
tatB,NC_000913.3,4022218,4022733,+,provisional
iscX,NC_000913.3,2656536,2656736,-,provisional
yefM,NC_000913.3,2089462,2089713,-,provisional
sthA,NC_000913.3,4159390,4160790,-,provisional
ydgH,NC_000913.3,1678427,1679371,+,provisional
alaW,NC_000913.3,2518156,2518231,-,provisional
slmA,NC_000913.3,3814494,3815090,+,provisional
yjfK,NC_000913.3,4411302,4411961,+,provisional
ynfH,NC_000913.3,1663609,1664463,+,provisional
sodC,NC_000913.3,1724134,1724655,-,provisional
yihA,NC_000913.3,4050133,4050765,-,provisional
glnW,NC_000913.3,696756,696830,-,provisional
gmhB,NC_000913.3,222833,223408,+,provisional
iscA,NC_000913.3,2659563,2659886,-,provisional
ybhN,NC_000913.3,821542,822498,-,provisional
yfjS,NC_000913.3,2770681,2771124,+,provisional
acrB,NC_000913.3,481254,484403,-,provisional
ecnB,NC_000913.3,4376553,4376699,+,provisional
yebG,NC_000913.3,1930457,1930747,-,provisional
ylcH,NC_000913.3,572368,572469,+,provisional
scpB,NC_000913.3,3063993,3064778,+,provisional
nadD,NC_000913.3,669931,670572,-,provisional
fhuF,NC_000913.3,4604875,4605663,-,provisional
chpS,NC_000913.3,4448447,4448698,+,provisional
elbB,NC_000913.3,3349806,3350459,-,provisional
ytfP,NC_000913.3,4447894,4448235,+,provisional
mntR,NC_000913.3,853183,853650,+,provisional
rhaT,NC_000913.3,4099491,4100525,-,provisional
yniC,NC_000913.3,1809380,1810048,+,provisional
yfgC,NC_000913.3,2616094,2617557,+,provisional
rpsD,NC_000913.3,3441055,3441675,-,provisional
glnB,NC_000913.3,2687070,2687408,-,provisional
alx,NC_000913.3,3238580,3239545,+,provisional
truA,NC_000913.3,2434824,2435636,-,provisional
pdxK,NC_000913.3,2536386,2537237,-,provisional
yeeO,NC_000913.3,2058203,2059690,-,provisional
basS,NC_000913.3,4332181,4333272,-,provisional
ivy,NC_000913.3,240343,240816,+,provisional
flxA,NC_000913.3,1646405,1646737,+,provisional
ytfI,NC_000913.3,4437707,4438645,+,provisional
cobC,NC_000913.3,669296,669907,-,provisional
mltF,NC_000913.3,2695801,2697357,+,provisional
fabG,NC_000913.3,1150670,1151404,+,provisional
pdxA,NC_000913.3,52427,53416,-,provisional
intR,NC_000913.3,1412000,1413235,-,provisional
yhbE,NC_000913.3,3331770,3332735,-,provisional
valT,NC_000913.3,780765,780840,+,provisional
rsfS,NC_000913.3,668719,669036,-,provisional
spf,NC_000913.3,4049899,4050007,+,provisional
valV,NC_000913.3,1746435,1746511,+,provisional
ydhL,NC_000913.3,1725681,1725920,-,provisional
hisF,NC_000913.3,2095844,2096620,+,provisional
livF,NC_000913.3,3592724,3593437,-,provisional
gltW,NC_000913.3,2729369,2729444,-,provisional
pncC,NC_000913.3,2823849,2824346,-,provisional
rplN,NC_000913.3,3447778,3448149,-,provisional
rpsN,NC_000913.3,3446579,3446884,-,provisional
yccS,NC_000913.3,1021730,1023883,-,provisional
ydcV,NC_000913.3,1514762,1515556,+,provisional
argK,NC_000913.3,3062987,3063982,+,provisional
pyrF,NC_000913.3,1341921,1342658,+,provisional
fabR,NC_000913.3,4161124,4161771,+,provisional
gluQ,NC_000913.3,159186,160112,-,provisional
tabA,NC_000913.3,4474862,4475314,+,provisional
ycaR,NC_000913.3,970673,970855,+,provisional
ybaN,NC_000913.3,490882,491259,+,provisional
rpmA,NC_000913.3,3332862,3333119,-,provisional
leuW,NC_000913.3,696963,697047,-,provisional
phr,NC_000913.3,739507,740925,+,provisional
yibQ,NC_000913.3,3788101,3789060,+,provisional
cysB,NC_000913.3,1333855,1334829,+,provisional
rhtC,NC_000913.3,4007757,4008377,+,provisional
kdsA,NC_000913.3,1268165,1269019,+,provisional
gor,NC_000913.3,3646299,3647651,+,provisional
fdhE,NC_000913.3,4080299,4081228,-,provisional
gpt,NC_000913.3,255977,256435,+,provisional
hofC,NC_000913.3,114522,115724,-,provisional
ribA,NC_000913.3,1338570,1339160,-,provisional
yagB,NC_000913.3,280427,280735,-,provisional
yqfA,NC_000913.3,3042489,3043148,-,provisional
ryeA,NC_000913.3,1923066,1923314,+,provisional
nudK,NC_000913.3,2582903,2583478,-,provisional
nikR,NC_000913.3,3618588,3618989,+,provisional
bglJ,NC_000913.3,4604160,4604837,+,provisional
trpE,NC_000913.3,1321384,1322946,-,provisional
yjiY,NC_000913.3,4589129,4591279,-,provisional
yeeY,NC_000913.3,2087329,2088258,-,provisional
puuP,NC_000913.3,1357802,1359187,-,provisional
yacH,NC_000913.3,129407,131260,-,provisional
ydhP,NC_000913.3,1736121,1737290,-,provisional
parC,NC_000913.3,3163715,3165973,-,provisional
ampH,NC_000913.3,395130,396287,-,provisional
murB,NC_000913.3,4172057,4173085,+,provisional
sfsA,NC_000913.3,160782,161486,-,provisional
tff,NC_000913.3,189712,189847,+,provisional
leuV,NC_000913.3,4606079,4606165,-,provisional
ybiC,NC_000913.3,836351,837436,+,provisional
ddlB,NC_000913.3,102233,103153,+,provisional
intE,NC_000913.3,1199679,1200806,-,provisional
lysQ,NC_000913.3,781577,781652,+,provisional
rrsB,NC_000913.3,4166659,4168200,+,provisional
yibT,NC_000913.3,3776171,3776380,-,provisional
yjbD,NC_000913.3,4231359,4231631,-,provisional
yhaK,NC_000913.3,3254319,3255020,+,provisional
argP,NC_000913.3,3059753,3060646,+,provisional
tsf,NC_000913.3,190857,191708,+,provisional
yjfF,NC_000913.3,4453583,4454578,+,provisional
xanQ,NC_000913.3,3024351,3025751,+,provisional
mgtA,NC_000913.3,4467625,4470321,+,provisional
syd,NC_000913.3,2924735,2925280,-,provisional
racC,NC_000913.3,1417488,1417763,-,provisional
yajD,NC_000913.3,430605,430952,+,provisional
pal,NC_000913.3,779067,779588,+,provisional
caiB,NC_000913.3,37898,39115,-,provisional
thrT,NC_000913.3,4175754,4175829,+,provisional
purP,NC_000913.3,3895272,3896609,-,provisional
yhjC,NC_000913.3,3672414,3673313,+,provisional
manZ,NC_000913.3,1903895,1904746,+,provisional
argG,NC_000913.3,3318637,3319980,+,provisional
gntX,NC_000913.3,3544882,3545565,+,provisional
valX,NC_000913.3,2521051,2521126,+,provisional
ulaR,NC_000913.3,4417698,4418453,-,provisional
eutP,NC_000913.3,2574978,2575457,-,provisional
yhfU,NC_000913.3,3507348,3507701,-,provisional
yhbY,NC_000913.3,3327790,3328083,+,provisional
hyfA,NC_000913.3,2601201,2601818,+,provisional
ghrA,NC_000913.3,1097886,1098824,+,provisional
pyrD,NC_000913.3,1004768,1005778,+,provisional
barA,NC_000913.3,2915057,2917813,+,provisional
livH,NC_000913.3,3595477,3596403,-,provisional
araA,NC_000913.3,66835,68337,-,provisional
rpsK,NC_000913.3,3441709,3442098,-,provisional
serT,NC_000913.3,1031625,1031712,-,provisional
slyX,NC_000913.3,3477640,3477858,+,provisional
ybdR,NC_000913.3,642088,643326,+,provisional
yebQ,NC_000913.3,1910276,1911649,+,provisional
lptC,NC_000913.3,3342836,3343411,+,provisional
ymgI,NC_000913.3,1222990,1223163,-,provisional
metJ,NC_000913.3,4128078,4128395,-,provisional
xanP,NC_000913.3,3828945,3830336,+,provisional
uvrD,NC_000913.3,3997983,4000145,+,provisional
ygfQ,NC_000913.3,3027121,3028488,+,provisional
yjjW,NC_000913.3,4614680,4615543,-,provisional
smf,NC_000913.3,3432436,3433560,-,provisional
hiuH,NC_000913.3,2038956,2039369,+,provisional
artJ,NC_000913.3,899844,900575,-,provisional
csdA,NC_000913.3,2943337,2944542,+,provisional
nrdE,NC_000913.3,2801348,2803492,+,provisional
marR,NC_000913.3,1619120,1619554,+,provisional
mioC,NC_000913.3,3926012,3926455,-,provisional
ymdA,NC_000913.3,1105414,1105725,+,provisional
yccX,NC_000913.3,1030064,1030342,+,provisional
insA,NC_000913.3,20233,20508,-,provisional
insA,NC_000913.3,279600,279875,-,provisional
insA,NC_000913.3,291071,291346,-,provisional
insA,NC_000913.3,1049833,1050108,+,provisional
insA,NC_000913.3,1978940,1979215,-,provisional
insA,NC_000913.3,3583483,3583758,+,provisional
insA,NC_000913.3,4518527,4518802,+,provisional
yeaL,NC_000913.3,1874352,1874798,+,provisional
ytfA,NC_000913.3,4427694,4428095,+,provisional
trmI,NC_000913.3,3102133,3102852,-,provisional
nlpD,NC_000913.3,2867614,2868753,-,provisional
lysZ,NC_000913.3,781369,781444,+,provisional
panE,NC_000913.3,443604,444515,-,provisional
folB,NC_000913.3,3204221,3204589,-,provisional
trpS,NC_000913.3,3512634,3513638,-,provisional
ymdF,NC_000913.3,1068081,1068254,+,provisional
ydjO,NC_000913.3,1812329,1813132,-,provisional
clsC,NC_000913.3,1106355,1107776,+,provisional
nagZ,NC_000913.3,1164095,1165120,+,provisional
yjbH,NC_000913.3,4237634,4239730,+,provisional
yqfB,NC_000913.3,3043312,3043623,-,provisional
torI,NC_000913.3,2476310,2476510,+,provisional
yncH,NC_000913.3,1526940,1527152,+,provisional
ulaD,NC_000913.3,4422186,4422836,+,provisional
ydcP,NC_000913.3,1506781,1508742,+,provisional
yncJ,NC_000913.3,1508834,1509064,-,provisional
hyfG,NC_000913.3,2608487,2610154,+,provisional
yliF,NC_000913.3,875335,876663,+,provisional
napC,NC_000913.3,2297657,2298259,-,provisional
hokB,NC_000913.3,1491922,1492071,-,provisional
yciA,NC_000913.3,1311848,1312246,-,provisional
metV,NC_000913.3,2947607,2947683,+,provisional
ascB,NC_000913.3,2840990,2842414,+,provisional
hybG,NC_000913.3,3139716,3139964,-,provisional
intF,NC_000913.3,295696,297096,-,provisional
sibC,NC_000913.3,3056849,3056988,+,provisional
rsmB,NC_000913.3,3435207,3436496,+,provisional
kdpB,NC_000913.3,724988,727036,-,provisional
yjcB,NC_000913.3,4274760,4275041,-,provisional
yidB,NC_000913.3,3877067,3877465,-,provisional
pptA,NC_000913.3,1533052,1533285,+,provisional
menC,NC_000913.3,2375000,2375962,-,provisional
yqeG,NC_000913.3,2985847,2987076,+,provisional
zapB,NC_000913.3,4118515,4118760,+,provisional
rimM,NC_000913.3,2745370,2745918,-,provisional
waaQ,NC_000913.3,3807064,3808098,-,provisional
fhuD,NC_000913.3,170575,171465,+,provisional
yaiA,NC_000913.3,406979,407170,+,provisional
ygcP,NC_000913.3,2894196,2894771,+,provisional
moaD,NC_000913.3,819048,819293,+,provisional
arcZ,NC_000913.3,3350577,3350697,+,provisional
ispF,NC_000913.3,2871301,2871780,-,provisional
yhgA,NC_000913.3,3543167,3544045,+,provisional
bioH,NC_000913.3,3544074,3544844,-,provisional
murP,NC_000913.3,2546673,2548097,+,provisional
valU,NC_000913.3,2520931,2521006,+,provisional
cfa,NC_000913.3,1741413,1742561,+,provisional
nrdH,NC_000913.3,2800723,2800968,+,provisional
yjiA,NC_000913.3,4587909,4588865,-,provisional
iraD,NC_000913.3,4556993,4557385,+,provisional
yhaJ,NC_000913.3,3253318,3254214,-,provisional
ylcI,NC_000913.3,580251,580445,-,provisional
cbeA,NC_000913.3,2077112,2077480,+,provisional
prmA,NC_000913.3,3409070,3409951,+,provisional
ydcK,NC_000913.3,1499469,1500449,-,provisional
tolQ,NC_000913.3,775153,775845,+,provisional
ibsD,NC_000913.3,3194766,3194825,+,provisional
insD1,NC_000913.3,381674,382579,+,provisional
insD1,NC_000913.3,1467921,1468826,-,provisional
insD1,NC_000913.3,1650845,1651537,+,provisional
insD1,NC_000913.3,2068952,2069857,-,provisional
insD1,NC_000913.3,2996372,2997277,-,provisional
insD1,NC_000913.3,3186510,3187415,+,provisional
insD1,NC_000913.3,4498595,4499500,+,provisional
yrdD,NC_000913.3,3431420,3431962,-,provisional
yajO,NC_000913.3,437161,438135,-,provisional
nagC,NC_000913.3,700374,701594,-,provisional
recJ,NC_000913.3,3036373,3038106,-,provisional
ribE,NC_000913.3,434647,435117,+,provisional
frwC,NC_000913.3,4142530,4143609,+,provisional
yggD,NC_000913.3,3074686,3075195,-,provisional
metU,NC_000913.3,696664,696740,-,provisional
acpS,NC_000913.3,2700618,2700998,-,provisional
yhcO,NC_000913.3,3385857,3386129,-,provisional
ylbE,NC_000913.3,548357,549616,+,provisional
cmk,NC_000913.3,961201,961884,+,provisional
kdgR,NC_000913.3,1909308,1910099,-,provisional
pyrL,NC_000913.3,4472399,4472533,-,provisional
tfaX,NC_000913.3,582953,583135,+,provisional
alaX,NC_000913.3,2518041,2518116,-,provisional
lsrF,NC_000913.3,1606100,1606975,+,provisional
gpmA,NC_000913.3,786843,787595,-,provisional
rnt,NC_000913.3,1728347,1728994,+,provisional
yhdY,NC_000913.3,3421325,3422428,+,provisional
yfhR,NC_000913.3,2664390,2665244,+,provisional
ybiY,NC_000913.3,862612,863511,-,provisional
dxs,NC_000913.3,438315,440177,-,provisional
marA,NC_000913.3,1619574,1619957,+,provisional
leuU,NC_000913.3,3322072,3322158,-,provisional
yahC,NC_000913.3,334525,335022,-,provisional
gltT,NC_000913.3,4168372,4168447,+,provisional
yqjF,NC_000913.3,3250562,3250954,+,provisional
modC,NC_000913.3,796554,797612,+,provisional
mutT,NC_000913.3,111044,111433,+,provisional
yjiG,NC_000913.3,4559539,4560000,-,provisional
aceA,NC_000913.3,4217109,4218413,+,provisional
glpX,NC_000913.3,4114569,4115579,-,provisional
infC,NC_000913.3,1800096,1800638,-,provisional
purK,NC_000913.3,551527,552594,-,provisional
rpsL,NC_000913.3,3474178,3474552,-,provisional
yodC,NC_000913.3,2028188,2028370,-,provisional
alkA,NC_000913.3,2146692,2147540,-,provisional
fucR,NC_000913.3,2939368,2940099,+,provisional
dnaG,NC_000913.3,3211107,3212852,+,provisional
dinD,NC_000913.3,3817760,3818584,+,provisional
zntR,NC_000913.3,3438705,3439130,-,provisional
ygeN,NC_000913.3,2995314,2996020,-,provisional
ppdD,NC_000913.3,117109,117549,-,provisional
hyfH,NC_000913.3,2610164,2610709,+,provisional
mqsR,NC_000913.3,3168248,3168544,-,provisional
glyQ,NC_000913.3,3724407,3725318,-,provisional
yojI,NC_000913.3,2306972,2308615,-,provisional
puuD,NC_000913.3,1361120,1361884,+,provisional
mpaA,NC_000913.3,1389870,1390598,-,provisional
hybE,NC_000913.3,3140311,3140799,-,provisional
ypfG,NC_000913.3,2581734,2582777,-,provisional
dedA,NC_000913.3,2434082,2434741,-,provisional
yaaU,NC_000913.3,45807,47138,+,provisional
mtr,NC_000913.3,3304573,3305817,-,provisional
yfjL,NC_000913.3,2763537,2765153,-,provisional
dtd,NC_000913.3,4077015,4077452,+,provisional
acpT,NC_000913.3,3612969,3613556,+,provisional
prpD,NC_000913.3,351215,352666,+,provisional
yiiF,NC_000913.3,4079751,4079969,+,provisional
nadK,NC_000913.3,2750831,2751709,+,provisional
yebS,NC_000913.3,1916258,1917541,+,provisional
yjhV,NC_000913.3,4509804,4510133,+,provisional
ynjE,NC_000913.3,1839467,1840774,+,provisional
thiD,NC_000913.3,2183716,2184516,-,provisional
ymbA,NC_000913.3,1014896,1015459,+,provisional
rcdA,NC_000913.3,887423,887959,+,provisional
epmB,NC_000913.3,4374629,4375657,-,provisional
secG,NC_000913.3,3322173,3322505,-,provisional
ihfA,NC_000913.3,1795253,1795552,-,provisional
coaE,NC_000913.3,112599,113219,-,provisional
nfsA,NC_000913.3,891184,891906,+,provisional
rsmG,NC_000913.3,3923057,3923680,-,provisional
sbcD,NC_000913.3,415750,416952,-,provisional
puuB,NC_000913.3,1364232,1365512,+,provisional
yafC,NC_000913.3,229967,230881,-,provisional
ybfF,NC_000913.3,712038,712802,-,provisional
rnlA,NC_000913.3,2765918,2766991,+,provisional
ileU,NC_000913.3,3427076,3427152,-,provisional
shoB,NC_000913.3,2700117,2700197,-,provisional
dtpD,NC_000913.3,741075,742556,-,provisional
tmcA,NC_000913.3,2593844,2595859,-,provisional
ycaQ,NC_000913.3,969389,970621,+,provisional
ydgC,NC_000913.3,1681695,1682030,-,provisional
ydiS,NC_000913.3,1781395,1782684,+,provisional
pabB,NC_000913.3,1894805,1896166,+,provisional
aaeX,NC_000913.3,3389134,3389337,-,provisional
yegK,NC_000913.3,2151711,2152472,-,provisional
infA,NC_000913.3,926225,926443,-,provisional
yfjR,NC_000913.3,2769703,2770404,+,provisional
mngA,NC_000913.3,765984,767960,+,provisional
ybcN,NC_000913.3,572466,572921,+,provisional
lldP,NC_000913.3,3777399,3779054,+,provisional
murG,NC_000913.3,99644,100711,+,provisional
yccU,NC_000913.3,1027946,1028359,+,provisional
yeaC,NC_000913.3,1861702,1861974,-,provisional
aceB,NC_000913.3,4215478,4217079,+,provisional
yraR,NC_000913.3,3298211,3298846,-,provisional
ymfR,NC_000913.3,1205549,1205731,+,provisional
fau,NC_000913.3,3056241,3056789,+,provisional
galS,NC_000913.3,2240628,2241668,-,provisional
tisB,NC_000913.3,3853553,3853642,+,provisional
sdaC,NC_000913.3,2928229,2929518,+,provisional
rplU,NC_000913.3,3333140,3333451,-,provisional
iscS,NC_000913.3,2660317,2661531,-,provisional
sgrR,NC_000913.3,75644,77299,-,provisional
eda,NC_000913.3,1932115,1932756,-,provisional
yejE,NC_000913.3,2275273,2276298,+,provisional
adhE,NC_000913.3,1295446,1298121,-,provisional
yegW,NC_000913.3,2182035,2182781,-,provisional
rplC,NC_000913.3,3452297,3452926,-,provisional
yhcB,NC_000913.3,3380191,3380589,+,provisional
nanK,NC_000913.3,3369475,3370350,-,provisional
tesA,NC_000913.3,519139,519765,-,provisional
cohE,NC_000913.3,1202259,1202933,-,provisional
dksA,NC_000913.3,160149,160604,-,provisional
narK,NC_000913.3,1277957,1279348,+,provisional
quuD,NC_000913.3,573956,574339,+,provisional
yfcL,NC_000913.3,2443891,2444169,-,provisional
yddG,NC_000913.3,1546288,1547169,-,provisional
ibsA,NC_000913.3,2153349,2153408,-,provisional
fliQ,NC_000913.3,2022616,2022885,+,provisional
hemA,NC_000913.3,1263714,1264970,+,provisional
rpoE,NC_000913.3,2709437,2710012,-,provisional
damX,NC_000913.3,3516020,3517306,-,provisional
ydhX,NC_000913.3,1750345,1751013,-,provisional
ulaB,NC_000913.3,4421393,4421698,+,provisional
yehR,NC_000913.3,2211225,2211686,+,provisional
yaeI,NC_000913.3,184257,185069,-,provisional
yhhM,NC_000913.3,3605251,3605610,-,provisional
hicA,NC_000913.3,1509286,1509462,+,provisional
msrC,NC_000913.3,1915631,1916128,-,provisional
rpoB,NC_000913.3,4181245,4185273,+,provisional
fic,NC_000913.3,3490861,3491463,-,provisional
bioD,NC_000913.3,812270,812947,+,provisional
ychN,NC_000913.3,1273246,1273599,-,provisional
yaaJ,NC_000913.3,6529,7959,-,provisional
mtlA,NC_000913.3,3772281,3774194,+,provisional
ybaV,NC_000913.3,463937,464308,+,provisional
ybjQ,NC_000913.3,904593,904916,+,provisional
yjdQ,NC_000913.3,4362191,4362353,-,provisional
prpB,NC_000913.3,348682,349572,+,provisional
tauB,NC_000913.3,386207,386974,+,provisional
garK,NC_000913.3,3270625,3271770,-,provisional
dinG,NC_000913.3,833070,835220,+,provisional
rpsO,NC_000913.3,3311415,3311684,-,provisional
yjeV,NC_000913.3,4392892,4392945,+,provisional
mhpR,NC_000913.3,367587,368420,-,provisional
arrS,NC_000913.3,3657986,3658054,-,provisional
asnC,NC_000913.3,3926545,3927003,-,provisional
cysI,NC_000913.3,2888387,2890099,-,provisional
gltU,NC_000913.3,3943435,3943510,+,provisional
hrpA,NC_000913.3,1483061,1486963,+,provisional
intA,NC_000913.3,2756159,2757400,+,provisional
psrD,NC_000913.3,1146589,1146757,+,provisional
rseB,NC_000913.3,2707798,2708754,-,provisional
tatC,NC_000913.3,4022736,4023512,+,provisional
ygbF,NC_000913.3,2878569,2878853,-,provisional
menF,NC_000913.3,2379348,2380643,-,provisional
cysA,NC_000913.3,2539717,2540814,-,provisional
glnA,NC_000913.3,4056625,4058034,-,provisional
yoaJ,NC_000913.3,1878874,1878948,+,provisional
yffL,NC_000913.3,2560257,2560898,+,provisional
intS,NC_000913.3,2466545,2467702,+,provisional
yhcM,NC_000913.3,3378870,3379997,-,provisional
dnaX,NC_000913.3,492092,494023,+,provisional
dmsB,NC_000913.3,943414,944031,+,provisional
rlmE,NC_000913.3,3327035,3327664,-,provisional
yecT,NC_000913.3,1961972,1962460,+,provisional
crr,NC_000913.3,2535834,2536343,+,provisional
serV,NC_000913.3,2818553,2818645,-,provisional
pheL,NC_000913.3,2737599,2737646,+,provisional
trmJ,NC_000913.3,2662583,2663323,-,provisional
hmp,NC_000913.3,2685835,2687025,+,provisional
yehY,NC_000913.3,2217400,2218557,-,provisional
rpsT,NC_000913.3,20815,21078,-,provisional
panC,NC_000913.3,147944,148795,-,provisional
yjhB,NC_000913.3,4504058,4505275,+,provisional
yafU,NC_000913.3,238746,239102,-,provisional
holA,NC_000913.3,670574,671605,-,provisional
ygjQ,NC_000913.3,3236540,3237232,+,provisional
valY,NC_000913.3,2521173,2521248,+,provisional
cynS,NC_000913.3,359489,359959,+,provisional
ydjX,NC_000913.3,1833401,1834111,+,provisional
leuC,NC_000913.3,79464,80864,-,provisional
agaS,NC_000913.3,3281976,3283130,+,provisional
yceG,NC_000913.3,1154112,1155134,+,provisional
hupA,NC_000913.3,4200281,4200553,+,provisional
ralR,NC_000913.3,1413733,1413927,-,provisional
lpxD,NC_000913.3,200971,201996,+,provisional
yjfI,NC_000913.3,4410133,4410534,+,provisional
mfd,NC_000913.3,1170518,1173964,-,provisional
dmlA,NC_000913.3,1881912,1882997,+,provisional
yfaQ,NC_000913.3,2328148,2329797,-,provisional
malE,NC_000913.3,4245229,4246419,-,provisional
rnk,NC_000913.3,643557,643967,-,provisional
iscR,NC_000913.3,2661643,2662131,-,provisional
gabT,NC_000913.3,2792735,2794015,+,provisional
glnE,NC_000913.3,3196801,3199641,-,provisional
pppA,NC_000913.3,3113543,3114352,-,provisional
crl,NC_000913.3,257829,257907,+,provisional
crl,NC_000913.3,258676,259006,+,provisional
tam,NC_000913.3,1607346,1608104,+,provisional
clcA,NC_000913.3,175107,176528,+,provisional
baeR,NC_000913.3,2164276,2164998,+,provisional
trpR,NC_000913.3,4632760,4633086,+,provisional
yedS,NC_000913.3,2034051,2035243,+,provisional
yncD,NC_000913.3,1520963,1523065,-,provisional
hflK,NC_000913.3,4402038,4403297,+,provisional
rcnR,NC_000913.3,2185524,2185796,-,provisional
cspF,NC_000913.3,1641855,1642067,+,provisional
ihfB,NC_000913.3,963828,964112,+,provisional
yegE,NC_000913.3,2143266,2146583,+,provisional
secM,NC_000913.3,107705,108217,+,provisional
yihL,NC_000913.3,4060447,4061157,+,provisional
amtB,NC_000913.3,472966,474252,+,provisional
ydcR,NC_000913.3,1510003,1511409,+,provisional
adk,NC_000913.3,497175,497819,+,provisional
hfq,NC_000913.3,4400288,4400596,+,provisional
yhcC,NC_000913.3,3353121,3354050,-,provisional
yaiI,NC_000913.3,405764,406222,+,provisional
hflD,NC_000913.3,1191990,1192631,-,provisional
rfaH,NC_000913.3,4024333,4024821,-,provisional
dcrB,NC_000913.3,3609955,3610512,+,provisional
yidK,NC_000913.3,3858401,3860116,-,provisional
ybfB,NC_000913.3,733776,734102,+,provisional
yeeA,NC_000913.3,2079533,2080591,-,provisional
ybdL,NC_000913.3,633586,634746,+,provisional
frlA,NC_000913.3,3499910,3501247,+,provisional
yjbM,NC_000913.3,4260599,4261306,+,provisional
pmrD,NC_000913.3,2373272,2373538,-,provisional
der,NC_000913.3,2635884,2637356,-,provisional
yhdE,NC_000913.3,3397785,3398378,-,provisional
nrfG,NC_000913.3,4293543,4294139,+,provisional
paoA,NC_000913.3,301884,302573,-,provisional
yegP,NC_000913.3,2165189,2165521,+,provisional
tsaA,NC_000913.3,218887,219594,-,provisional
thiG,NC_000913.3,4191865,4192635,-,provisional
manA,NC_000913.3,1688576,1689751,+,provisional
ydfR,NC_000913.3,1640054,1640365,-,provisional
yjbJ,NC_000913.3,4259237,4259446,+,provisional
topA,NC_000913.3,1331048,1333645,+,provisional
xapB,NC_000913.3,2522729,2523985,-,provisional
yjeH,NC_000913.3,4369156,4370412,-,provisional
yddM,NC_000913.3,1552398,1552682,-,provisional
abgT,NC_000913.3,1400247,1401773,-,provisional
gudD,NC_000913.3,2918045,2919385,-,provisional
yobI,NC_000913.3,1946115,1946180,-,provisional
mlaC,NC_000913.3,3337256,3337891,-,provisional
srlR,NC_000913.3,2829047,2829820,+,provisional
usg,NC_000913.3,2435636,2436649,-,provisional
kdpC,NC_000913.3,724407,724979,-,provisional
rtn,NC_000913.3,2270726,2272282,+,provisional
apt,NC_000913.3,491412,491963,+,provisional
glcB,NC_000913.3,3121634,3123805,-,provisional
fadH,NC_000913.3,3231665,3233683,+,provisional
yidQ,NC_000913.3,3867728,3868060,+,provisional
yjjA,NC_000913.3,4599695,4600189,-,provisional
rssB,NC_000913.3,1290242,1291255,+,provisional
kbaZ,NC_000913.3,3278914,3280194,+,provisional
tufB,NC_000913.3,4175944,4177128,+,provisional
rdlC,NC_000913.3,1270393,1270460,+,provisional
sapD,NC_000913.3,1352636,1353628,-,provisional
creD,NC_000913.3,4638178,4639530,+,provisional
ptrB,NC_000913.3,1926779,1928839,-,provisional
ybjI,NC_000913.3,885316,886131,-,provisional
ftsX,NC_000913.3,3601028,3602086,-,provisional
rhlE,NC_000913.3,830872,832236,+,provisional
insL1,NC_000913.3,15445,16557,+,provisional
insL1,NC_000913.3,608065,609177,+,provisional
insL1,NC_000913.3,2514331,2515443,+,provisional
yigE,NC_000913.3,4000292,4001056,-,provisional
yiaM,NC_000913.3,3744328,3744801,+,provisional
guaC,NC_000913.3,113444,114487,+,provisional
ilvM,NC_000913.3,3952201,3952464,+,provisional
azoR,NC_000913.3,1482255,1482860,-,provisional
lptD,NC_000913.3,54755,57109,-,provisional
yhbT,NC_000913.3,3300752,3301276,-,provisional
torC,NC_000913.3,1058084,1059256,+,provisional
yeaM,NC_000913.3,1874755,1875576,-,provisional
acrA,NC_000913.3,484426,485619,-,provisional
ybgI,NC_000913.3,742827,743570,+,provisional
yfbU,NC_000913.3,2412100,2412594,-,provisional
yqhA,NC_000913.3,3148977,3149471,-,provisional
astA,NC_000913.3,1829731,1830765,-,provisional
speF,NC_000913.3,718262,720460,-,provisional
ycbZ,NC_000913.3,1016539,1018299,-,provisional
ycbJ,NC_000913.3,971752,972645,+,provisional
rrlB,NC_000913.3,4168641,4171544,+,provisional
tonB,NC_000913.3,1311089,1311808,+,provisional
ycgR,NC_000913.3,1243793,1244527,-,provisional
zntA,NC_000913.3,3606451,3608649,+,provisional
yacL,NC_000913.3,134388,134750,+,provisional
entB,NC_000913.3,627694,628551,+,provisional
rpsI,NC_000913.3,3377815,3378207,-,provisional
aas,NC_000913.3,2973855,2976014,-,provisional
dnaN,NC_000913.3,3881221,3882321,-,provisional
ydhJ,NC_000913.3,1721264,1722121,+,provisional
fdhD,NC_000913.3,4086016,4086849,+,provisional
aroP,NC_000913.3,120178,121551,-,provisional
bfd,NC_000913.3,3466797,3466991,-,provisional
prlF,NC_000913.3,3277002,3277337,+,provisional
ydcL,NC_000913.3,1502457,1503125,+,provisional
ygeK,NC_000913.3,2994460,2995092,-,provisional
fadM,NC_000913.3,464402,464800,+,provisional
yfjT,NC_000913.3,2771148,2771615,+,provisional
narV,NC_000913.3,1535937,1536617,-,provisional
moaE,NC_000913.3,819295,819747,+,provisional
ybeD,NC_000913.3,662379,662642,-,provisional
ysaB,NC_000913.3,3725413,3725712,-,provisional
cdd,NC_000913.3,2231844,2232728,+,provisional
yhbO,NC_000913.3,3298974,3299492,+,provisional
flhE,NC_000913.3,1962580,1962972,-,provisional
prfH,NC_000913.3,253702,254202,+,provisional
fumA,NC_000913.3,1686731,1688377,-,provisional
galU,NC_000913.3,1291457,1292365,+,provisional
hydN,NC_000913.3,2837578,2838105,-,provisional
araC,NC_000913.3,70387,71265,+,provisional
ltaE,NC_000913.3,908293,909294,-,provisional
chaB,NC_000913.3,1272119,1272349,+,provisional
osmF,NC_000913.3,2218564,2219481,-,provisional
chaC,NC_000913.3,1272507,1273202,+,provisional
yjhZ,NC_000913.3,4534430,4534675,-,provisional
phnJ,NC_000913.3,4318761,4319606,-,provisional
fixX,NC_000913.3,45463,45750,+,provisional
cpdA,NC_000913.3,3176006,3176833,-,provisional
pyrE,NC_000913.3,3815127,3815768,-,provisional
ebgR,NC_000913.3,3221466,3222449,+,provisional
prfC,NC_000913.3,4609414,4611003,+,provisional
metA,NC_000913.3,4214280,4215209,+,provisional
eutS,NC_000913.3,2575470,2575805,-,provisional
xdhC,NC_000913.3,3003489,3003968,+,provisional
ybfI,NC_000913.3,716721,716870,-,provisional
fucO,NC_000913.3,2931865,2933013,-,provisional
apaH,NC_000913.3,50380,51222,-,provisional
mukB,NC_000913.3,976326,980786,+,provisional
rfbB,NC_000913.3,2111976,2113061,-,provisional
ispE,NC_000913.3,1262026,1262877,-,provisional
rplI,NC_000913.3,4426108,4426557,+,provisional
sad,NC_000913.3,1613315,1614703,-,provisional
modF,NC_000913.3,792316,793788,-,provisional
glnL,NC_000913.3,4055290,4056339,-,provisional
ppx,NC_000913.3,2625115,2626656,+,provisional
asnB,NC_000913.3,697513,699177,-,provisional
ygeR,NC_000913.3,2999136,2999891,-,provisional
ilvA,NC_000913.3,3955331,3956875,+,provisional
ymfE,NC_000913.3,1197533,1198237,-,provisional
yeiE,NC_000913.3,2248737,2249618,-,provisional
oweS,NC_000913.3,2472878,2473585,-,provisional
metR,NC_000913.3,4011863,4012816,-,provisional
yfjY,NC_000913.3,2776386,2776868,+,provisional
pabA,NC_000913.3,3490266,3490829,-,provisional
yjhP,NC_000913.3,4532437,4533183,-,provisional
ybbA,NC_000913.3,519733,520419,+,provisional
rhmA,NC_000913.3,2358042,2358845,-,provisional
yobH,NC_000913.3,1908925,1909164,+,provisional
rutA,NC_000913.3,1072863,1074011,-,provisional
yifE,NC_000913.3,3948086,3948424,+,provisional
ybiU,NC_000913.3,857796,859061,-,provisional
yfeX,NC_000913.3,2549646,2550545,-,provisional
yheT,NC_000913.3,3483202,3484224,+,provisional
glpA,NC_000913.3,2352647,2354275,+,provisional
ppa,NC_000913.3,4449122,4449652,-,provisional
rttR,NC_000913.3,1287066,1287236,-,provisional
ypjI,NC_000913.3,2775545,2775816,+,provisional
gltV,NC_000913.3,4209774,4209849,+,provisional
mltD,NC_000913.3,232597,233955,-,provisional
fadL,NC_000913.3,2461306,2462646,+,provisional
sapF,NC_000913.3,1351828,1352634,-,provisional
tolC,NC_000913.3,3178115,3179596,+,provisional
napB,NC_000913.3,2298269,2298718,-,provisional
proY,NC_000913.3,420986,422359,+,provisional
ygaM,NC_000913.3,2800146,2800475,+,provisional
lsrA,NC_000913.3,1601490,1603025,+,provisional
yahK,NC_000913.3,342884,343933,+,provisional
agaV,NC_000913.3,3280217,3280690,+,provisional
glcF,NC_000913.3,3124236,3125459,-,provisional
mobB,NC_000913.3,4040906,4041433,-,provisional
yjjI,NC_000913.3,4615515,4617065,-,provisional
pepA,NC_000913.3,4484440,4485951,-,provisional
recG,NC_000913.3,3825210,3827291,+,provisional
serB,NC_000913.3,4624895,4625863,+,provisional
yijD,NC_000913.3,4161771,4162130,+,provisional
acpH,NC_000913.3,424337,424918,-,provisional
ileX,NC_000913.3,3215598,3215673,+,provisional
fliC,NC_000913.3,2002110,2003606,-,provisional
paaF,NC_000913.3,1457497,1458264,+,provisional
yffS,NC_000913.3,2564523,2565332,+,provisional
yjiJ,NC_000913.3,4561497,4562675,-,provisional
macB,NC_000913.3,920347,922293,+,provisional
yecE,NC_000913.3,1951395,1952213,+,provisional
fadJ,NC_000913.3,2457015,2459159,-,provisional
leuP,NC_000913.3,4606200,4606286,-,provisional
yhfG,NC_000913.3,3491453,3491620,-,provisional
yiaF,NC_000913.3,3718334,3719044,-,provisional
ybiA,NC_000913.3,832468,832950,-,provisional
yciU,NC_000913.3,1306821,1307150,-,provisional
ymcE,NC_000913.3,1051847,1052077,+,provisional
yafY,NC_000913.3,266110,266553,-,provisional
zapD,NC_000913.3,111856,112599,-,provisional
ybfE,NC_000913.3,711605,711898,-,provisional
yedE,NC_000913.3,2008277,2009482,+,provisional
nudF,NC_000913.3,3177281,3177910,-,provisional
omrA,NC_000913.3,2976102,2976189,-,provisional
vsr,NC_000913.3,2030448,2030918,-,provisional
tufA,NC_000913.3,3470145,3471329,-,provisional
rsxA,NC_000913.3,1705767,1706348,+,provisional
gltL,NC_000913.3,684530,685255,-,provisional
ydfA,NC_000913.3,1648508,1648663,+,provisional
pdxH,NC_000913.3,1717351,1718007,-,provisional
araG,NC_000913.3,1983555,1985069,-,provisional
metI,NC_000913.3,220968,221621,-,provisional
ygjR,NC_000913.3,3237311,3238297,+,provisional
smpB,NC_000913.3,2754896,2755378,+,provisional
menI,NC_000913.3,1765222,1765632,-,provisional
asmA,NC_000913.3,2139759,2141612,-,provisional
yebB,NC_000913.3,1946251,1946853,+,provisional
yhjH,NC_000913.3,3678420,3679187,-,provisional
rpe,NC_000913.3,3514382,3515059,-,provisional
ybaM,NC_000913.3,490110,490271,-,provisional
pspA,NC_000913.3,1368079,1368747,+,provisional
insN,NC_000913.3,270278,270535,+,provisional
insN,NC_000913.3,271764,272189,+,provisional
purF,NC_000913.3,2428721,2430238,-,provisional
glnX,NC_000913.3,696430,696504,-,provisional
ycbV,NC_000913.3,1003439,1003954,+,provisional
yigI,NC_000913.3,4004230,4004697,-,provisional
nusG,NC_000913.3,4177743,4178288,+,provisional
pheV,NC_000913.3,3110366,3110441,+,provisional
tauC,NC_000913.3,386971,387798,+,provisional
yheV,NC_000913.3,3478592,3478792,-,provisional
ychA,NC_000913.3,1267320,1268129,+,provisional
argZ,NC_000913.3,2818059,2818135,-,provisional
ygjV,NC_000913.3,3241193,3241744,-,provisional
yihI,NC_000913.3,4051347,4051856,+,provisional
pabC,NC_000913.3,1153300,1154109,+,provisional
thiH,NC_000913.3,4190735,4191868,-,provisional
ydfB,NC_000913.3,1648665,1648793,+,provisional
aspS,NC_000913.3,1948750,1950522,-,provisional
lsrD,NC_000913.3,1604047,1605039,+,provisional
ompW,NC_000913.3,1314020,1314658,+,provisional
yqgC,NC_000913.3,3086187,3086402,+,provisional
rspR,NC_000913.3,1628352,1629038,+,provisional
torT,NC_000913.3,1056261,1057289,+,provisional
degQ,NC_000913.3,3380743,3382110,+,provisional
ahpC,NC_000913.3,638945,639508,+,provisional
murR,NC_000913.3,2544752,2545609,-,provisional
ycjD,NC_000913.3,1351407,1351760,-,provisional
ydaT,NC_000913.3,1420684,1421106,+,provisional
fsr,NC_000913.3,503476,504696,-,provisional
ulaC,NC_000913.3,4421708,4422172,+,provisional
glnU,NC_000913.3,696865,696939,-,provisional
hscC,NC_000913.3,681723,683393,-,provisional
yhfY,NC_000913.3,3511060,3511422,-,provisional
ykgO,NC_000913.3,312374,312514,-,provisional
yehW,NC_000913.3,2215745,2216476,-,provisional
yfgM,NC_000913.3,2638663,2639283,-,provisional
glyT,NC_000913.3,4175673,4175747,+,provisional
rhsE,NC_000913.3,1527902,1529938,+,provisional
alpA,NC_000913.3,2758644,2758856,+,provisional
yjjV,NC_000913.3,4613481,4614260,+,provisional
yagI,NC_000913.3,288404,289162,-,provisional
exbD,NC_000913.3,3150818,3151243,-,provisional
ycbL,NC_000913.3,983650,984297,+,provisional
ftsE,NC_000913.3,3602079,3602747,-,provisional
sapA,NC_000913.3,1355467,1357110,-,provisional
yjdC,NC_000913.3,4362733,4363308,-,provisional
argD,NC_000913.3,3488960,3490180,-,provisional
deaD,NC_000913.3,3305971,3307860,-,provisional
yeeP,NC_000913.3,2070660,2071211,+,provisional
gmr,NC_000913.3,1344757,1346742,-,provisional
nikB,NC_000913.3,3615241,3616185,+,provisional
yqeK,NC_000913.3,2989935,2990360,-,provisional
bcr,NC_000913.3,2278570,2279760,-,provisional
yfdT,NC_000913.3,2475873,2476178,+,provisional
gshA,NC_000913.3,2814883,2816439,-,provisional
yddL,NC_000913.3,1545750,1546028,-,provisional
pgpB,NC_000913.3,1339330,1340094,+,provisional
ldcA,NC_000913.3,1242166,1243080,-,provisional
dhaL,NC_000913.3,1249125,1249757,-,provisional
yjdI,NC_000913.3,4351843,4352073,+,provisional
wcaB,NC_000913.3,2132067,2132555,-,provisional
ydiL,NC_000913.3,1770615,1770971,+,provisional
ptsA,NC_000913.3,4139720,4142221,-,provisional
sbcB,NC_000913.3,2082756,2084183,+,provisional
yceK,NC_000913.3,1113579,1113806,+,provisional
yihT,NC_000913.3,4071773,4072651,-,provisional
aroA,NC_000913.3,958812,960095,+,provisional
asnV,NC_000913.3,2062260,2062335,+,provisional
ilvY,NC_000913.3,3956927,3957820,-,provisional
tsr,NC_000913.3,4591657,4593312,+,provisional
fes,NC_000913.3,612815,613939,+,provisional
dpiB,NC_000913.3,652235,653893,+,provisional
yfcE,NC_000913.3,2419234,2419788,-,provisional
ddlA,NC_000913.3,399829,400923,-,provisional
aer,NC_000913.3,3217556,3219076,-,provisional
dapB,NC_000913.3,28374,29195,+,provisional
cheB,NC_000913.3,1967452,1968501,-,provisional
dtpC,NC_000913.3,4354954,4356411,-,provisional
hflC,NC_000913.3,4403300,4404304,+,provisional
sspB,NC_000913.3,3376279,3376776,-,provisional
pgm,NC_000913.3,713558,715198,+,provisional
araD,NC_000913.3,65855,66550,-,provisional
yjcH,NC_000913.3,4284899,4285213,-,provisional
cstA,NC_000913.3,629894,631999,+,provisional
pyrB,NC_000913.3,4471460,4472395,-,provisional
yfhM,NC_000913.3,2647326,2652287,-,provisional
yidE,NC_000913.3,3864612,3866273,-,provisional
yaaA,NC_000913.3,5683,6459,-,provisional
ykgM,NC_000913.3,312514,312777,-,provisional
nrdI,NC_000913.3,2800965,2801375,+,provisional
ppdB,NC_000913.3,2963153,2963716,-,provisional
hcaB,NC_000913.3,2671225,2672037,+,provisional
ynhG,NC_000913.3,1757721,1758725,-,provisional
galE,NC_000913.3,791039,792055,-,provisional
yeaR,NC_000913.3,1879589,1879948,-,provisional
malM,NC_000913.3,4249554,4250474,+,provisional
yhaV,NC_000913.3,3277337,3277801,+,provisional
cspB,NC_000913.3,1641339,1641554,-,provisional
ybgE,NC_000913.3,774309,774602,+,provisional
yafO,NC_000913.3,252301,252699,+,provisional
ryjB,NC_000913.3,4527977,4528066,+,provisional
ydjL,NC_000913.3,1860256,1861332,-,provisional
yehD,NC_000913.3,2191680,2192222,-,provisional
ppk,NC_000913.3,2623044,2625110,+,provisional
malF,NC_000913.3,4243531,4245075,-,provisional
cydC,NC_000913.3,927474,929195,-,provisional
glsB,NC_000913.3,1612325,1613251,-,provisional
plsY,NC_000913.3,3204694,3205311,+,provisional
hycA,NC_000913.3,2849974,2850435,-,provisional
rplB,NC_000913.3,3450543,3451364,-,provisional
yciI,NC_000913.3,1310569,1310865,-,provisional
accD,NC_000913.3,2433012,2433926,-,provisional
cysZ,NC_000913.3,2531463,2532224,+,provisional
pdxB,NC_000913.3,2436715,2437851,-,provisional
rhaS,NC_000913.3,4097736,4098572,+,provisional
rpsB,NC_000913.3,189874,190599,+,provisional
yafS,NC_000913.3,234816,235538,+,provisional
ygiW,NC_000913.3,3169284,3169676,-,provisional
gtrB,NC_000913.3,2468214,2469134,+,provisional
cvrA,NC_000913.3,1240335,1242071,-,provisional
qorA,NC_000913.3,4263248,4264231,-,provisional
nfi,NC_000913.3,4198790,4199461,+,provisional
pheM,NC_000913.3,1799226,1799270,-,provisional
ycgZ,NC_000913.3,1215789,1216025,+,provisional
yrdF,NC_000913.3,3404495,3404637,+,provisional
mrcB,NC_000913.3,164730,167264,+,provisional
hypF,NC_000913.3,2835173,2837425,-,provisional
miaB,NC_000913.3,693531,694955,-,provisional
dnaT,NC_000913.3,4600978,4601517,-,provisional
rlmG,NC_000913.3,3234739,3235875,-,provisional
nuoG,NC_000913.3,2397439,2400165,-,provisional
cptA,NC_000913.3,3040416,3040823,-,provisional
hyfI,NC_000913.3,2610706,2611464,+,provisional
ybiR,NC_000913.3,853647,854765,+,provisional
yidX,NC_000913.3,3875438,3876094,+,provisional
frr,NC_000913.3,192872,193429,+,provisional
yegL,NC_000913.3,2152469,2153128,-,provisional
cyoD,NC_000913.3,447717,448046,-,provisional
yibN,NC_000913.3,3784584,3785015,-,provisional
ybdM,NC_000913.3,634747,635376,-,provisional
yjiL,NC_000913.3,4563922,4564689,-,provisional
yjjJ,NC_000913.3,4621769,4623100,+,provisional
ssnA,NC_000913.3,3019161,3020489,+,provisional
ydaM,NC_000913.3,1406563,1407795,-,provisional
yodD,NC_000913.3,2024986,2025213,+,provisional
tolA,NC_000913.3,776342,777607,+,provisional
modB,NC_000913.3,795862,796551,+,provisional
yfaA,NC_000913.3,2334956,2336644,-,provisional
rtcB,NC_000913.3,3556853,3558079,-,provisional
bisC,NC_000913.3,3714061,3716394,-,provisional
astC,NC_000913.3,1830762,1831982,-,provisional
dacB,NC_000913.3,3328963,3330396,+,provisional
yqfE,NC_000913.3,3059381,3059701,-,provisional
hybA,NC_000913.3,3144154,3145140,-,provisional
pfkA,NC_000913.3,4107552,4108514,+,provisional
yagN,NC_000913.3,295139,295579,-,provisional
pspE,NC_000913.3,1369689,1370003,+,provisional
yjdM,NC_000913.3,4326399,4326734,-,provisional
glnK,NC_000913.3,472598,472936,+,provisional
hofM,NC_000913.3,3521972,3522751,-,provisional
uxaA,NC_000913.3,3241827,3243314,-,provisional
fldA,NC_000913.3,710935,711465,-,provisional
ynaE,NC_000913.3,1433991,1434224,-,provisional
glcG,NC_000913.3,3123827,3124231,-,provisional
gntK,NC_000913.3,3577065,3577592,-,provisional
epmA,NC_000913.3,4382643,4383620,+,provisional
lit,NC_000913.3,1198695,1199588,+,provisional
ycgI,NC_000913.3,1223564,1223907,+,provisional
yffR,NC_000913.3,2563980,2564372,+,provisional
yhhN,NC_000913.3,3605751,3606377,+,provisional
safA,NC_000913.3,1583762,1583959,-,provisional
zupT,NC_000913.3,3182550,3183323,+,provisional
yhjG,NC_000913.3,3676290,3678350,-,provisional
menB,NC_000913.3,2375962,2376819,-,provisional
bhsA,NC_000913.3,1169073,1169330,+,provisional
pqiB,NC_000913.3,1013259,1014899,+,provisional
yeeT,NC_000913.3,2076817,2077038,+,provisional
mglB,NC_000913.3,2239350,2240348,-,provisional
ybhF,NC_000913.3,827245,828981,-,provisional
garR,NC_000913.3,3271867,3272751,-,provisional
fabA,NC_000913.3,1015952,1016470,-,provisional
secA,NC_000913.3,108279,110984,+,provisional
beeE,NC_000913.3,1205731,1206142,+,provisional
yafN,NC_000913.3,252005,252298,+,provisional
hycB,NC_000913.3,2849238,2849849,-,provisional
yfhL,NC_000913.3,2699663,2699923,+,provisional
yejL,NC_000913.3,2284129,2284356,+,provisional
nadA,NC_000913.3,782085,783128,+,provisional
rlmI,NC_000913.3,1028779,1029969,-,provisional
yiiM,NC_000913.3,4102822,4103496,+,provisional
afuB,NC_000913.3,278814,279161,-,provisional
hisL,NC_000913.3,2089996,2090046,+,provisional
serS,NC_000913.3,939428,940720,+,provisional
sroH,NC_000913.3,4190327,4190487,-,provisional
ispD,NC_000913.3,2871780,2872490,-,provisional
dapA,NC_000913.3,2598882,2599760,-,provisional
trkA,NC_000913.3,3436518,3437894,+,provisional
ydhC,NC_000913.3,1739911,1741122,+,provisional
yhbU,NC_000913.3,3301485,3302480,+,provisional
yijE,NC_000913.3,4136108,4137013,+,provisional
yeiB,NC_000913.3,2241810,2242967,-,provisional
ybhG,NC_000913.3,828974,829972,-,provisional
purT,NC_000913.3,1930881,1932059,+,provisional
waaF,NC_000913.3,3794929,3795975,+,provisional
allS,NC_000913.3,531295,532221,-,provisional
ydhQ,NC_000913.3,1744871,1746127,-,provisional
chiX,NC_000913.3,507204,507287,+,provisional
mrr,NC_000913.3,4586949,4587863,+,provisional
uhpT,NC_000913.3,3845776,3847167,-,provisional
glyA,NC_000913.3,2684254,2685507,-,provisional
ybaL,NC_000913.3,501562,503238,-,provisional
yqiC,NC_000913.3,3184840,3185130,+,provisional
yfaT,NC_000913.3,2334336,2334959,-,provisional
yggL,NC_000913.3,3101807,3102133,-,provisional
yieP,NC_000913.3,3940635,3941327,-,provisional
nfo,NC_000913.3,2250840,2251697,+,provisional
sfsB,NC_000913.3,3334909,3335187,+,provisional
ygcS,NC_000913.3,2896533,2897870,-,provisional
astD,NC_000913.3,1828256,1829734,-,provisional
dinJ,NC_000913.3,246242,246502,-,provisional
rpiR,NC_000913.3,4312101,4312991,-,provisional
clpX,NC_000913.3,457426,458700,+,provisional
thrS,NC_000913.3,1800642,1802570,-,provisional
yecS,NC_000913.3,1997811,1998479,-,provisional
dppB,NC_000913.3,3704771,3705790,-,provisional
yceB,NC_000913.3,1122713,1123273,-,provisional
rplS,NC_000913.3,2744183,2744530,-,provisional
yjdJ,NC_000913.3,4352085,4352357,+,provisional
tyrT,NC_000913.3,1287538,1287622,-,provisional
ydfZ,NC_000913.3,1629215,1629418,+,provisional
trpA,NC_000913.3,1316416,1317222,-,provisional
yghJ,NC_000913.3,3114550,3119112,-,provisional
cbpM,NC_000913.3,1062550,1062855,-,provisional
lsrC,NC_000913.3,1603019,1604047,+,provisional
psd,NC_000913.3,4389392,4390360,-,provisional
ssrA,NC_000913.3,2755593,2755955,+,provisional
yicJ,NC_000913.3,3834547,3835929,-,provisional
frsA,NC_000913.3,256527,257771,+,provisional
rof,NC_000913.3,213678,213932,-,provisional
rplF,NC_000913.3,3445607,3446140,-,provisional
intD,NC_000913.3,564815,565978,-,provisional
purE,NC_000913.3,552591,553100,-,provisional
can,NC_000913.3,142008,142670,-,provisional
frdA,NC_000913.3,4380510,4382318,-,provisional
ndk,NC_000913.3,2644433,2644864,-,provisional
trpL,NC_000913.3,1323038,1323082,-,provisional
ugpQ,NC_000913.3,3587370,3588113,-,provisional
nupX,NC_000913.3,2252895,2254145,-,provisional
fbp,NC_000913.3,4454611,4455609,-,provisional
cueO,NC_000913.3,137083,138633,+,provisional
rrlH,NC_000913.3,225759,228662,+,provisional
yfcH,NC_000913.3,2421708,2422601,+,provisional
rplT,NC_000913.3,1799393,1799749,-,provisional
yeiP,NC_000913.3,2265450,2266022,+,provisional
ygcE,NC_000913.3,2901896,2903374,+,provisional
rhsB,NC_000913.3,3619192,3623427,+,provisional
ydaQ,NC_000913.3,1413237,1413452,-,provisional
lhr,NC_000913.3,1729087,1733703,+,provisional
nuoL,NC_000913.3,2393205,2395046,-,provisional
allR,NC_000913.3,533011,533826,+,provisional
mnmA,NC_000913.3,1192667,1193773,-,provisional
ytcA,NC_000913.3,4304128,4304403,-,provisional
ytfQ,NC_000913.3,4449962,4450918,+,provisional
sgcX,NC_000913.3,4530530,4531651,-,provisional
omrB,NC_000913.3,2976304,2976385,-,provisional
ydiE,NC_000913.3,1789613,1789804,+,provisional
yfeD,NC_000913.3,2518813,2519205,+,provisional
yhdJ,NC_000913.3,3411653,3412537,+,provisional
ybhS,NC_000913.3,826119,827252,-,provisional
yedP,NC_000913.3,2025511,2026326,+,provisional
fepA,NC_000913.3,610254,612494,-,provisional
mhpB,NC_000913.3,370277,371221,+,provisional
ypdI,NC_000913.3,2494698,2494973,+,provisional
sufC,NC_000913.3,1761766,1762512,-,provisional
ydcD,NC_000913.3,1529922,1530404,+,provisional
abgB,NC_000913.3,1401810,1403255,-,provisional
glnV,NC_000913.3,696542,696616,-,provisional
yffP,NC_000913.3,2562524,2563117,+,provisional
gudP,NC_000913.3,2920748,2922100,-,provisional
xthA,NC_000913.3,1832428,1833234,+,provisional
yohK,NC_000913.3,2231019,2231714,+,provisional
eutG,NC_000913.3,2568324,2569511,-,provisional
zwf,NC_000913.3,1934839,1936314,-,provisional
rrsE,NC_000913.3,4208147,4209688,+,provisional
ypjF,NC_000913.3,2777453,2777782,+,provisional
yecR,NC_000913.3,1988222,1988545,+,provisional
kdpD,NC_000913.3,721730,724414,-,provisional
fnrS,NC_000913.3,1409129,1409250,+,provisional
jayE,NC_000913.3,1206143,1206922,+,provisional
nuoN,NC_000913.3,2390048,2391505,-,provisional
ybaE,NC_000913.3,465612,467312,-,provisional
efeB,NC_000913.3,1083376,1084647,+,provisional
ychJ,NC_000913.3,1288674,1289132,-,provisional
ybaK,NC_000913.3,506603,507082,-,provisional
nagE,NC_000913.3,703944,705890,+,provisional
yeaX,NC_000913.3,1885845,1886810,+,provisional
yeiR,NC_000913.3,2267829,2268815,+,provisional
ygaQ,NC_000913.3,2786397,2788649,+,provisional
yoeB,NC_000913.3,2089211,2089465,-,provisional
ppiA,NC_000913.3,3491725,3492297,-,provisional
ampG,NC_000913.3,452070,453545,-,provisional
malI,NC_000913.3,1698152,1699180,-,provisional
lysT,NC_000913.3,780554,780629,+,provisional
rcsC,NC_000913.3,2317027,2319876,-,provisional
yfjU,NC_000913.3,2772002,2772154,-,provisional
seqA,NC_000913.3,712987,713532,+,provisional
yfcS,NC_000913.3,2451584,2452336,-,provisional
yaeF,NC_000913.3,216179,217003,-,provisional
mdtO,NC_000913.3,4301027,4303078,-,provisional
sgcQ,NC_000913.3,4528111,4528917,-,provisional
nemR,NC_000913.3,1726023,1726622,+,provisional
priC,NC_000913.3,490285,490812,-,provisional
yjbR,NC_000913.3,4270658,4271014,+,provisional
btuE,NC_000913.3,1793558,1794109,-,provisional
entA,NC_000913.3,628551,629297,+,provisional
sdhC,NC_000913.3,755177,755566,+,provisional
sstT,NC_000913.3,3239944,3241188,+,provisional
thiI,NC_000913.3,441549,442997,+,provisional
ycgL,NC_000913.3,1227714,1228007,+,provisional
potE,NC_000913.3,716946,718265,-,provisional
glrR,NC_000913.3,2687469,2688803,-,provisional
yfeS,NC_000913.3,2537749,2538483,+,provisional
glgC,NC_000913.3,3568033,3569328,-,provisional
yciS,NC_000913.3,1340243,1340551,+,provisional
phoP,NC_000913.3,1189776,1190447,-,provisional
yaiE,NC_000913.3,408177,408461,+,provisional
gutM,NC_000913.3,2828621,2828980,+,provisional
yhgN,NC_000913.3,3575071,3575664,+,provisional
hypA,NC_000913.3,2850647,2850997,+,provisional
yjaA,NC_000913.3,4213234,4213617,+,provisional
ydcT,NC_000913.3,1512817,1513830,+,provisional
ybjX,NC_000913.3,918128,919120,-,provisional
minC,NC_000913.3,1225385,1226080,-,provisional
nusA,NC_000913.3,3316039,3317526,-,provisional
rpsE,NC_000913.3,3444726,3445229,-,provisional
argV,NC_000913.3,2818473,2818549,-,provisional
frmR,NC_000913.3,379606,379881,-,provisional
paaI,NC_000913.3,1460471,1460893,+,provisional
cyaR,NC_000913.3,2167114,2167200,+,provisional
torR,NC_000913.3,1057262,1057954,-,provisional
metL,NC_000913.3,4129835,4132267,+,provisional
frwB,NC_000913.3,4143624,4143944,+,provisional
rrlG,NC_000913.3,2726281,2729184,-,provisional
cysG,NC_000913.3,3497828,3499201,+,provisional
folA,NC_000913.3,49823,50302,+,provisional
ulaA,NC_000913.3,4419980,4421377,+,provisional
cutC,NC_000913.3,1958520,1959266,-,provisional
sgcC,NC_000913.3,4528930,4530243,-,provisional
rutR,NC_000913.3,1074242,1074880,+,provisional
yahM,NC_000913.3,345404,345649,+,provisional
cysC,NC_000913.3,2873387,2873992,-,provisional
eptA,NC_000913.3,4333947,4335590,-,provisional
eyeA,NC_000913.3,272580,272654,+,provisional
gpmM,NC_000913.3,3785260,3786804,+,provisional
ymiA,NC_000913.3,1335160,1335288,+,provisional
yciZ,NC_000913.3,1344436,1344609,-,provisional
ynfC,NC_000913.3,1656747,1657457,-,provisional
erfK,NC_000913.3,2062391,2063323,-,provisional
ydaG,NC_000913.3,1419322,1419456,-,provisional
yhdV,NC_000913.3,3418390,3418611,+,provisional
ybgT,NC_000913.3,774196,774309,+,provisional
ibsC,NC_000913.3,3056890,3056949,-,provisional
cobU,NC_000913.3,2065219,2065764,-,provisional
phnK,NC_000913.3,4318006,4318764,-,provisional
ydgA,NC_000913.3,1689852,1691360,+,provisional
yhhQ,NC_000913.3,3609217,3609882,+,provisional
azuC,NC_000913.3,1987873,1987959,-,provisional
lysW,NC_000913.3,780843,780918,+,provisional
ycjY,NC_000913.3,1390933,1391853,-,provisional
yiaJ,NC_000913.3,3741684,3742532,-,provisional
ybdF,NC_000913.3,605518,605886,-,provisional
citG,NC_000913.3,646631,647509,-,provisional
tatE,NC_000913.3,658947,659150,+,provisional
yijO,NC_000913.3,4147466,4148317,-,provisional
ymfQ,NC_000913.3,1206913,1207497,+,provisional
phnE,NC_000913.3,4322443,4323230,-,provisional
ymgE,NC_000913.3,1244728,1244982,+,provisional
mgrR,NC_000913.3,1622817,1622914,-,provisional
iscU,NC_000913.3,2659903,2660289,-,provisional
napF,NC_000913.3,2303003,2303497,-,provisional
mnmH,NC_000913.3,530132,531226,-,provisional
ydbJ,NC_000913.3,1441058,1441324,+,provisional
ygeO,NC_000913.3,2995962,2996360,-,provisional
ybfA,NC_000913.3,729134,729340,+,provisional
yghG,NC_000913.3,3113067,3113477,-,provisional
ytfH,NC_000913.3,4434113,4434493,+,provisional
ruvA,NC_000913.3,1945365,1945976,-,provisional
tilS,NC_000913.3,212331,213629,+,provisional
lysV,NC_000913.3,2521253,2521328,+,provisional
mzrA,NC_000913.3,3248439,3248822,+,provisional
rfbA,NC_000913.3,2110138,2111019,-,provisional
priB,NC_000913.3,4425520,4425834,+,provisional
pmbA,NC_000913.3,4457959,4459311,+,provisional
dacA,NC_000913.3,662752,663963,-,provisional
ydhB,NC_000913.3,1738866,1739798,-,provisional
symE,NC_000913.3,4579499,4579840,-,provisional
yeaY,NC_000913.3,1889951,1890532,-,provisional
insH1,NC_000913.3,274101,275117,-,provisional
insH1,NC_000913.3,574737,575753,-,provisional
insH1,NC_000913.3,687997,689013,-,provisional
insH1,NC_000913.3,1396076,1397092,+,provisional
insH1,NC_000913.3,1427746,1428726,-,provisional
insH1,NC_000913.3,2066305,2067321,-,provisional
insH1,NC_000913.3,2101895,2102911,-,provisional
insH1,NC_000913.3,2289065,2290081,-,provisional
insH1,NC_000913.3,3130178,3131194,+,provisional
insH1,NC_000913.3,3365702,3366718,-,provisional
insH1,NC_000913.3,3652182,3653198,-,provisional
ynjD,NC_000913.3,1838747,1839400,+,provisional
ynfD,NC_000913.3,1657565,1657870,+,provisional
yghO,NC_000913.3,3129043,3130143,-,provisional
bglF,NC_000913.3,3903720,3905597,-,provisional
sucB,NC_000913.3,761522,762739,+,provisional
yoeD,NC_000913.3,2078549,2078677,-,provisional
mdlA,NC_000913.3,468871,470643,+,provisional
nuoM,NC_000913.3,2391512,2393041,-,provisional
yigP,NC_000913.3,4019624,4020229,+,provisional
selB,NC_000913.3,3758017,3759861,-,provisional
yghQ,NC_000913.3,3131341,3132408,-,provisional
moeA,NC_000913.3,865129,866364,-,provisional
yedD,NC_000913.3,2007677,2008090,-,provisional
gcvP,NC_000913.3,3046168,3049041,-,provisional
lhgO,NC_000913.3,2789982,2791250,+,provisional
ygiB,NC_000913.3,3179744,3180415,+,provisional
nikE,NC_000913.3,3617776,3618582,+,provisional
emrD,NC_000913.3,3853922,3855106,+,provisional
nuoC,NC_000913.3,2402055,2403845,-,provisional
rpsF,NC_000913.3,4425118,4425513,+,provisional
ybaQ,NC_000913.3,508218,508559,+,provisional
greA,NC_000913.3,3328239,3328715,-,provisional
argA,NC_000913.3,2949242,2950573,+,provisional
eutN,NC_000913.3,2571763,2572050,-,provisional
cynT,NC_000913.3,358799,359458,+,provisional
sbmC,NC_000913.3,2080789,2081262,-,provisional
lon,NC_000913.3,458888,461242,+,provisional
ydcY,NC_000913.3,1517648,1517881,+,provisional
mliC,NC_000913.3,1718066,1718395,-,provisional
mobA,NC_000913.3,4041415,4041999,-,provisional
pheA,NC_000913.3,2737745,2738905,+,provisional
secY,NC_000913.3,3442766,3444097,-,provisional
holB,NC_000913.3,1155762,1156766,+,provisional
yahJ,NC_000913.3,341125,342507,+,provisional
rstB,NC_000913.3,1682882,1684183,+,provisional
yfiL,NC_000913.3,2741360,2741725,+,provisional
hofB,NC_000913.3,115714,117099,-,provisional
dicA,NC_000913.3,1647934,1648341,+,provisional
rspB,NC_000913.3,1652896,1653915,-,provisional
ygiD,NC_000913.3,3181619,3182407,-,provisional
cbrC,NC_000913.3,3898022,3898609,+,provisional
yghD,NC_000913.3,3110590,3111126,-,provisional
aes,NC_000913.3,499014,499973,-,provisional
ohsC,NC_000913.3,2700520,2700596,+,provisional
trxB,NC_000913.3,931085,932050,-,provisional
yecJ,NC_000913.3,1987507,1987758,-,provisional
yibU,NC_000913.3,3769948,3770146,+,provisional
sdhB,NC_000913.3,757689,758405,+,provisional
nagA,NC_000913.3,701603,702751,-,provisional
yafW,NC_000913.3,263690,264007,-,provisional
atpE,NC_000913.3,3920950,3921189,-,provisional
slyB,NC_000913.3,1719876,1720343,+,provisional
tig,NC_000913.3,455133,456431,+,provisional
ycgB,NC_000913.3,1235709,1237241,-,provisional
yehX,NC_000913.3,2216481,2217407,-,provisional
hycG,NC_000913.3,2843443,2844210,-,provisional
acrD,NC_000913.3,2587595,2590708,+,provisional
ydhZ,NC_000913.3,1754932,1755141,-,provisional
yghB,NC_000913.3,3153563,3154222,+,provisional
yfeC,NC_000913.3,2518467,2518811,+,provisional
lspA,NC_000913.3,25207,25701,+,provisional
ybdZ,NC_000913.3,613942,614160,+,provisional
ligB,NC_000913.3,3819488,3821170,-,provisional
ylbG,NC_000913.3,529595,530016,-,provisional
pncA,NC_000913.3,1851887,1852528,+,provisional
setB,NC_000913.3,2263863,2265044,+,provisional
nupC,NC_000913.3,2513042,2514244,+,provisional
mlaF,NC_000913.3,3339256,3340065,-,provisional
yoaD,NC_000913.3,1898427,1900025,+,provisional
infB,NC_000913.3,3313342,3316014,-,provisional
yfcZ,NC_000913.3,2460650,2460934,-,provisional
qorB,NC_000913.3,4433164,4434024,-,provisional
yaaY,NC_000913.3,21181,21399,+,provisional
kbl,NC_000913.3,3791355,3792551,-,provisional
murJ,NC_000913.3,1127839,1129374,+,provisional
hcaD,NC_000913.3,2672047,2673249,+,provisional
napD,NC_000913.3,2302750,2303013,-,provisional
rhmR,NC_000913.3,2361429,2362211,-,provisional
yiaL,NC_000913.3,3743743,3744210,+,provisional
ligA,NC_000913.3,2528161,2530176,-,provisional
yfjX,NC_000913.3,2775919,2776377,+,provisional
glvG,NC_000913.3,3861173,3861987,-,provisional
trxC,NC_000913.3,2718735,2719154,+,provisional
yghE,NC_000913.3,3111128,3112090,-,provisional
kup,NC_000913.3,3931316,3933184,+,provisional
yabP,NC_000913.3,58474,59269,+,provisional
yfcO,NC_000913.3,2449228,2450049,-,provisional
sgcB,NC_000913.3,4530255,4530533,-,provisional
yjbS,NC_000913.3,4268809,4269012,-,provisional
yliI,NC_000913.3,878742,879857,+,provisional
corA,NC_000913.3,4001426,4002376,+,provisional
rhsC,NC_000913.3,729583,733776,+,provisional
glcC,NC_000913.3,3128272,3129036,+,provisional
fepB,NC_000913.3,623554,624510,-,provisional
hipB,NC_000913.3,1592176,1592442,-,provisional
gspI,NC_000913.3,3461974,3462351,+,provisional
speE,NC_000913.3,135598,136464,-,provisional
yncG,NC_000913.3,1526247,1526864,+,provisional
sucA,NC_000913.3,758706,761507,+,provisional
ychH,NC_000913.3,1258791,1259069,+,provisional
ybiT,NC_000913.3,855963,857555,+,provisional
ytjB,NC_000913.3,4624145,4624789,-,provisional
yciY,NC_000913.3,1308788,1308961,+,provisional
ytfF,NC_000913.3,4432091,4433056,-,provisional
elfD,NC_000913.3,998490,999191,+,provisional
nohQ,NC_000913.3,1635840,1636367,-,provisional
thiS,NC_000913.3,4192637,4192837,-,provisional
narL,NC_000913.3,1275179,1275829,-,provisional
prpC,NC_000913.3,350012,351181,+,provisional
cho,NC_000913.3,1823515,1824402,+,provisional
ynjA,NC_000913.3,1835515,1836063,+,provisional
ybhK,NC_000913.3,815739,816647,-,provisional
pepP,NC_000913.3,3053515,3054840,-,provisional
bolA,NC_000913.3,454472,454789,+,provisional
gapA,NC_000913.3,1862771,1863766,+,provisional
sppA,NC_000913.3,1848837,1850693,+,provisional
paaE,NC_000913.3,1456430,1457500,+,provisional
croE,NC_000913.3,1203024,1203224,+,provisional
yajG,NC_000913.3,453589,454167,-,provisional
yeaN,NC_000913.3,1875673,1876854,+,provisional
ycfS,NC_000913.3,1169412,1170374,-,provisional
yiiR,NC_000913.3,4112315,4112755,+,provisional
cysP,NC_000913.3,2542512,2543528,-,provisional
phnP,NC_000913.3,4314344,4315102,-,provisional
yadH,NC_000913.3,143702,144472,+,provisional
sdaA,NC_000913.3,1896932,1898296,+,provisional
yoeI,NC_000913.3,2087052,2087114,-,provisional
basR,NC_000913.3,4333282,4333950,-,provisional
feoC,NC_000913.3,3542728,3542964,+,provisional
stfE,NC_000913.3,1209119,1209619,-,provisional
ydfG,NC_000913.3,1627517,1628263,+,provisional
ytfE,NC_000913.3,4431321,4431983,-,provisional
ybiP,NC_000913.3,851014,852597,-,provisional
yobF,NC_000913.3,1907448,1907591,-,provisional
rlmN,NC_000913.3,2643129,2644283,-,provisional
ybhB,NC_000913.3,807433,807909,-,provisional
ygiN,NC_000913.3,3173142,3173456,+,provisional
patA,NC_000913.3,3219494,3220873,+,provisional
kefF,NC_000913.3,47246,47776,+,provisional
ribB,NC_000913.3,3183813,3184466,-,provisional
ttdB,NC_000913.3,3207371,3207976,+,provisional
ymgC,NC_000913.3,1216748,1216996,+,provisional
chpB,NC_000913.3,4448692,4449042,+,provisional
gcvR,NC_000913.3,2599906,2600478,+,provisional
rseC,NC_000913.3,2707322,2707801,-,provisional
yhaB,NC_000913.3,3267854,3268393,+,provisional
aaeA,NC_000913.3,3388194,3389126,-,provisional
potH,NC_000913.3,896134,897087,+,provisional
lgt,NC_000913.3,2965162,2966037,-,provisional
galM,NC_000913.3,787797,788837,-,provisional
gspK,NC_000913.3,3462924,3463907,+,provisional
ydiJ,NC_000913.3,1765629,1768685,-,provisional
mutH,NC_000913.3,2969662,2970351,+,provisional
ykfF,NC_000913.3,265304,265543,-,provisional
hipA,NC_000913.3,1590854,1592176,-,provisional
lpoA,NC_000913.3,3293400,3295436,+,provisional
nuoH,NC_000913.3,2396465,2397442,-,provisional
frdB,NC_000913.3,4379783,4380517,-,provisional
ynfK,NC_000913.3,1666524,1667219,-,provisional
norV,NC_000913.3,2832476,2833915,+,provisional
caiT,NC_000913.3,40417,41931,-,provisional
ccmD,NC_000913.3,2295377,2295586,-,provisional
entS,NC_000913.3,622300,623550,+,provisional
yiaD,NC_000913.3,3716547,3717206,+,provisional
phoR,NC_000913.3,417889,419184,+,provisional
ygbM,NC_000913.3,2864236,2865012,+,provisional
prmB,NC_000913.3,2447508,2448440,-,provisional
lsrR,NC_000913.3,1600288,1601241,-,provisional
valS,NC_000913.3,4480982,4483837,-,provisional
iadA,NC_000913.3,4558354,4559526,-,provisional
nrfC,NC_000913.3,4289808,4290479,+,provisional
eutA,NC_000913.3,2565481,2566884,-,provisional
hokD,NC_000913.3,1645119,1645274,-,provisional
ulaF,NC_000913.3,4423700,4424386,+,provisional
metC,NC_000913.3,3152236,3153423,+,provisional
ybiV,NC_000913.3,859213,860028,-,provisional
hemL,NC_000913.3,173602,174882,-,provisional
djlA,NC_000913.3,57364,58179,+,provisional
luxS,NC_000913.3,2814218,2814733,-,provisional
gltD,NC_000913.3,3359198,3360616,+,provisional
yaiL,NC_000913.3,376772,377311,+,provisional
pth,NC_000913.3,1257929,1258513,-,provisional
cheW,NC_000913.3,1972836,1973339,-,provisional
folC,NC_000913.3,2431674,2432942,-,provisional
pspG,NC_000913.3,4262840,4263082,+,provisional
yagJ,NC_000913.3,291404,292231,+,provisional
kbaY,NC_000913.3,3283143,3284003,+,provisional
paaY,NC_000913.3,1464471,1465061,+,provisional
perR,NC_000913.3,269289,270182,-,provisional
ptsG,NC_000913.3,1157869,1159302,+,provisional
yecC,NC_000913.3,1997062,1997814,-,provisional
yafX,NC_000913.3,264748,265206,-,provisional
abgR,NC_000913.3,1404741,1405649,+,provisional
cheY,NC_000913.3,1967048,1967437,-,provisional
ilvX,NC_000913.3,3950507,3950557,+,provisional
nhoA,NC_000913.3,1534024,1534869,+,provisional
rimL,NC_000913.3,1498938,1499477,+,provisional
gnsB,NC_000913.3,1637609,1637782,-,provisional
ttdA,NC_000913.3,3206463,3207374,+,provisional
frmB,NC_000913.3,377535,378368,-,provisional
hisI,NC_000913.3,2096614,2097225,+,provisional
otsB,NC_000913.3,1981587,1982387,-,provisional
aaaD,NC_000913.3,581354,581662,+,provisional
yoaF,NC_000913.3,1877278,1877532,-,provisional
yhbP,NC_000913.3,3299472,3299915,-,provisional
paaX,NC_000913.3,1463539,1464489,+,provisional
pdxY,NC_000913.3,1715026,1715889,-,provisional
yjiE,NC_000913.3,4557378,4558289,-,provisional
hybB,NC_000913.3,3142986,3144164,-,provisional
narW,NC_000913.3,1536614,1537309,-,provisional
hybO,NC_000913.3,3145143,3146261,-,provisional
nuoF,NC_000913.3,2400218,2401555,-,provisional
ybdJ,NC_000913.3,605951,606199,-,provisional
rpsC,NC_000913.3,3449182,3449883,-,provisional
gldA,NC_000913.3,4137932,4139035,-,provisional
acuI,NC_000913.3,3403484,3404458,+,provisional
alaU,NC_000913.3,3426958,3427033,-,provisional
yciT,NC_000913.3,1343597,1344346,-,provisional
lpxT,NC_000913.3,2268854,2269567,+,provisional
eutM,NC_000913.3,2572157,2572450,-,provisional
nmpC,NC_000913.3,575786,576825,-,provisional
nmpC,NC_000913.3,574529,574586,-,provisional
ytjC,NC_000913.3,4633797,4634444,+,provisional
mepA,NC_000913.3,2445560,2446384,-,provisional
rybB,NC_000913.3,887976,888054,-,provisional
dbpA,NC_000913.3,1409511,1410884,+,provisional
gph,NC_000913.3,3513631,3514389,-,provisional
metF,NC_000913.3,4132616,4133506,+,provisional
yajI,NC_000913.3,432312,432851,-,provisional
yjcO,NC_000913.3,4296436,4297125,-,provisional
ykfC,NC_000913.3,272847,273954,+,provisional
slyA,NC_000913.3,1720390,1720824,-,provisional
insM,NC_000913.3,4508676,4508942,-,provisional
yedN,NC_000913.3,2011223,2012351,-,provisional
fur,NC_000913.3,710200,710646,-,provisional
ygdI,NC_000913.3,2942918,2943145,-,provisional
rlpA,NC_000913.3,664102,665190,-,provisional
lysS,NC_000913.3,3033657,3035174,-,provisional
rutC,NC_000913.3,1071773,1072159,-,provisional
yabI,NC_000913.3,71351,72115,+,provisional
feaB,NC_000913.3,1447519,1449018,+,provisional
ugpE,NC_000913.3,3589182,3590027,-,provisional
matP,NC_000913.3,1018485,1018937,+,provisional
marC,NC_000913.3,1618243,1618908,-,provisional
ampC,NC_000913.3,4377811,4378944,-,provisional
envZ,NC_000913.3,3534516,3535868,-,provisional
bfr,NC_000913.3,3466249,3466725,-,provisional
fryA,NC_000913.3,2501990,2504485,-,provisional
ypdC,NC_000913.3,2501130,2501987,+,provisional
nikD,NC_000913.3,3617015,3617779,+,provisional
yoaH,NC_000913.3,1894552,1894731,-,provisional
pdxJ,NC_000913.3,2700998,2701729,-,provisional
ycgN,NC_000913.3,1228815,1229276,+,provisional
ghrB,NC_000913.3,3717310,3718284,+,provisional
ycbK,NC_000913.3,983075,983623,+,provisional
yfbS,NC_000913.3,2409520,2411352,-,provisional
ygiF,NC_000913.3,3199664,3200965,-,provisional
dcuD,NC_000913.3,3374869,3376236,+,provisional
yfdC,NC_000913.3,2465301,2466233,+,provisional
yhgE,NC_000913.3,3530715,3532439,-,provisional
phnD,NC_000913.3,4323336,4324352,-,provisional
tdcR,NC_000913.3,3267380,3267598,+,provisional
yejA,NC_000913.3,2272364,2274178,+,provisional
hyaF,NC_000913.3,1036749,1037606,+,provisional
pliG,NC_000913.3,1227071,1227472,-,provisional
ybfP,NC_000913.3,715412,715906,+,provisional
tar,NC_000913.3,1971030,1972691,-,provisional
sdhA,NC_000913.3,755907,757673,+,provisional
ycjG,NC_000913.3,1388930,1389895,+,provisional
yhhH,NC_000913.3,3623399,3623782,+,provisional
phnM,NC_000913.3,4316082,4317218,-,provisional
murC,NC_000913.3,100765,102240,+,provisional
yahN,NC_000913.3,345666,346337,-,provisional
ybhL,NC_000913.3,819884,820588,+,provisional
thiP,NC_000913.3,72911,74521,-,provisional
yedK,NC_000913.3,2009821,2010489,+,provisional
cysW,NC_000913.3,2540804,2541679,-,provisional
frlR,NC_000913.3,3504052,3504783,+,provisional
ydcH,NC_000913.3,1498651,1498875,+,provisional
ygcQ,NC_000913.3,2894919,2895779,-,provisional
hinT,NC_000913.3,1161885,1162244,+,provisional
ydaE,NC_000913.3,1417838,1418008,-,provisional
frwD,NC_000913.3,4147138,4147479,+,provisional
dcp,NC_000913.3,1625335,1627380,-,provisional
nuoB,NC_000913.3,2403951,2404613,-,provisional
ynjB,NC_000913.3,1836073,1837239,+,provisional
exuT,NC_000913.3,3245104,3246522,+,provisional
fsaA,NC_000913.3,863642,864304,+,provisional
uspE,NC_000913.3,1397672,1398622,-,provisional
hypB,NC_000913.3,2851001,2851873,+,provisional
lpp,NC_000913.3,1757421,1757657,+,provisional
uidR,NC_000913.3,1696462,1697052,-,provisional
ydaS,NC_000913.3,1420365,1420661,+,provisional
rspA,NC_000913.3,1653927,1655141,-,provisional
rtcR,NC_000913.3,3558268,3559866,+,provisional
yijF,NC_000913.3,4137040,4137657,-,provisional
yqjE,NC_000913.3,3249683,3250087,+,provisional
hyfJ,NC_000913.3,2611457,2611870,+,provisional
mhpC,NC_000913.3,371239,372105,+,provisional
yciQ,NC_000913.3,1324746,1326641,+,provisional
yfcD,NC_000913.3,2418634,2419176,-,provisional
lolC,NC_000913.3,1175427,1176626,+,provisional
pstB,NC_000913.3,3907593,3908366,-,provisional
aroG,NC_000913.3,785633,786685,+,provisional
kduI,NC_000913.3,2983288,2984124,-,provisional
mepH,NC_000913.3,1734435,1735250,+,provisional
ssuE,NC_000913.3,996937,997512,-,provisional
tus,NC_000913.3,1684259,1685188,+,provisional
insG,NC_000913.3,4502103,4503431,-,provisional
yfdN,NC_000913.3,2472387,2472881,-,provisional
hycD,NC_000913.3,2846489,2847412,-,provisional
rrlA,NC_000913.3,4037519,4040423,+,provisional
rydB,NC_000913.3,1764713,1764780,-,provisional
dsdX,NC_000913.3,2477847,2479184,+,provisional
uxaB,NC_000913.3,1609229,1610680,-,provisional
ruvC,NC_000913.3,1946855,1947376,-,provisional
rrfB,NC_000913.3,4171637,4171756,+,provisional
sanA,NC_000913.3,2232878,2233597,+,provisional
hscB,NC_000913.3,2658952,2659467,-,provisional
fkpA,NC_000913.3,3476607,3477419,-,provisional
yjjZ,NC_000913.3,4605804,4606040,+,provisional
loiP,NC_000913.3,3081913,3082671,+,provisional
ykfA,NC_000913.3,268097,268960,-,provisional
hemF,NC_000913.3,2553225,2554124,+,provisional
yqaE,NC_000913.3,2796870,2797028,-,provisional
dnaC,NC_000913.3,4600238,4600975,-,provisional
argR,NC_000913.3,3384703,3385173,+,provisional
dicF,NC_000913.3,1649382,1649434,+,provisional
ybeM,NC_000913.3,658031,658818,+,provisional
yfjZ,NC_000913.3,2777115,2777432,+,provisional
waaC,NC_000913.3,3795979,3796938,+,provisional
pgl,NC_000913.3,798586,799581,+,provisional
ykfH,NC_000913.3,264026,264247,-,provisional
micA,NC_000913.3,2814802,2814879,+,provisional
sspA,NC_000913.3,3376782,3377420,-,provisional
yegD,NC_000913.3,2147674,2149026,+,provisional
rrsD,NC_000913.3,3427221,3428762,-,provisional
tolR,NC_000913.3,775849,776277,+,provisional
dinF,NC_000913.3,4257742,4259121,+,provisional
xdhA,NC_000913.3,3000345,3002603,+,provisional
yhhW,NC_000913.3,3578950,3579645,-,provisional
accC,NC_000913.3,3405917,3407266,+,provisional
mltA,NC_000913.3,2946081,2947178,-,provisional
phnG,NC_000913.3,4321244,4321696,-,provisional
yebV,NC_000913.3,1921780,1922016,+,provisional
yfgF,NC_000913.3,2626695,2628938,-,provisional
yfiF,NC_000913.3,2717491,2718528,-,provisional
ynfO,NC_000913.3,1636756,1636989,+,provisional
yhaH,NC_000913.3,3252304,3252669,+,provisional
cysS,NC_000913.3,554611,555996,+,provisional
dcuA,NC_000913.3,4365472,4366773,-,provisional
hldE,NC_000913.3,3195320,3196753,-,provisional
mdtA,NC_000913.3,2154016,2155263,+,provisional
phnN,NC_000913.3,4315525,4316082,-,provisional
hyfC,NC_000913.3,2603847,2604794,+,provisional
malZ,NC_000913.3,422518,424332,+,provisional
paaK,NC_000913.3,1462125,1463438,+,provisional
ddpB,NC_000913.3,1559907,1560929,-,provisional
dhaR,NC_000913.3,1251066,1252985,+,provisional
yjhY,NC_000913.3,4532050,4532310,-,provisional
fusA,NC_000913.3,3471400,3473514,-,provisional
ydcZ,NC_000913.3,1517882,1518331,-,provisional
acrR,NC_000913.3,485761,486408,+,provisional
rrsH,NC_000913.3,223771,225312,+,provisional
ygaV,NC_000913.3,2797211,2797510,+,provisional
aidB,NC_000913.3,4414275,4415900,+,provisional
cybB,NC_000913.3,1490902,1491432,+,provisional
yjdF,NC_000913.3,4344929,4345558,-,provisional
rimK,NC_000913.3,891967,892869,+,provisional
yjbL,NC_000913.3,4260321,4260575,+,provisional
wzxB,NC_000913.3,2108337,2109584,-,provisional
selD,NC_000913.3,1846965,1848008,-,provisional
tfaQ,NC_000913.3,1634310,1634885,-,provisional
ycdX,NC_000913.3,1098879,1099616,+,provisional
aroM,NC_000913.3,407428,408105,+,provisional
lacI,NC_000913.3,366428,367510,-,provisional
yhaO,NC_000913.3,3256679,3258010,-,provisional
guaB,NC_000913.3,2632604,2634070,-,provisional
hspQ,NC_000913.3,1028404,1028721,-,provisional
rlmH,NC_000913.3,668248,668715,-,provisional
ygbL,NC_000913.3,2863593,2864231,+,provisional
fucU,NC_000913.3,2938888,2939310,+,provisional
fadD,NC_000913.3,1888061,1889746,-,provisional
yqeA,NC_000913.3,3011461,3012393,+,provisional
aroK,NC_000913.3,3518543,3519064,-,provisional
uspB,NC_000913.3,3639385,3639720,-,provisional
lpxC,NC_000913.3,106557,107474,+,provisional
sdhD,NC_000913.3,755560,755907,+,provisional
mrdB,NC_000913.3,665201,666313,-,provisional
fepC,NC_000913.3,619384,620199,-,provisional
gltP,NC_000913.3,4294481,4295794,+,provisional
ycaO,NC_000913.3,954872,956632,-,provisional
ptwF,NC_000913.3,297206,297254,+,provisional
ydhK,NC_000913.3,1722121,1724133,+,provisional
lplT,NC_000913.3,2972669,2973862,-,provisional
ybiI,NC_000913.3,838190,838456,-,provisional
gltI,NC_000913.3,686839,687747,-,provisional
yecM,NC_000913.3,1959280,1959846,-,provisional
mreC,NC_000913.3,3398875,3399978,-,provisional
ybhR,NC_000913.3,825002,826108,-,provisional
yjjY,NC_000913.3,4640402,4640542,+,provisional
yghX,NC_000913.3,3146856,3147691,-,provisional
moaA,NC_000913.3,817044,818033,+,provisional
efeU,NC_000913.3,1081356,1082185,+,provisional
tehA,NC_000913.3,1500573,1501565,+,provisional
yraH,NC_000913.3,3287426,3288010,+,provisional
fucP,NC_000913.3,2934235,2935551,+,provisional
ddpX,NC_000913.3,1562495,1563076,-,provisional
rplE,NC_000913.3,3446899,3447438,-,provisional
ymjA,NC_000913.3,1357423,1357668,-,provisional
ytfT,NC_000913.3,4452571,4453596,+,provisional
rluB,NC_000913.3,1326852,1327727,+,provisional
ogt,NC_000913.3,1399721,1400236,-,provisional
yecD,NC_000913.3,1950832,1951398,+,provisional
asnS,NC_000913.3,987585,988985,-,provisional
pbpC,NC_000913.3,2645013,2647325,-,provisional
fabB,NC_000913.3,2440385,2441605,-,provisional
yjbQ,NC_000913.3,4270238,4270654,+,provisional
rrlC,NC_000913.3,3943704,3946607,+,provisional
ddpA,NC_000913.3,1560931,1562481,-,provisional
yfbV,NC_000913.3,2412677,2413132,-,provisional
udk,NC_000913.3,2142307,2142948,-,provisional
nudG,NC_000913.3,1841490,1841897,+,provisional
yehC,NC_000913.3,2190926,2191645,-,provisional
caiC,NC_000913.3,36271,37824,-,provisional
msrA,NC_000913.3,4441538,4442176,-,provisional
yhhA,NC_000913.3,3586943,3587383,+,provisional
yfjM,NC_000913.3,2765513,2765776,-,provisional
narJ,NC_000913.3,1285139,1285849,+,provisional
yfaH,NC_000913.3,2349651,2349893,+,provisional
ldrA,NC_000913.3,1269168,1269275,-,provisional
yjgR,NC_000913.3,4488561,4490063,-,provisional
hyuA,NC_000913.3,3010028,3011413,+,provisional
ygbA,NC_000913.3,2856453,2856806,-,provisional
rsd,NC_000913.3,4196332,4196808,-,provisional
exbB,NC_000913.3,3151250,3151984,-,provisional
yjcF,NC_000913.3,4281783,4283075,-,provisional
bioF,NC_000913.3,810381,811535,+,provisional
ygeX,NC_000913.3,3007510,3008706,+,provisional
ydfC,NC_000913.3,1648823,1649041,+,provisional
yncE,NC_000913.3,1523307,1524368,+,provisional
rpoH,NC_000913.3,3599929,3600783,-,provisional
tas,NC_000913.3,2971597,2972637,+,provisional
ybjS,NC_000913.3,905740,906753,-,provisional
argB,NC_000913.3,4156013,4156789,+,provisional
rhaR,NC_000913.3,4098646,4099494,+,provisional
yajQ,NC_000913.3,444683,445174,+,provisional
rplP,NC_000913.3,3448759,3449169,-,provisional
nagK,NC_000913.3,1178593,1179504,+,provisional
dppC,NC_000913.3,3703859,3704761,-,provisional
yfhG,NC_000913.3,2688793,2689506,-,provisional
hyfR,NC_000913.3,2611900,2613912,+,provisional
ttcA,NC_000913.3,1411013,1411948,-,provisional
ydhF,NC_000913.3,1724736,1725632,-,provisional
ccmC,NC_000913.3,2295583,2296320,-,provisional
ygiM,NC_000913.3,3201207,3201827,+,provisional
yicT,NC_000913.3,3836425,3836556,+,provisional
ygjP,NC_000913.3,3235960,3236463,+,provisional
ldrD,NC_000913.3,3699980,3700087,-,provisional
ybcI,NC_000913.3,556032,556553,-,provisional
yeaQ,NC_000913.3,1879007,1879255,-,provisional
yhcE,NC_000913.3,3365185,3365551,+,provisional
yhcE,NC_000913.3,3366751,3366929,+,provisional
phnL,NC_000913.3,4317215,4317895,-,provisional
yidH,NC_000913.3,3855960,3856307,-,provisional
emrB,NC_000913.3,2812616,2814154,+,provisional
gspO,NC_000913.3,3465543,3466220,+,provisional
fadB,NC_000913.3,4028782,4030971,-,provisional
yibH,NC_000913.3,3770243,3771379,-,provisional
hofN,NC_000913.3,3521433,3521972,-,provisional
peaD,NC_000913.3,566376,566687,+,provisional
yidF,NC_000913.3,3855114,3855611,-,provisional
soxS,NC_000913.3,4277060,4277383,-,provisional
panF,NC_000913.3,3407607,3409058,+,provisional
ryjA,NC_000913.3,4277927,4278066,-,provisional
btuR,NC_000913.3,1327767,1328357,-,provisional
ybgO,NC_000913.3,747921,748982,-,provisional
yjjU,NC_000913.3,4612411,4613484,+,provisional
ykfM,NC_000913.3,238257,238736,-,provisional
pflC,NC_000913.3,4146258,4147136,+,provisional
lysY,NC_000913.3,781147,781222,+,provisional
minE,NC_000913.3,1224279,1224545,-,provisional
nrfE,NC_000913.3,4291512,4293170,+,provisional
stfP,NC_000913.3,1207501,1208130,+,provisional
ydiU,NC_000913.3,1789808,1791244,-,provisional
yjiS,NC_000913.3,4571751,4571915,+,provisional
ymdE,NC_000913.3,1095505,1095846,+,provisional
yneF,NC_000913.3,1610907,1611854,-,provisional
hisA,NC_000913.3,2095125,2095862,+,provisional
purB,NC_000913.3,1190616,1191986,-,provisional
mlrA,NC_000913.3,2214866,2215597,+,provisional
nirB,NC_000913.3,3494011,3496554,+,provisional
nuoJ,NC_000913.3,2395342,2395896,-,provisional
yoaE,NC_000913.3,1900029,1901585,-,provisional
entC,NC_000913.3,624885,626060,+,provisional
phnF,NC_000913.3,4321697,4322422,-,provisional
ydjF,NC_000913.3,1854096,1854854,-,provisional
yfhH,NC_000913.3,2698759,2699607,+,provisional
ykfK,NC_000913.3,266776,266967,-,provisional
yphG,NC_000913.3,2679464,2682745,-,provisional
hyaD,NC_000913.3,1035770,1036357,+,provisional
suhB,NC_000913.3,2663442,2664245,+,provisional
folE,NC_000913.3,2242984,2243652,-,provisional
glgS,NC_000913.3,3191739,3191939,-,provisional
glgX,NC_000913.3,3569346,3571319,-,provisional
yhhY,NC_000913.3,3581138,3581626,+,provisional
rhtB,NC_000913.3,4008439,4009059,-,provisional
ycfL,NC_000913.3,1162247,1162624,+,provisional
ubiA,NC_000913.3,4253016,4253888,+,provisional
ybiO,NC_000913.3,843255,845480,-,provisional
asr,NC_000913.3,1671376,1671684,+,provisional
rcsD,NC_000913.3,2313488,2316160,+,provisional
mpl,NC_000913.3,4455785,4457158,+,provisional
pheS,NC_000913.3,1797959,1798942,-,provisional
prmC,NC_000913.3,1266094,1266927,+,provisional
sohB,NC_000913.3,1329332,1330381,+,provisional
ilvH,NC_000913.3,87357,87848,+,provisional
proC,NC_000913.3,404835,405644,-,provisional
yafK,NC_000913.3,245065,245805,-,provisional
cirA,NC_000913.3,2244778,2246769,-,provisional
nikC,NC_000913.3,3616182,3617015,+,provisional
recR,NC_000913.3,494405,495010,+,provisional
yffQ,NC_000913.3,2563592,2563969,+,provisional
plsB,NC_000913.3,4254043,4256466,-,provisional
bssR,NC_000913.3,878248,878631,+,provisional
gspB,NC_000913.3,3453508,3453927,-,provisional
ccmB,NC_000913.3,2296362,2297024,-,provisional
gpsA,NC_000913.3,3782642,3783661,-,provisional
fadE,NC_000913.3,240859,243303,-,provisional
helD,NC_000913.3,1024471,1026525,+,provisional
mokA,NC_000913.3,3720448,3720632,-,provisional
ynfE,NC_000913.3,1658069,1660495,+,provisional
yfcC,NC_000913.3,2417081,2418601,+,provisional
nudL,NC_000913.3,1896170,1896748,+,provisional
yfaY,NC_000913.3,2362431,2363633,-,provisional
yeiQ,NC_000913.3,2266245,2267711,+,provisional
rnhA,NC_000913.3,235535,236002,-,provisional
yejG,NC_000913.3,2277893,2278237,-,provisional
mngR,NC_000913.3,765153,765875,-,provisional
yfbR,NC_000913.3,2408862,2409461,+,provisional
yffN,NC_000913.3,2561625,2561993,+,provisional
zraR,NC_000913.3,4203320,4204645,+,provisional
fliT,NC_000913.3,2005713,2006078,+,provisional
dedD,NC_000913.3,2431022,2431684,-,provisional
hcaF,NC_000913.3,2670390,2670908,+,provisional
bsmA,NC_000913.3,4416441,4416770,-,provisional
blc,NC_000913.3,4377189,4377722,-,provisional
sixA,NC_000913.3,2456327,2456812,-,provisional
yhfW,NC_000913.3,3508587,3509813,-,provisional
hldD,NC_000913.3,3793987,3794919,+,provisional
pck,NC_000913.3,3532818,3534440,+,provisional
mhpA,NC_000913.3,368611,370275,+,provisional
paoC,NC_000913.3,298736,300934,-,provisional
ybcO,NC_000913.3,573084,573374,+,provisional
ymgA,NC_000913.3,1216068,1216340,+,provisional
ubiX,NC_000913.3,2428057,2428626,-,provisional
yebF,NC_000913.3,1930034,1930390,-,provisional
yeaO,NC_000913.3,1876909,1877256,+,provisional
pldA,NC_000913.3,4004862,4005731,+,provisional
ybjH,NC_000913.3,884946,885230,-,provisional
lolA,NC_000913.3,937372,937983,+,provisional
csrD,NC_000913.3,3401392,3403332,-,provisional
cysJ,NC_000913.3,2890099,2891898,-,provisional
hycF,NC_000913.3,2844210,2844752,-,provisional
rhmT,NC_000913.3,2358863,2360152,-,provisional
yeaE,NC_000913.3,1864782,1865636,-,provisional
yoeA,NC_000913.3,2068635,2068938,+,provisional
yoeA,NC_000913.3,2070270,2070474,+,provisional
ibpA,NC_000913.3,3867009,3867422,-,provisional
trg,NC_000913.3,1492470,1494110,+,provisional
ydeE,NC_000913.3,1621332,1622519,+,provisional
pgrR,NC_000913.3,1391991,1392890,+,provisional
ybgP,NC_000913.3,748979,749707,-,provisional
ybhQ,NC_000913.3,824630,825040,+,provisional
yshB,NC_000913.3,4053647,4053757,-,provisional
lamB,NC_000913.3,4247971,4249311,+,provisional
mhpF,NC_000913.3,372921,373871,+,provisional
mntH,NC_000913.3,2511468,2512706,-,provisional
sokC,NC_000913.3,16952,17006,+,provisional
yecH,NC_000913.3,1989251,1989490,-,provisional
waaY,NC_000913.3,3800267,3800965,-,provisional
lepA,NC_000913.3,2705325,2707124,-,provisional
dcm,NC_000913.3,2030899,2032317,-,provisional
eco,NC_000913.3,2303905,2304393,+,provisional
proQ,NC_000913.3,1914836,1915534,-,provisional
yagP,NC_000913.3,297381,297719,-,provisional
insP,NC_000913.3,1503218,1503649,-,provisional
rsmI,NC_000913.3,3292475,3293335,-,provisional
argH,NC_000913.3,4156850,4158223,+,provisional
intK,NC_000913.3,1647174,1647356,-,provisional
yfaL,NC_000913.3,2340417,2344169,-,provisional
rutD,NC_000913.3,1070965,1071765,-,provisional
ynfG,NC_000913.3,1662990,1663607,+,provisional
moeB,NC_000913.3,864380,865129,-,provisional
dicB,NC_000913.3,1649609,1649797,+,provisional
rlmL,NC_000913.3,1007844,1009952,+,provisional
waaS,NC_000913.3,3804181,3805116,-,provisional
yegT,NC_000913.3,2178821,2180098,+,provisional
yhbS,NC_000913.3,3300255,3300758,-,provisional
yadD,NC_000913.3,146968,147870,+,provisional
yebO,NC_000913.3,1908261,1908548,-,provisional
yjaZ,NC_000913.3,4189786,4190325,+,provisional
yfiE,NC_000913.3,2714439,2715320,-,provisional
ydiT,NC_000913.3,1782681,1782974,+,provisional
aroF,NC_000913.3,2740080,2741150,-,provisional
smrA,NC_000913.3,1405979,1406542,+,provisional
mdtB,NC_000913.3,2155263,2158385,+,provisional
pta,NC_000913.3,2414747,2416891,+,provisional
gltS,NC_000913.3,3827460,3828665,-,provisional
ycbB,NC_000913.3,981047,982894,+,provisional
sdiA,NC_000913.3,1996110,1996832,-,provisional
ybdH,NC_000913.3,632389,633477,-,provisional
ppdC,NC_000913.3,2962441,2962764,-,provisional
csrC,NC_000913.3,4051036,4051280,+,provisional
agaW,NC_000913.3,3280701,3281075,+,provisional
narP,NC_000913.3,2290500,2291147,+,provisional
rrsA,NC_000913.3,4035531,4037072,+,provisional
prpR,NC_000913.3,346857,348443,-,provisional
argT,NC_000913.3,2427009,2427791,-,provisional
yfeK,NC_000913.3,2537342,2537716,+,provisional
ydhR,NC_000913.3,1746700,1747005,+,provisional
mdtL,NC_000913.3,3891615,3892790,+,provisional
dhaM,NC_000913.3,1247696,1249114,-,provisional
ebgC,NC_000913.3,3225722,3226171,+,provisional
ybiB,NC_000913.3,835248,836210,+,provisional
yeiH,NC_000913.3,2249717,2250766,+,provisional
yggM,NC_000913.3,3098558,3099565,-,provisional
mlaB,NC_000913.3,3336963,3337256,-,provisional
pssA,NC_000913.3,2722727,2724082,+,provisional
fadK,NC_000913.3,1783031,1784677,+,provisional
ygdD,NC_000913.3,2941236,2941631,-,provisional
yhfT,NC_000913.3,3506032,3507336,-,provisional
ydjN,NC_000913.3,1810934,1812325,+,provisional
yeeN,NC_000913.3,2056858,2057574,+,provisional
ynaJ,NC_000913.3,1397365,1397622,+,provisional
acs,NC_000913.3,4285413,4287371,-,provisional
yrhC,NC_000913.3,3623887,3624237,+,provisional
dsbA,NC_000913.3,4043418,4044044,+,provisional
glk,NC_000913.3,2508461,2509426,-,provisional
pheT,NC_000913.3,1795557,1797944,-,provisional
ybjJ,NC_000913.3,886131,887339,-,provisional
bamE,NC_000913.3,2753605,2753946,+,provisional
afuC,NC_000913.3,277756,278802,-,provisional
thiM,NC_000913.3,2184513,2185301,-,provisional
ygiZ,NC_000913.3,3171879,3172211,-,provisional
yjeI,NC_000913.3,4372809,4373162,+,provisional
rimO,NC_000913.3,876710,878035,-,provisional
arnE,NC_000913.3,2372557,2372892,+,provisional
bacA,NC_000913.3,3203310,3204131,-,provisional
yehK,NC_000913.3,2203972,2204289,+,provisional
rydC,NC_000913.3,1491443,1491506,-,provisional
ybaA,NC_000913.3,476672,477025,+,provisional
cdaR,NC_000913.3,182463,183620,+,provisional
qseB,NC_000913.3,3169828,3170487,+,provisional
dpiA,NC_000913.3,653862,654542,+,provisional
creC,NC_000913.3,4636696,4638120,+,provisional
mltB,NC_000913.3,2824491,2825576,-,provisional
bamB,NC_000913.3,2637474,2638652,-,provisional
aat,NC_000913.3,926728,927432,-,provisional
grxB,NC_000913.3,1123407,1124054,-,provisional
hofO,NC_000913.3,3521009,3521449,-,provisional
yahI,NC_000913.3,340165,341115,+,provisional
ybgK,NC_000913.3,744243,745175,+,provisional
rplD,NC_000913.3,3451681,3452286,-,provisional
rlmB,NC_000913.3,4409275,4410006,+,provisional
potI,NC_000913.3,897084,897929,+,provisional
eutC,NC_000913.3,2556410,2557297,-,provisional
ribD,NC_000913.3,433455,434558,+,provisional
ynfL,NC_000913.3,1668699,1669592,-,provisional
yafQ,NC_000913.3,245961,246239,-,provisional
ygjI,NC_000913.3,3226234,3227667,+,provisional
cedA,NC_000913.3,1813421,1813663,-,provisional
nrfB,NC_000913.3,4289245,4289811,+,provisional
yfeY,NC_000913.3,2550641,2551216,-,provisional
murD,NC_000913.3,97087,98403,+,provisional
nemA,NC_000913.3,1726659,1727756,+,provisional
micF,NC_000913.3,2313084,2313176,+,provisional
ybdK,NC_000913.3,606265,607383,-,provisional
waaL,NC_000913.3,3796948,3798207,+,provisional
tyrV,NC_000913.3,1287244,1287328,-,provisional
php,NC_000913.3,3507712,3508590,-,provisional
elaD,NC_000913.3,2382713,2383924,+,provisional
aceK,NC_000913.3,4218596,4220332,+,provisional
ugpB,NC_000913.3,3591009,3592325,-,provisional
ccmF,NC_000913.3,2292961,2294904,-,provisional
yajR,NC_000913.3,445302,446666,-,provisional
wbbK,NC_000913.3,2103391,2104509,-,provisional
mlaD,NC_000913.3,3337910,3338461,-,provisional
nfuA,NC_000913.3,3545624,3546199,+,provisional
hisH,NC_000913.3,2094535,2095125,+,provisional
ldhA,NC_000913.3,1441854,1442843,-,provisional
insE1,NC_000913.3,315291,315590,+,provisional
insE1,NC_000913.3,392602,392901,-,provisional
insE1,NC_000913.3,566842,567141,+,provisional
insE1,NC_000913.3,1095138,1095437,-,provisional
insE1,NC_000913.3,2170236,2170535,+,provisional
tfaR,NC_000913.3,1432411,1432986,+,provisional
paoB,NC_000913.3,300931,301887,-,provisional
ygcR,NC_000913.3,2895776,2896555,-,provisional
yejM,NC_000913.3,2284376,2286136,+,provisional
yeeX,NC_000913.3,2079032,2079361,-,provisional
cca,NC_000913.3,3201891,3203129,+,provisional
yeeD,NC_000913.3,2084226,2084453,-,provisional
stfR,NC_000913.3,1429049,1432411,+,provisional
gltB,NC_000913.3,3354725,3359185,+,provisional
xdhD,NC_000913.3,3021316,3024186,+,provisional
yegV,NC_000913.3,2181096,2182061,+,provisional
phnI,NC_000913.3,4319599,4320663,-,provisional
cynR,NC_000913.3,357791,358690,-,provisional
dtpA,NC_000913.3,1712769,1714271,+,provisional
ileY,NC_000913.3,2785762,2785837,-,provisional
torD,NC_000913.3,1061799,1062398,+,provisional
narH,NC_000913.3,1283604,1285142,+,provisional
yqjC,NC_000913.3,3248969,3249337,+,provisional
osmE,NC_000913.3,1821918,1822256,-,provisional
melB,NC_000913.3,4343369,4344790,+,provisional
rdlB,NC_000913.3,1269858,1269923,+,provisional
ydbL,NC_000913.3,1445880,1446206,+,provisional
insK,NC_000913.3,3721198,3722049,+,provisional
rpoA,NC_000913.3,3440040,3441029,-,provisional
yliE,NC_000913.3,872979,875327,+,provisional
yqjI,NC_000913.3,3216779,3217402,+,provisional
gtrA,NC_000913.3,2467855,2468217,+,provisional
napH,NC_000913.3,2298715,2299578,-,provisional
paaJ,NC_000913.3,1460893,1462098,+,provisional
rrrD,NC_000913.3,577613,578110,+,provisional
rseX,NC_000913.3,2033649,2033739,+,provisional
ybiX,NC_000913.3,838530,839207,-,provisional
nagD,NC_000913.3,699574,700326,-,provisional
uidB,NC_000913.3,1692890,1694263,-,provisional
symR,NC_000913.3,4579835,4579911,+,provisional
nudC,NC_000913.3,4196903,4197676,+,provisional
ulaG,NC_000913.3,4418561,4419625,-,provisional
ykfN,NC_000913.3,263150,263212,-,provisional
bamD,NC_000913.3,2736146,2736883,+,provisional
erpA,NC_000913.3,176610,176954,+,provisional
bcp,NC_000913.3,2600478,2600948,+,provisional
rfbC,NC_000913.3,2109581,2110138,-,provisional
argI,NC_000913.3,4477307,4478311,-,provisional
ydfO,NC_000913.3,1637047,1637457,+,provisional
panB,NC_000913.3,148807,149601,-,provisional
ugpC,NC_000913.3,3588110,3589180,-,provisional
dut,NC_000913.3,3813932,3814387,+,provisional
entE,NC_000913.3,626070,627680,+,provisional
nac,NC_000913.3,2061016,2061933,-,provisional
yhfX,NC_000913.3,3509813,3510976,-,provisional
livJ,NC_000913.3,3598555,3599658,-,provisional
arsC,NC_000913.3,3650237,3650662,+,provisional
frdD,NC_000913.3,4379007,4379366,-,provisional
abgA,NC_000913.3,1403255,1404565,-,provisional
ynfB,NC_000913.3,1655808,1656149,+,provisional
gltK,NC_000913.3,685255,685929,-,provisional
yqhD,NC_000913.3,3155355,3156518,+,provisional
glpQ,NC_000913.3,2349935,2351011,-,provisional
kdpE,NC_000913.3,721056,721733,-,provisional
ydcO,NC_000913.3,1504905,1506080,-,provisional
tpiA,NC_000913.3,4110740,4111507,-,provisional
yqjA,NC_000913.3,3247773,3248435,+,provisional
dxr,NC_000913.3,193521,194717,+,provisional
paaD,NC_000913.3,1455925,1456422,+,provisional
yjbB,NC_000913.3,4227731,4229362,+,provisional
fadI,NC_000913.3,2459159,2460469,-,provisional
ulaE,NC_000913.3,4422846,4423700,+,provisional
ybiW,NC_000913.3,860174,862606,-,provisional
yraN,NC_000913.3,3295394,3295789,+,provisional
priA,NC_000913.3,4124612,4126810,-,provisional
csrB,NC_000913.3,2924156,2924524,-,provisional
yaeP,NC_000913.3,213925,214125,-,provisional
mcbA,NC_000913.3,841796,842056,-,provisional
pgsA,NC_000913.3,1992269,1992817,-,provisional
ycjF,NC_000913.3,1385511,1386572,+,provisional
fhuC,NC_000913.3,169778,170575,+,provisional
fabF,NC_000913.3,1151939,1153180,+,provisional
rseA,NC_000913.3,2708754,2709404,-,provisional
lpoB,NC_000913.3,1162638,1163279,+,provisional
ycdY,NC_000913.3,1099640,1100194,+,provisional
hycE,NC_000913.3,2844762,2846471,-,provisional
soxR,NC_000913.3,4277469,4277933,+,provisional
dppF,NC_000913.3,3701864,3702868,-,provisional
ybjN,NC_000913.3,892957,893433,+,provisional
lacZ,NC_000913.3,363231,366305,-,provisional
yqhG,NC_000913.3,3157650,3158576,+,provisional
yaiY,NC_000913.3,399025,399333,-,provisional
nfsB,NC_000913.3,604771,605424,-,provisional
sgrS,NC_000913.3,77367,77593,+,provisional
rpoC,NC_000913.3,4185350,4189573,+,provisional
yfgD,NC_000913.3,2617578,2617937,+,provisional
ykfG,NC_000913.3,264256,264732,-,provisional
yohJ,NC_000913.3,2230624,2231022,+,provisional
ariR,NC_000913.3,1216369,1216635,+,provisional
gudX,NC_000913.3,2919406,2920746,-,provisional
ybdD,NC_000913.3,632182,632379,+,provisional
dhaK,NC_000913.3,1249768,1250838,-,provisional
yciO,NC_000913.3,1324098,1324718,+,provisional
dgkA,NC_000913.3,4256637,4257005,+,provisional
cycA,NC_000913.3,4429864,4431276,+,provisional
menH,NC_000913.3,2376834,2377592,-,provisional
yihU,NC_000913.3,4072675,4073571,-,provisional
csgC,NC_000913.3,1104961,1105293,+,provisional
prfA,NC_000913.3,1265012,1266094,+,provisional
rhaA,NC_000913.3,4094723,4095982,-,provisional
yddK,NC_000913.3,1544384,1545714,-,provisional
ytfK,NC_000913.3,4439587,4439793,+,provisional
yfcG,NC_000913.3,2420621,2421268,+,provisional
sokX,NC_000913.3,2887354,2887409,+,provisional
xseA,NC_000913.3,2634232,2635602,+,provisional
eptC,NC_000913.3,4148532,4150265,-,provisional
obgE,NC_000913.3,3330582,3331754,-,provisional
ldcC,NC_000913.3,209679,211820,+,provisional
relE,NC_000913.3,1645346,1645633,-,provisional
sapB,NC_000913.3,1354505,1355470,-,provisional
yagA,NC_000913.3,280829,281983,-,provisional
ygcO,NC_000913.3,2893919,2894179,+,provisional
citT,NC_000913.3,645117,646580,-,provisional
ykgL,NC_000913.3,312112,312339,+,provisional
era,NC_000913.3,2702481,2703386,-,provisional
fruA,NC_000913.3,2259719,2261410,-,provisional
katG,NC_000913.3,4133835,4136015,+,provisional
ycbX,NC_000913.3,1006491,1007600,-,provisional
yccJ,NC_000913.3,1066864,1067091,-,provisional
sseA,NC_000913.3,2652494,2653339,+,provisional
cysU,NC_000913.3,2541679,2542512,-,provisional
xisD,NC_000913.3,565858,566079,-,provisional
rutG,NC_000913.3,1068511,1069839,-,provisional
pnp,NC_000913.3,3309033,3311168,-,provisional
cheZ,NC_000913.3,1966393,1967037,-,provisional
ygeI,NC_000913.3,2993638,2993856,+,provisional
yibB,NC_000913.3,3792826,3793683,-,provisional
yqcE,NC_000913.3,2900592,2901869,+,provisional
ccmA,NC_000913.3,2297021,2297644,-,provisional
cdh,NC_000913.3,4109930,4110685,+,provisional
narG,NC_000913.3,1279864,1283607,+,provisional
ybiJ,NC_000913.3,837665,837925,-,provisional
ppiD,NC_000913.3,461915,463786,+,provisional
purL,NC_000913.3,2691656,2695543,-,provisional
ycfQ,NC_000913.3,1168200,1168832,-,provisional
ybaP,NC_000913.3,507286,508080,-,provisional
dkgB,NC_000913.3,229167,229970,+,provisional
rluC,NC_000913.3,1144940,1145899,+,provisional
mutS,NC_000913.3,2857093,2859654,+,provisional
oxyR,NC_000913.3,4158490,4159407,+,provisional
fepD,NC_000913.3,621185,622189,-,provisional
lpxK,NC_000913.3,968366,969352,+,provisional
hcr,NC_000913.3,911182,912150,-,provisional
msrB,NC_000913.3,1862016,1862429,-,provisional
relB,NC_000913.3,1645633,1645872,-,provisional
ybbP,NC_000913.3,520416,522830,+,provisional
ycaL,NC_000913.3,960264,961028,+,provisional
moaC,NC_000913.3,818570,819055,+,provisional
rpsA,NC_000913.3,961995,963668,+,provisional
ydiH,NC_000913.3,1764934,1765122,-,provisional
yneL,NC_000913.3,1590334,1590536,-,provisional
yjgZ,NC_000913.3,4501260,4501589,+,provisional
nadB,NC_000913.3,2710420,2712042,+,provisional
ygiQ,NC_000913.3,3158927,3161146,-,provisional
ddpD,NC_000913.3,1558031,1559017,-,provisional
rplA,NC_000913.3,4178879,4179583,+,provisional
hyfD,NC_000913.3,2604811,2606250,+,provisional
speD,NC_000913.3,134788,135582,-,provisional
yaaW,NC_000913.3,10643,11356,-,provisional
yafF,NC_000913.3,239106,239378,+,provisional
eutH,NC_000913.3,2566881,2568107,-,provisional
yciM,NC_000913.3,1340558,1341727,+,provisional
torA,NC_000913.3,1059256,1061802,+,provisional
yeeJ,NC_000913.3,2044938,2052014,+,provisional
yqeL,NC_000913.3,2989819,2989899,-,provisional
uup,NC_000913.3,1009964,1011871,+,provisional
dauA,NC_000913.3,1259124,1260803,-,provisional
rhaM,NC_000913.3,4093124,4093438,-,provisional
yafL,NC_000913.3,246712,247461,+,provisional
ylbF,NC_000913.3,549627,550442,+,provisional
sokA,NC_000913.3,3722076,3722105,+,provisional
pnuC,NC_000913.3,783166,783885,+,provisional
lysR,NC_000913.3,2979021,2979956,+,provisional
yidP,NC_000913.3,3863899,3864615,+,provisional
psrO,NC_000913.3,3311225,3311398,+,provisional
gcvT,NC_000913.3,3049573,3050667,-,provisional
glcD,NC_000913.3,3126522,3128021,-,provisional
mnaT,NC_000913.3,1518328,1518846,-,provisional
tyrP,NC_000913.3,1989681,1990892,+,provisional
eamA,NC_000913.3,1620238,1621137,-,provisional
ysaA,NC_000913.3,3741109,3741582,-,provisional
ves,NC_000913.3,1824362,1824937,-,provisional
ybeL,NC_000913.3,675018,675500,+,provisional
glpB,NC_000913.3,2354265,2355524,+,provisional
ymiB,NC_000913.3,1346796,1346900,+,provisional
ydiZ,NC_000913.3,1807400,1807690,+,provisional
yceD,NC_000913.3,1146794,1147315,+,provisional
ydhT,NC_000913.3,1748747,1749559,-,provisional
ymfM,NC_000913.3,1203822,1204160,+,provisional
yecA,NC_000913.3,1990954,1991619,-,provisional
tsgA,NC_000913.3,3492568,3493749,+,provisional
topB,NC_000913.3,1844999,1846960,-,provisional
elaA,NC_000913.3,2381082,2381543,-,provisional
ypdK,NC_000913.3,2496921,2496992,+,provisional
asnW,NC_000913.3,2058027,2058102,-,provisional
baeS,NC_000913.3,2162876,2164279,+,provisional
cysQ,NC_000913.3,4436755,4437495,+,provisional
hyfE,NC_000913.3,2606262,2606912,+,provisional
thrU,NC_000913.3,4175388,4175463,+,provisional
yfcF,NC_000913.3,2419841,2420485,-,provisional
ygfM,NC_000913.3,3020540,3021319,+,provisional
ykgR,NC_000913.3,313141,313242,-,provisional
qseC,NC_000913.3,3170484,3171833,+,provisional
rcsB,NC_000913.3,2316177,2316827,+,provisional
rmf,NC_000913.3,1015715,1015882,+,provisional
ycbU,NC_000913.3,1002889,1003431,+,provisional
yjcD,NC_000913.3,4278479,4279828,+,provisional
cpxP,NC_000913.3,4105820,4106320,+,provisional
fhuE,NC_000913.3,1159362,1161551,-,provisional
ribC,NC_000913.3,1742601,1743242,-,provisional
feoA,NC_000913.3,3540163,3540390,+,provisional
yfjW,NC_000913.3,2773318,2775021,+,provisional
paaA,NC_000913.3,1453927,1454856,+,provisional
prc,NC_000913.3,1912768,1914816,-,provisional
atoB,NC_000913.3,2326109,2327293,+,provisional
phnO,NC_000913.3,4315104,4315538,-,provisional
secF,NC_000913.3,429505,430476,+,provisional
lptG,NC_000913.3,4487318,4488400,+,provisional
carB,NC_000913.3,30817,34038,+,provisional
mntS,NC_000913.3,852869,852997,-,provisional
ybhA,NC_000913.3,797613,798431,-,provisional
ykfL,NC_000913.3,266553,266774,-,provisional
yhbV,NC_000913.3,3302489,3303367,+,provisional
wbbJ,NC_000913.3,2104494,2105084,-,provisional
mreB,NC_000913.3,3400044,3401087,-,provisional
puuA,NC_000913.3,1359490,1360908,-,provisional
yccT,NC_000913.3,1027111,1027773,-,provisional
ackA,NC_000913.3,2413470,2414672,+,provisional
ydhW,NC_000913.3,1751077,1751724,-,provisional
hokE,NC_000913.3,607836,607988,+,provisional
yhaM,NC_000913.3,3255341,3256651,-,provisional
fliR,NC_000913.3,2022893,2023678,+,provisional
yhcF,NC_000913.3,3366926,3367642,+,provisional
ypdJ,NC_000913.3,2476181,2476231,+,provisional
zitB,NC_000913.3,783882,784823,-,provisional
fiu,NC_000913.3,839249,841531,-,provisional
dgoD,NC_000913.3,3871850,3872998,-,provisional
yedI,NC_000913.3,2028449,2029366,-,provisional
yjfY,NC_000913.3,4424516,4424791,-,provisional
yneE,NC_000913.3,1608108,1609022,-,provisional
yafZ,NC_000913.3,267184,268005,-,provisional
yaeH,NC_000913.3,183709,184095,-,provisional
gfcA,NC_000913.3,1049439,1049744,-,provisional
yoaB,NC_000913.3,1893367,1893711,+,provisional
yjhQ,NC_000913.3,4533239,4533784,-,provisional
tktA,NC_000913.3,3079644,3081635,-,provisional
hisS,NC_000913.3,2639301,2640575,-,provisional
msyB,NC_000913.3,1113807,1114181,-,provisional
yqcG,NC_000913.3,2905557,2905697,+,provisional
dnaQ,NC_000913.3,236067,236798,+,provisional
fnr,NC_000913.3,1398774,1399526,-,provisional
folX,NC_000913.3,2421325,2421687,+,provisional
glmM,NC_000913.3,3322733,3324070,-,provisional
glmS,NC_000913.3,3911839,3913668,-,provisional
nagB,NC_000913.3,702811,703611,-,provisional
pncB,NC_000913.3,989154,990356,-,provisional
rnr,NC_000913.3,4406654,4409095,+,provisional
proS,NC_000913.3,217057,218775,-,provisional
trpB,NC_000913.3,1317222,1318415,-,provisional
paaH,NC_000913.3,1459054,1460481,+,provisional
cdsA,NC_000913.3,195677,196534,+,provisional
hicB,NC_000913.3,1509508,1509924,+,provisional
narI,NC_000913.3,1285849,1286526,+,provisional
lldD,NC_000913.3,3779827,3781017,+,provisional
yjcE,NC_000913.3,4279980,4281629,+,provisional
ogrK,NC_000913.3,2167302,2167520,-,provisional
ydcU,NC_000913.3,1513831,1514772,+,provisional
queC,NC_000913.3,464852,465547,-,provisional
sufD,NC_000913.3,1760520,1761791,-,provisional
yccF,NC_000913.3,1023902,1024348,-,provisional
yohC,NC_000913.3,2225044,2225631,-,provisional
kduD,NC_000913.3,2982497,2983258,-,provisional
yohD,NC_000913.3,2225801,2226379,+,provisional
lptF,NC_000913.3,4486218,4487318,+,provisional
glnG,NC_000913.3,4053869,4055278,-,provisional
ybfK,NC_000913.3,720583,720840,+,provisional
ycbF,NC_000913.3,1003947,1004657,+,provisional
yniB,NC_000913.3,1808697,1809233,-,provisional
ypaA,NC_000913.3,2357816,2358001,+,provisional
ynjH,NC_000913.3,1841863,1842135,-,provisional
yicH,NC_000913.3,3830457,3832166,+,provisional
galT,NC_000913.3,789983,791029,-,provisional
aroH,NC_000913.3,1788435,1789481,+,provisional
ycaP,NC_000913.3,956762,957454,+,provisional
rluF,NC_000913.3,4230354,4231226,+,provisional
yraK,NC_000913.3,3291341,3292432,+,provisional
yfjV,NC_000913.3,2772167,2773182,-,provisional
pspD,NC_000913.3,1369393,1369614,+,provisional
sokE,NC_000913.3,607734,607792,+,provisional
dsdC,NC_000913.3,2476694,2477629,-,provisional
gspJ,NC_000913.3,3462344,3462931,+,provisional
hyaC,NC_000913.3,1035066,1035773,+,provisional
bioA,NC_000913.3,807968,809257,-,provisional
prpE,NC_000913.3,352706,354592,+,provisional
citC,NC_000913.3,650798,651856,-,provisional
endA,NC_000913.3,3090347,3091054,+,provisional
yfiM,NC_000913.3,2724128,2724451,+,provisional
carA,NC_000913.3,29651,30799,+,provisional
asd,NC_000913.3,3573775,3574878,-,provisional
tfaD,NC_000913.3,581660,582097,+,provisional
yfaS,NC_000913.3,2329798,2334402,-,provisional
malG,NC_000913.3,4242626,4243516,-,provisional
ddpC,NC_000913.3,1559014,1559910,-,provisional
nuoE,NC_000913.3,2401552,2402052,-,provisional
waaP,NC_000913.3,3805153,3805950,-,provisional
rcnB,NC_000913.3,2186960,2187298,+,provisional
yeaD,NC_000913.3,1863850,1864734,+,provisional
exoX,NC_000913.3,1926120,1926782,+,provisional
ycgJ,NC_000913.3,1226600,1226968,+,provisional
argS,NC_000913.3,1960062,1961795,+,provisional
yadS,NC_000913.3,177001,177624,-,provisional
yphH,NC_000913.3,2682863,2684056,+,provisional
yqjD,NC_000913.3,3249375,3249680,+,provisional
sufS,NC_000913.3,1759303,1760523,-,provisional
hycC,NC_000913.3,2847415,2849241,-,provisional
dsbD,NC_000913.3,4363345,4365042,-,provisional
rne,NC_000913.3,1141182,1144367,-,provisional
aaeR,NC_000913.3,3389520,3390449,+,provisional
malS,NC_000913.3,3737497,3739527,+,provisional
mhpD,NC_000913.3,372115,372924,+,provisional
zipA,NC_000913.3,2530247,2531233,-,provisional
recA,NC_000913.3,2822708,2823769,-,provisional
ybeX,NC_000913.3,690906,691784,-,provisional
yfjK,NC_000913.3,2761351,2763540,-,provisional
leuL,NC_000913.3,83622,83708,-,provisional
ybgJ,NC_000913.3,743593,744249,+,provisional
entD,NC_000913.3,609459,610079,-,provisional
hemN,NC_000913.3,4052045,4053418,+,provisional
sgcA,NC_000913.3,4527549,4527980,-,provisional
waaU,NC_000913.3,3798239,3799312,-,provisional
atoC,NC_000913.3,2321866,2323251,+,provisional
hypE,NC_000913.3,2853254,2854264,+,provisional
pykA,NC_000913.3,1937649,1939091,+,provisional
shiA,NC_000913.3,2053643,2054959,+,provisional
araJ,NC_000913.3,411297,412481,-,provisional
atpI,NC_000913.3,3922060,3922440,-,provisional
crcB,NC_000913.3,657555,657938,-,provisional
hcaT,NC_000913.3,2666707,2667846,-,provisional
kgtP,NC_000913.3,2724448,2725746,-,provisional
ugpA,NC_000913.3,3590024,3590911,-,provisional
yddE,NC_000913.3,1534965,1535858,-,provisional
rplJ,NC_000913.3,4179996,4180493,+,provisional
waaB,NC_000913.3,3803058,3804137,-,provisional
phoU,NC_000913.3,3906853,3907578,-,provisional
yidG,NC_000913.3,3855608,3855970,-,provisional
fruB,NC_000913.3,2262365,2263495,-,provisional
hybC,NC_000913.3,3141286,3142989,-,provisional
phnC,NC_000913.3,4324377,4325165,-,provisional
wbbL,NC_000913.3,2102944,2103389,-,provisional
wbbL,NC_000913.3,2101396,2101744,-,provisional
ygbI,NC_000913.3,2860467,2861234,-,provisional
lptE,NC_000913.3,671605,672186,-,provisional
gyrA,NC_000913.3,2336793,2339420,-,provisional
sgcE,NC_000913.3,4526905,4527537,-,provisional
yajL,NC_000913.3,443051,443641,-,provisional
menE,NC_000913.3,2373648,2375003,-,provisional
yqfG,NC_000913.3,3032817,3032942,+,provisional
narX,NC_000913.3,1275822,1277618,-,provisional
glgA,NC_000913.3,3566600,3568033,-,provisional
grxD,NC_000913.3,1733754,1734101,-,provisional
lolB,NC_000913.3,1262877,1263500,-,provisional
pspF,NC_000913.3,1366935,1367912,-,provisional
rcnA,NC_000913.3,2185917,2186741,+,provisional
yciH,NC_000913.3,1342658,1342984,+,provisional
exoD,NC_000913.3,566098,566376,-,provisional
fepG,NC_000913.3,620196,621188,-,provisional
lolE,NC_000913.3,1177320,1178564,+,provisional
rem,NC_000913.3,1644651,1644902,-,provisional
guaA,NC_000913.3,2630958,2632535,-,provisional
yihV,NC_000913.3,4073739,4074635,+,provisional
dcuR,NC_000913.3,4349315,4350034,-,provisional
glf,NC_000913.3,2107226,2108329,-,provisional
ynbG,NC_000913.3,1465165,1465230,-,provisional
hycI,NC_000913.3,2842573,2843043,-,provisional
yneG,NC_000913.3,1611966,1612325,-,provisional
citF,NC_000913.3,648039,649571,-,provisional
yghU,NC_000913.3,3138727,3139593,+,provisional
actP,NC_000913.3,4283253,4284902,-,provisional
yiiE,NC_000913.3,4079297,4079509,+,provisional
rnb,NC_000913.3,1346978,1348912,-,provisional
fklB,NC_000913.3,4428935,4429555,+,provisional
yfbT,NC_000913.3,2411439,2412089,-,provisional
yoaA,NC_000913.3,1891325,1893235,-,provisional
yehE,NC_000913.3,2192515,2192796,-,provisional
ygdB,NC_000913.3,2962749,2963156,-,provisional
yhdZ,NC_000913.3,3422436,3423194,+,provisional
ynjC,NC_000913.3,1837212,1838747,+,provisional
rtcA,NC_000913.3,3555833,3556849,-,provisional
surA,NC_000913.3,53416,54702,-,provisional
norW,NC_000913.3,2833912,2835045,+,provisional
tauD,NC_000913.3,387795,388646,+,provisional
yjjK,NC_000913.3,4628855,4630522,-,provisional
yejK,NC_000913.3,2282940,2283947,-,provisional
ldrC,NC_000913.3,1270238,1270345,-,provisional
yhdX,NC_000913.3,3420134,3421315,+,provisional
yhjE,NC_000913.3,3674786,3676108,+,provisional
ytfB,NC_000913.3,4428079,4428717,-,provisional
ftsK,NC_000913.3,933224,937213,+,provisional
dsbG,NC_000913.3,637827,638573,-,provisional
ubiH,NC_000913.3,3052340,3053518,-,provisional
yhcN,NC_000913.3,3385538,3385801,+,provisional
murE,NC_000913.3,93166,94653,+,provisional
dicC,NC_000913.3,1647620,1647850,-,provisional
ynfF,NC_000913.3,1660556,1662979,+,provisional
fruK,NC_000913.3,2261427,2262365,-,provisional
znuB,NC_000913.3,1943414,1944199,+,provisional
atoS,NC_000913.3,2320043,2321869,+,provisional
citX,NC_000913.3,647484,648035,-,provisional
ypfM,NC_000913.3,2590807,2590866,-,provisional
yciK,NC_000913.3,1328354,1329112,-,provisional
yeeW,NC_000913.3,2077940,2078107,+,provisional
btuC,NC_000913.3,1794172,1795152,-,provisional
nepI,NC_000913.3,3840549,3841739,-,provisional
pinE,NC_000913.3,1209685,1210239,+,provisional
raiA,NC_000913.3,2737154,2737495,+,provisional
yidI,NC_000913.3,3856415,3856864,+,provisional
leuS,NC_000913.3,672201,674783,-,provisional
mdtD,NC_000913.3,2161464,2162879,+,provisional
waaJ,NC_000913.3,3800983,3801999,-,provisional
ykgS,NC_000913.3,290429,290633,+,provisional
yqjK,NC_000913.3,3250077,3250376,+,provisional
ybgF,NC_000913.3,779598,780389,+,provisional
tsaB,NC_000913.3,1890572,1891267,-,provisional
fryC,NC_000913.3,2506647,2507894,-,provisional
ecpE,NC_000913.3,304495,305205,-,provisional
thiQ,NC_000913.3,72229,72927,-,provisional
ubiG,NC_000913.3,2339567,2340289,+,provisional
ydfU,NC_000913.3,1643255,1644304,-,provisional
astB,NC_000913.3,1826916,1828259,-,provisional
hycH,NC_000913.3,2843036,2843446,-,provisional
yjfN,NC_000913.3,4416017,4416292,-,provisional
glnS,NC_000913.3,706093,707757,+,provisional
insZ,NC_000913.3,1294426,1295322,-,provisional
mdtG,NC_000913.3,1114264,1115490,-,provisional
paaC,NC_000913.3,1455164,1455910,+,provisional
insJ,NC_000913.3,3720680,3721201,+,provisional
recX,NC_000913.3,2822139,2822639,-,provisional
yfjP,NC_000913.3,2767710,2768573,+,provisional
cbtA,NC_000913.3,2077569,2077943,+,provisional
pyrC,NC_000913.3,1121561,1122607,-,provisional
ldrB,NC_000913.3,1269703,1269810,-,provisional
arsB,NC_000913.3,3648935,3650224,+,provisional
ycaI,NC_000913.3,964320,966584,+,provisional
paaB,NC_000913.3,1454868,1455155,+,provisional
fliY,NC_000913.3,1999585,2000385,-,provisional
atoD,NC_000913.3,2323447,2324109,+,provisional
csiD,NC_000913.3,2788985,2789962,+,provisional
uvrB,NC_000913.3,813526,815547,+,provisional
dcyD,NC_000913.3,1998494,1999480,-,provisional
fliS,NC_000913.3,2005303,2005713,+,provisional
ydhU,NC_000913.3,1749563,1750348,-,provisional
setA,NC_000913.3,77621,78799,+,provisional
dsdA,NC_000913.3,2479202,2480530,+,provisional
yqhH,NC_000913.3,3158627,3158884,+,provisional
atoA,NC_000913.3,2324109,2324759,+,provisional
cusS,NC_000913.3,593328,594770,-,provisional
metG,NC_000913.3,2194300,2196333,+,provisional
dgoR,NC_000913.3,3874471,3875160,-,provisional
rssA,NC_000913.3,1289245,1290150,+,provisional
aaeB,NC_000913.3,3386221,3388188,-,provisional
aspC,NC_000913.3,984519,985709,-,provisional
cmoB,NC_000913.3,1953442,1954413,+,provisional
entF,NC_000913.3,614157,618038,+,provisional
ybgL,NC_000913.3,745165,745899,+,provisional
envY,NC_000913.3,586147,586908,-,provisional
cueR,NC_000913.3,513993,514400,+,provisional
essD,NC_000913.3,577398,577613,+,provisional
glpC,NC_000913.3,2355521,2356711,+,provisional
mtfA,NC_000913.3,2043651,2044448,+,provisional
dmsA,NC_000913.3,940959,943403,+,provisional
dsrA,NC_000913.3,2025227,2025313,-,provisional
agaA,NC_000913.3,3281071,3281625,+,provisional
feaR,NC_000913.3,1446378,1447283,-,provisional
ampE,NC_000913.3,119281,120135,+,provisional
mdtP,NC_000913.3,4299564,4301030,-,provisional
yebT,NC_000913.3,1917510,1920143,+,provisional
ychO,NC_000913.3,1273784,1275178,+,provisional
ccmH,NC_000913.3,2291358,2292410,-,provisional
lldR,NC_000913.3,3779054,3779830,+,provisional
ydfX,NC_000913.3,1647358,1647636,-,provisional
ymfI,NC_000913.3,1201497,1201838,+,provisional
ydaU,NC_000913.3,1421119,1421976,+,provisional
trpC,NC_000913.3,1318427,1319785,-,provisional
amiD,NC_000913.3,904913,905743,+,provisional
gntU,NC_000913.3,3575721,3577061,-,provisional
yobB,NC_000913.3,1925440,1926096,+,provisional
ppdA,NC_000913.3,2963707,2964177,-,provisional
hemE,NC_000913.3,4197716,4198780,+,provisional
yceF,NC_000913.3,1146011,1146595,-,provisional
yraP,NC_000913.3,3296409,3296984,+,provisional
fhuB,NC_000913.3,171462,173444,+,provisional
galK,NC_000913.3,788831,789979,-,provisional
rutF,NC_000913.3,1069860,1070354,-,provisional
mcaS,NC_000913.3,1405656,1405751,-,provisional
bdcR,NC_000913.3,4474124,4474717,+,provisional
ibpB,NC_000913.3,3866469,3866897,-,provisional
rdlD,NC_000913.3,3700136,3700201,+,provisional
yfaD,NC_000913.3,2356904,2357803,+,provisional
cysK,NC_000913.3,2532409,2533380,+,provisional
tcdA,NC_000913.3,2945036,2945842,-,provisional
rayT,NC_000913.3,247637,248134,+,provisional
ssuB,NC_000913.3,993277,994044,-,provisional
ilvG,NC_000913.3,3950560,3952204,+,provisional
rlmF,NC_000913.3,842332,843258,+,provisional
yhaL,NC_000913.3,3255043,3255207,+,provisional
cbrA,NC_000913.3,3869377,3870441,+,provisional
dsbB,NC_000913.3,1232500,1233030,-,provisional
cspG,NC_000913.3,1051461,1051673,+,provisional
ypfH,NC_000913.3,2593072,2593770,-,provisional
lsrG,NC_000913.3,1606999,1607289,+,provisional
yaiW,NC_000913.3,397872,398966,+,provisional
mutM,NC_000913.3,3810343,3811152,-,provisional
cmoA,NC_000913.3,1952702,1953445,+,provisional
yfeO,NC_000913.3,2509630,2510886,+,provisional
tmk,NC_000913.3,1155124,1155765,+,provisional
rzpR,NC_000913.3,1423201,1423644,+,provisional
ymdB,NC_000913.3,1105820,1106353,+,provisional
yfcQ,NC_000913.3,2450587,2451075,-,provisional
yjiR,NC_000913.3,4570162,4571574,-,provisional
kefC,NC_000913.3,47769,49631,+,provisional
yneM,NC_000913.3,1622646,1622741,+,provisional
ridA,NC_000913.3,4470527,4470913,-,provisional
ymfA,NC_000913.3,1181264,1181725,-,provisional
mtn,NC_000913.3,178455,179153,-,provisional
yfaP,NC_000913.3,2327367,2328143,-,provisional
rhaB,NC_000913.3,4095979,4097448,-,provisional
higA,NC_000913.3,3233728,3234144,-,provisional
ylaC,NC_000913.3,478781,479251,-,provisional
wcaM,NC_000913.3,2114502,2115896,-,provisional
yeiW,NC_000913.3,2265041,2265295,-,provisional
alaE,NC_000913.3,2799164,2799613,+,provisional
gatY,NC_000913.3,2176350,2177204,-,provisional
yffO,NC_000913.3,2562111,2562527,+,provisional
yjdN,NC_000913.3,4325298,4325741,-,provisional
yjhU,NC_000913.3,4519338,4520324,-,provisional
paoD,NC_000913.3,297770,298726,-,provisional
tsaD,NC_000913.3,3209530,3210543,-,provisional
yehI,NC_000913.3,2200279,2203911,+,provisional
ftsH,NC_000913.3,3325001,3326935,-,provisional
yjgH,NC_000913.3,4472814,4473209,-,provisional
ansA,NC_000913.3,1850860,1851876,+,provisional
aphA,NC_000913.3,4269414,4270127,+,provisional
cobB,NC_000913.3,1179631,1180359,+,provisional
dgt,NC_000913.3,179237,180754,+,provisional
dsrB,NC_000913.3,2024635,2024823,-,provisional
mdtC,NC_000913.3,2158386,2161463,+,provisional
yffM,NC_000913.3,2561368,2561613,+,provisional
fmt,NC_000913.3,3434214,3435161,+,provisional
ygiS,NC_000913.3,3166111,3167718,-,provisional
psaA,NC_000913.3,2777972,2777985,+,provisional
rutE,NC_000913.3,1070365,1070955,-,provisional
yrhD,NC_000913.3,3584404,3584559,+,provisional
arfA,NC_000913.3,3438431,3438649,-,provisional
hofP,NC_000913.3,3520615,3521019,-,provisional
ypdF,NC_000913.3,2505547,2506632,-,provisional
rlmC,NC_000913.3,898518,899645,+,provisional
renD,NC_000913.3,566684,566776,+,provisional
renD,NC_000913.3,568035,568247,+,provisional
gltJ,NC_000913.3,685929,686669,-,provisional
macA,NC_000913.3,919235,920350,+,provisional
rhaD,NC_000913.3,4093448,4094272,-,provisional
ydgU,NC_000913.3,1671777,1671860,+,provisional
mrp,NC_000913.3,2193059,2194168,-,provisional
rarA,NC_000913.3,937994,939337,+,provisional
yfeZ,NC_000913.3,2551277,2551726,-,provisional
yjiH,NC_000913.3,4559997,4560680,-,provisional
yhiN,NC_000913.3,3636208,3637410,-,provisional
accB,NC_000913.3,3405436,3405906,+,provisional
ansP,NC_000913.3,1524481,1525980,-,provisional
dcd,NC_000913.3,2141634,2142215,-,provisional
lplA,NC_000913.3,4623101,4624117,-,provisional
manY,NC_000913.3,1903082,1903882,+,provisional
sokB,NC_000913.3,1492119,1492174,+,provisional
ybiH,NC_000913.3,829972,830643,-,provisional
ydcX,NC_000913.3,1517389,1517562,+,provisional
yejB,NC_000913.3,2274179,2275273,+,provisional
yjiK,NC_000913.3,4562743,4563603,-,provisional
yojO,NC_000913.3,2303606,2303770,+,provisional
folD,NC_000913.3,556875,557741,-,provisional
yzgL,NC_000913.3,3563787,3564005,-,provisional
malK,NC_000913.3,4246784,4247899,+,provisional
yidC,NC_000913.3,3885076,3886722,+,provisional
nuoI,NC_000913.3,2395908,2396450,-,provisional
wbbH,NC_000913.3,2106060,2107226,-,provisional
hyfB,NC_000913.3,2601818,2603836,+,provisional
yehS,NC_000913.3,2211726,2212196,-,provisional
yfeA,NC_000913.3,2515643,2517832,-,provisional
ylcG,NC_000913.3,573730,573870,+,provisional
recQ,NC_000913.3,4005864,4007693,+,provisional
ydaW,NC_000913.3,1422701,1423200,+,provisional
yqgA,NC_000913.3,3109553,3110260,+,provisional
yeiS,NC_000913.3,2233600,2233839,+,provisional
metQ,NC_000913.3,220113,220928,-,provisional
lafU,NC_000913.3,250072,250827,+,provisional
ycfT,NC_000913.3,1174092,1175165,-,provisional
smrB,NC_000913.3,2448606,2449157,+,provisional
yajC,NC_000913.3,427287,427619,+,provisional
ybjO,NC_000913.3,897989,898477,+,provisional
araB,NC_000913.3,68348,70048,-,provisional
yaiC,NC_000913.3,403703,404818,+,provisional
yidJ,NC_000913.3,3856911,3858404,-,provisional
yqhC,NC_000913.3,3154262,3155218,-,provisional
yfjQ,NC_000913.3,2768665,2769486,+,provisional
hybD,NC_000913.3,3140792,3141286,-,provisional
chiQ,NC_000913.3,709790,710116,+,provisional
insF1,NC_000913.3,315587,316453,+,provisional
insF1,NC_000913.3,391739,392605,-,provisional
insF1,NC_000913.3,567138,568004,+,provisional
insF1,NC_000913.3,1094275,1095141,-,provisional
insF1,NC_000913.3,2170532,2171398,+,provisional
bamA,NC_000913.3,197928,200360,+,provisional
ibsB,NC_000913.3,2153681,2153737,-,provisional
lsrB,NC_000913.3,1605051,1606073,+,provisional
yibF,NC_000913.3,3761347,3761955,-,provisional
dusC,NC_000913.3,2229438,2230385,-,provisional
ydaV,NC_000913.3,1421983,1422729,+,provisional
fadA,NC_000913.3,4027609,4028772,-,provisional
ubiF,NC_000913.3,695101,696276,+,provisional
ytfJ,NC_000913.3,4438708,4439262,-,provisional
yebZ,NC_000913.3,1923719,1924591,-,provisional
abrB,NC_000913.3,746723,747769,-,provisional
cbrB,NC_000913.3,3897506,3897973,+,provisional
cheA,NC_000913.3,1973360,1975324,-,provisional
glgP,NC_000913.3,3564134,3566581,-,provisional
trmD,NC_000913.3,2744572,2745339,-,provisional
yfcR,NC_000913.3,2451072,2451584,-,provisional
yebY,NC_000913.3,1923365,1923706,-,provisional
purU,NC_000913.3,1287782,1288624,-,provisional
cbl,NC_000913.3,2059964,2060914,-,provisional
cysN,NC_000913.3,2873992,2875419,-,provisional
ileT,NC_000913.3,4037141,4037217,+,provisional
kdpF,NC_000913.3,728732,728821,-,provisional
zraP,NC_000913.3,4201263,4201688,-,provisional
mhpE,NC_000913.3,373868,374881,+,provisional
tyrA,NC_000913.3,2738948,2740069,-,provisional
yhdU,NC_000913.3,3412621,3412800,+,provisional
amn,NC_000913.3,2055061,2056515,+,provisional
ypeA,NC_000913.3,2551713,2552138,-,provisional
waaR,NC_000913.3,3802039,3803058,-,provisional
ygbN,NC_000913.3,2865101,2866465,+,provisional
tgt,NC_000913.3,426137,427264,+,provisional
hyaB,NC_000913.3,1033254,1035047,+,provisional
pykF,NC_000913.3,1755698,1757110,+,provisional
yfdL,NC_000913.3,2471544,2472122,-,provisional
sbmA,NC_000913.3,396639,397859,+,provisional
ybjT,NC_000913.3,906852,908282,-,provisional
mug,NC_000913.3,3214967,3215473,-,provisional
yfdM,NC_000913.3,2472118,2472387,-,provisional
ibsE,NC_000913.3,3195141,3195200,+,provisional
cra,NC_000913.3,88028,89032,+,provisional
cvpA,NC_000913.3,2430275,2430763,-,provisional
eamB,NC_000913.3,2715423,2716010,+,provisional
lrp,NC_000913.3,932595,933089,+,provisional
menD,NC_000913.3,2377589,2379259,-,provisional
napG,NC_000913.3,2299565,2300260,-,provisional
yebW,NC_000913.3,1922121,1922312,+,provisional
yegX,NC_000913.3,2182833,2183651,-,provisional
yfcJ,NC_000913.3,2438942,2440120,-,provisional
yneJ,NC_000913.3,1614804,1615685,+,provisional
msbA,NC_000913.3,966621,968369,+,provisional
mraZ,NC_000913.3,89634,90092,+,provisional
fxsA,NC_000913.3,4368664,4369140,+,provisional
ychE,NC_000913.3,1298598,1299245,+,provisional
ykfI,NC_000913.3,263328,263669,-,provisional
istR,NC_000913.3,3853118,3853257,-,provisional
ynjF,NC_000913.3,1840783,1841403,-,provisional
yoeF,NC_000913.3,2078746,2078931,+,provisional
ybeZ,NC_000913.3,692338,693378,-,provisional
yfeR,NC_000913.3,2525930,2526856,-,provisional
yjbT,NC_000913.3,4239777,4240055,-,provisional
ylaB,NC_000913.3,477067,478617,-,provisional
yhcG,NC_000913.3,3367827,3368954,+,provisional
cynX,NC_000913.3,359992,361146,+,provisional
yqjG,NC_000913.3,3251024,3252010,+,provisional
fliD,NC_000913.3,2003872,2005278,+,provisional
prs,NC_000913.3,1260928,1261875,-,provisional
frvX,NC_000913.3,4089855,4090925,-,provisional
eutE,NC_000913.3,2570348,2571751,-,provisional
ypdE,NC_000913.3,2504510,2505547,-,provisional
aldB,NC_000913.3,3754973,3756511,-,provisional
ygfF,NC_000913.3,3045158,3045901,-,provisional
nuoA,NC_000913.3,2404629,2405072,-,provisional
tehB,NC_000913.3,1501562,1502155,+,provisional
mmuP,NC_000913.3,275325,276728,+,provisional
mhpT,NC_000913.3,375459,376670,+,provisional
yeeZ,NC_000913.3,2088304,2089128,-,provisional
creA,NC_000913.3,4635521,4635994,+,provisional
rpiA,NC_000913.3,3058666,3059325,-,provisional
aldA,NC_000913.3,1488232,1489671,+,provisional
nudB,NC_000913.3,1948180,1948632,-,provisional
wbbI,NC_000913.3,2105065,2106057,-,provisional
yiaK,NC_000913.3,3742733,3743731,+,provisional
ttcC,NC_000913.3,1434958,1435008,-,provisional
ycgX,NC_000913.3,1212703,1213107,-,provisional
mlaE,NC_000913.3,3338466,3339248,-,provisional
cspD,NC_000913.3,922366,922590,-,provisional
ygiV,NC_000913.3,3168749,3169231,-,provisional
rdgC,NC_000913.3,409108,410019,-,provisional
yieE,NC_000913.3,3893881,3894630,+,provisional
ybgC,NC_000913.3,774752,775156,+,provisional
yhfS,NC_000913.3,3504935,3506020,-,provisional
tadA,NC_000913.3,2697354,2697857,-,provisional
focB,NC_000913.3,2613934,2614782,+,provisional
xisE,NC_000913.3,1200787,1201032,-,provisional
dacD,NC_000913.3,2081381,2082547,-,provisional
puuR,NC_000913.3,1361911,1362468,+,provisional
mak,NC_000913.3,410144,411052,+,provisional
yebE,NC_000913.3,1929048,1929707,-,provisional
gss,NC_000913.3,3136663,3138522,-,provisional
pepB,NC_000913.3,2655075,2656358,-,provisional
hcp,NC_000913.3,912162,913814,-,provisional
ninE,NC_000913.3,572921,573091,+,provisional
yhaI,NC_000913.3,3252911,3253267,+,provisional
ychF,NC_000913.3,1256721,1257812,-,provisional
gmhA,NC_000913.3,243543,244121,+,provisional
lipB,NC_000913.3,661637,662278,-,provisional
ravA,NC_000913.3,3929597,3931093,-,provisional
stfQ,NC_000913.3,1634885,1635847,-,provisional
cusR,NC_000913.3,594760,595443,-,provisional
rhmD,NC_000913.3,2360209,2361414,-,provisional
arnF,NC_000913.3,2372892,2373278,+,provisional
ftsZ,NC_000913.3,105305,106456,+,provisional
fryB,NC_000913.3,2507916,2508242,-,provisional
norR,NC_000913.3,2830775,2832289,-,provisional
ycjV,NC_000913.3,1380821,1381902,+,provisional
lolD,NC_000913.3,1176619,1177320,+,provisional
yecN,NC_000913.3,1952266,1952661,+,provisional
glyU,NC_000913.3,2998984,2999057,-,provisional
pheP,NC_000913.3,601959,603335,+,provisional
uspA,NC_000913.3,3640111,3640545,+,provisional
sxy,NC_000913.3,1021138,1021767,+,provisional
yicI,NC_000913.3,3832219,3834537,-,provisional
aroC,NC_000913.3,2446388,2447473,-,provisional
csiR,NC_000913.3,2795674,2796336,+,provisional
eutK,NC_000913.3,2555228,2555728,-,provisional
kdsB,NC_000913.3,970852,971598,+,provisional
mmuM,NC_000913.3,276715,277647,+,provisional
citE,NC_000913.3,649582,650490,-,provisional
tynA,NC_000913.3,1449076,1451349,-,provisional
xdhB,NC_000913.3,3002614,3003492,+,provisional
maeB,NC_000913.3,2576098,2578377,-,provisional
ttdT,NC_000913.3,3208024,3209487,+,provisional
ccmE,NC_000913.3,2294901,2295380,-,provisional
yiaC,NC_000913.3,3713652,3714092,+,provisional
dsbE,NC_000913.3,2292407,2292964,-,provisional
eutB,NC_000913.3,2557318,2558679,-,provisional
pphA,NC_000913.3,1922313,1922969,-,provisional
yjhX,NC_000913.3,4533796,4534053,-,provisional
hypD,NC_000913.3,2852136,2853257,+,provisional
ydcJ,NC_000913.3,1495288,1496631,+,provisional
grxA,NC_000913.3,890496,890753,-,provisional
yhiS,NC_000913.3,3651291,3652031,+,provisional
yhiS,NC_000913.3,3653231,3653713,+,provisional
yhjY,NC_000913.3,3712236,3712934,-,provisional
bdcA,NC_000913.3,4473340,4474053,-,provisional
paaZ,NC_000913.3,1451597,1453642,-,provisional
yecF,NC_000913.3,1995818,1996042,+,provisional
ygeA,NC_000913.3,2979943,2980635,-,provisional
lpxA,NC_000913.3,202560,203348,+,provisional
clcB,NC_000913.3,1665315,1666571,+,provisional
yejF,NC_000913.3,2276300,2277889,+,provisional
aegA,NC_000913.3,2583546,2585525,-,provisional
yegU,NC_000913.3,2180095,2181099,+,provisional
yccM,NC_000913.3,1052289,1053362,-,provisional
pspB,NC_000913.3,1368801,1369025,+,provisional
sufE,NC_000913.3,1758874,1759290,-,provisional
acnB,NC_000913.3,131615,134212,+,provisional
tap,NC_000913.3,1969383,1970984,-,provisional
dgoT,NC_000913.3,3870438,3871730,-,provisional
gabP,NC_000913.3,2794253,2795653,+,provisional
intB,NC_000913.3,4496675,4497940,+,provisional
ygaP,NC_000913.3,2797520,2798044,+,provisional
insB1,NC_000913.3,19811,20314,-,provisional
insB1,NC_000913.3,279178,279681,-,provisional
insB1,NC_000913.3,290649,291152,-,provisional
insB1,NC_000913.3,1050027,1050530,+,provisional
insB1,NC_000913.3,1978518,1979021,-,provisional
insB1,NC_000913.3,3583677,3584180,+,provisional
insB1,NC_000913.3,4518721,4519224,+,provisional
yohF,NC_000913.3,2226509,2227270,-,provisional
mraY,NC_000913.3,96002,97084,+,provisional
araH,NC_000913.3,1982554,1983540,-,provisional
ymjC,NC_000913.3,1390725,1390862,-,provisional
yedQ,NC_000913.3,2026323,2028017,-,provisional
tag,NC_000913.3,3713092,3713655,+,provisional
chbB,NC_000913.3,1821299,1821619,-,provisional
secD,NC_000913.3,427647,429494,+,provisional
dmsC,NC_000913.3,944033,944896,+,provisional
yjiN,NC_000913.3,4565966,4567246,-,provisional
yceQ,NC_000913.3,1144502,1144822,+,provisional
pgpC,NC_000913.3,2697915,2698550,-,provisional
citD,NC_000913.3,650487,650783,-,provisional
zur,NC_000913.3,4259488,4260003,-,provisional
frmA,NC_000913.3,378462,379571,-,provisional
moaB,NC_000913.3,818055,818567,+,provisional
roxA,NC_000913.3,1187119,1188240,-,provisional
serC,NC_000913.3,957653,958741,+,provisional
ybcF,NC_000913.3,550439,551332,+,provisional
ssuA,NC_000913.3,995985,996944,-,provisional
mepS,NC_000913.3,2269979,2270545,+,provisional
glcE,NC_000913.3,3125470,3126522,-,provisional
rprA,NC_000913.3,1770372,1770477,+,provisional
scpC,NC_000913.3,3064802,3066280,+,provisional
ssuD,NC_000913.3,994843,995988,-,provisional
proP,NC_000913.3,4330502,4332004,+,provisional
sodB,NC_000913.3,1735378,1735959,+,provisional
dinB,NC_000913.3,250898,251953,+,provisional
murF,NC_000913.3,94650,96008,+,provisional
gutQ,NC_000913.3,2829813,2830778,+,provisional
hscA,NC_000913.3,2657085,2658935,-,provisional
sapC,NC_000913.3,1353628,1354518,-,provisional
yibI,NC_000913.3,3771382,3771744,-,provisional
yieH,NC_000913.3,3896774,3897439,+,provisional
eutL,NC_000913.3,2555741,2556400,-,provisional
sucD,NC_000913.3,764180,765049,+,provisional
rutB,NC_000913.3,1072171,1072863,-,provisional
pspC,NC_000913.3,1369025,1369384,+,provisional
mdlB,NC_000913.3,470636,472417,+,provisional
hcaC,NC_000913.3,2670908,2671228,+,provisional
pepT,NC_000913.3,1185844,1187070,+,provisional
yaiZ,NC_000913.3,399593,399805,+,provisional
alkB,NC_000913.3,2308691,2309341,-,provisional
lsrK,NC_000913.3,1598617,1600209,-,provisional
argC,NC_000913.3,4155001,4156005,+,provisional
yniD,NC_000913.3,1805165,1805272,+,provisional
sseB,NC_000913.3,2654157,2654933,-,provisional
yhdW,NC_000913.3,3419042,3420066,+,provisional
brnQ,NC_000913.3,419591,420910,+,provisional
yrbL,NC_000913.3,3348452,3349084,+,provisional
ykgT,NC_000913.3,297714,297791,-,provisional
ymjD,NC_000913.3,1390868,1390933,-,provisional
ynfA,NC_000913.3,1655347,1655673,-,provisional
amiA,NC_000913.3,2552352,2553221,+,provisional
mscL,NC_000913.3,3438024,3438434,+,provisional
pawZ,NC_000913.3,2476584,2476598,+,provisional
glyS,NC_000913.3,3722328,3724397,-,provisional
typA,NC_000913.3,4058407,4060230,+,provisional
lfhA,NC_000913.3,248358,250070,-,provisional
yjtD,NC_000913.3,4640942,4641628,+,provisional
rpoS,NC_000913.3,2866559,2867551,-,provisional
ybjC,NC_000913.3,890913,891200,+,provisional
diaA,NC_000913.3,3295809,3296399,+,provisional
hyaE,NC_000913.3,1036354,1036752,+,provisional
sufB,NC_000913.3,1762522,1764009,-,provisional
yfdY,NC_000913.3,2495050,2495292,-,provisional
dkgA,NC_000913.3,3156623,3157450,+,provisional
ydhI,NC_000913.3,1721025,1721261,+,provisional
ssuC,NC_000913.3,994041,994832,-,provisional
ydjZ,NC_000913.3,1834808,1835515,+,provisional
ysgA,NC_000913.3,4015354,4016169,-,provisional
purN,NC_000913.3,2622234,2622872,+,provisional
pepE,NC_000913.3,4229453,4230142,-,provisional
mrcA,NC_000913.3,3522871,3525423,+,provisional
tpx,NC_000913.3,1388305,1388811,-,provisional
yfcP,NC_000913.3,2450051,2450590,-,provisional
ygfS,NC_000913.3,3028524,3029012,-,provisional
cheR,NC_000913.3,1968504,1969364,-,provisional
mqsA,NC_000913.3,3167851,3168246,-,provisional
eutJ,NC_000913.3,2569501,2570337,-,provisional
ygcG,NC_000913.3,2905711,2906583,+,provisional
lnt,NC_000913.3,689343,690881,-,provisional
napA,NC_000913.3,2300267,2302753,-,provisional
purR,NC_000913.3,1737844,1738869,+,provisional
gntT,NC_000913.3,3546559,3547875,+,provisional
ydjA,NC_000913.3,1848125,1848676,-,provisional
amiC,NC_000913.3,2947757,2949010,-,provisional
mokB,NC_000913.3,1491962,1492129,-,provisional
rplO,NC_000913.3,3444105,3444539,-,provisional
astE,NC_000913.3,1825955,1826923,-,provisional
secE,NC_000913.3,4177358,4177741,+,provisional
micC,NC_000913.3,1437121,1437229,+,provisional
yhbW,NC_000913.3,3303448,3304455,+,provisional
gspM,NC_000913.3,3465082,3465543,+,provisional
purM,NC_000913.3,2621197,2622234,+,provisional
hslJ,NC_000913.3,1441321,1441743,-,provisional
phnH,NC_000913.3,4320663,4321247,-,provisional
sufA,NC_000913.3,1764018,1764386,-,provisional
ygaU,NC_000913.3,2796337,2796786,-,provisional
waaZ,NC_000913.3,3799345,3800196,-,provisional
yjiP,NC_000913.3,4568998,4569918,+,provisional
appB,NC_000913.3,1039296,1040432,+,provisional
bglG,NC_000913.3,3905731,3906567,-,provisional
esrE,NC_000913.3,4019978,4020229,+,provisional
frvR,NC_000913.3,4088107,4089855,-,provisional
fucK,NC_000913.3,2937438,2938886,+,provisional
glvC,NC_000913.3,3861987,3863603,-,provisional
hcaE,NC_000913.3,2669032,2670393,+,provisional
hokA,NC_000913.3,3720448,3720600,-,provisional
hokC,NC_000913.3,16751,16903,-,provisional
insI1,NC_000913.3,270603,271754,+,provisional
insI1,NC_000913.3,279931,280104,+,provisional
insI1,NC_000913.3,1469358,1470509,+,provisional
insI1,NC_000913.3,4507466,4508617,-,provisional
intQ,NC_000913.3,1651551,1652708,+,provisional
iroK,NC_000913.3,2668006,2668071,-,provisional
pbl,NC_000913.3,2993939,2994441,+,provisional
phoE,NC_000913.3,259045,260100,-,provisional
phoQ,NC_000913.3,1188316,1189776,-,provisional
quuQ,NC_000913.3,1642489,1643241,-,provisional
rrfA,NC_000913.3,4040517,4040636,+,provisional
rrfD,NC_000913.3,3423668,3423787,-,provisional
rrfE,NC_000913.3,4213040,4213159,+,provisional
rrfF,NC_000913.3,3423423,3423542,-,provisional
rrfG,NC_000913.3,2726069,2726188,-,provisional
rrfH,NC_000913.3,228756,228875,+,provisional
rrlD,NC_000913.3,3423880,3426783,-,provisional
rrsG,NC_000913.3,2729616,2731157,-,provisional
rzoD,NC_000913.3,578327,578509,+,provisional
rzoQ,NC_000913.3,1639080,1639334,-,provisional
rzoR,NC_000913.3,1423400,1423585,+,provisional
scpA,NC_000913.3,3060850,3062994,+,provisional
sgrT,NC_000913.3,77388,77519,+,provisional
tpr,NC_000913.3,1287087,1287176,-,provisional
uidA,NC_000913.3,1694260,1696071,-,provisional
yafV,NC_000913.3,239419,240189,-,provisional
ybfO,NC_000913.3,734133,735653,+,provisional
ybgQ,NC_000913.3,749722,752169,-,provisional
ycbC,NC_000913.3,972622,973401,-,provisional
ycjM,NC_000913.3,1370216,1371895,+,provisional
yeaH,NC_000913.3,1868955,1870238,+,provisional
yehL,NC_000913.3,2204596,2205684,+,provisional
yehM,NC_000913.3,2205695,2207974,+,provisional
ygeG,NC_000913.3,2991268,2991759,+,provisional
ygeW,NC_000913.3,3006262,3007452,+,provisional
ygeY,NC_000913.3,3008764,3009975,+,provisional
yhcD,NC_000913.3,3362807,3365188,+,provisional
yhjV,NC_000913.3,3700563,3701834,+,provisional
yihS,NC_000913.3,4070515,4071756,-,provisional
yjfP,NC_000913.3,4416952,4417701,+,provisional
ykgP,NC_000913.3,313716,313805,-,provisional
ypjJ,NC_000913.3,2776877,2777077,+,provisional
ypjK,NC_000913.3,2770445,2770681,+,provisional
