model,structure_id,type,group_id,split,replicate,start_bin,start,end,coordinate_status,mse,psnr,ssim,shape_correlation,evaluated_pixels,ssim_pixels,profile_correlation,boundary_shift_bp,evaluated_boundaries
bilinear,OPCID_9,OPCID,1,test,1,2332,243140,249010,provisional,0.004650608636438847,23.324902062176733,0.9338529109954834,0.7523202372718618,7504,5995,0.8608866917584359,400.0,2
bilinear,OPCID_20,OPCID,5,test,1,11758,1186860,1190410,provisional,0.0044636488892138,23.5030997434693,0.9374960064888,0.7654712402501175,8001,6555,0.9279298882930824,100.0,2
bilinear,OPCID_21,OPCID,5,test,1,12123,1224080,1226150,provisional,0.003672045422717929,24.350919552720644,0.9397211670875549,0.7703057667377439,8001,6555,0.9578711900767553,0.0,2
bilinear,OPCID_22,OPCID,5,test,1,12366,1247430,1251440,provisional,0.004497929010540247,23.469874031853877,0.930880069732666,0.7884528977684111,8001,6555,0.9938266308584914,300.0,2
bilinear,OPCID_28,OPCID,8,test,1,17226,1732990,1737920,provisional,0.004779628477990627,23.206058599212085,0.9222158789634705,0.7680428715816692,8001,6555,0.9847079466346019,100.0,2
bilinear,OPCID_29,OPCID,8,test,1,17315,1741110,1747490,provisional,0.004696131218224764,23.282597766337876,0.9298328161239624,0.7670520623938429,8001,6555,0.984251867764984,0.0,2
bilinear,OPCID_30,OPCID,8,test,1,17880,1798820,1802930,provisional,0.004331039264798164,23.63407878979029,0.9185670614242554,0.8321945571898913,8001,6555,0.9825978019545983,100.0,2
bilinear,OPCID_55,OPCID,18,test,1,34313,3439610,3448700,provisional,0.004195253364741802,23.772418056132242,0.9015113115310669,0.9127259828889056,8001,6555,0.9965646018334489,0.0,2
bilinear,OPCID_59,OPCID,21,test,1,37248,3735170,3740140,provisional,0.0052498397417366505,22.79853953801995,0.9324756860733032,0.7978283039263984,8001,6555,0.9845149412178722,100.0,2
bilinear,OPCID_64,OPCID,24,test,1,41051,4115250,4120550,provisional,0.005923796445131302,22.27399873222247,0.9194604754447937,0.7747461613337691,8001,6555,0.927447198468919,100.0,2
bilinear,CHIN_9,CHIN,1,test,1,2251,237000,238940,provisional,0.005098289344459772,22.925755205465563,0.9257215261459351,0.749295860278404,5778,4560,0.8854913887636854,0.0,2
bilinear,CHIN_10,CHIN,1,test,1,2402,252280,253840,provisional,0.005072649568319321,22.94765138826286,0.9303514361381531,0.7385565449593846,7504,5488,0.6269439192360001,400.0,2
bilinear,CHIN_11,CHIN,1,test,1,2436,252280,260520,provisional,0.005089051090180874,22.933631891203667,0.9282040596008301,0.7409167951070891,7504,5488,0.7812286299363291,200.0,2
bilinear,CHIN_12,CHIN,1,test,1,2467,258700,260480,provisional,0.005336754955351353,22.727227379837345,0.9226147532463074,0.7340412253757687,6788,4588,0.7928960528781739,600.0,2
bilinear,CHIN_13,CHIN,1,test,1,2501,262320,263560,provisional,0.005435020662844181,22.64798800475175,0.923470139503479,0.7430739364396234,6219,3625,0.8877697068166287,200.0,2
bilinear,CHIN_52,CHIN,32,test,1,9853,997460,998920,provisional,0.003998128231614828,23.981432809058354,0.9407402873039246,0.7829699922406423,8001,6555,0.9798436316081806,1000.0,2
bilinear,CHIN_53,CHIN,32,test,1,9862,998130,999910,provisional,0.004063532222062349,23.91096292129093,0.9416261911392212,0.7688548084832162,8001,6555,0.9794131507899896,100.0,2
bilinear,CHIN_66,CHIN,5,test,1,11683,1180270,1181990,provisional,0.004828507546335459,23.1618708551183,0.936217725276947,0.7555518814755581,8001,6555,0.9383749416678193,500.0,2
bilinear,CHIN_67,CHIN,5,test,1,11857,1196620,1200380,provisional,0.004641539882868528,23.333379134784032,0.9327564239501953,0.7522167170361261,8001,6555,0.9273995728612611,200.0,2
bilinear,CHIN_68,CHIN,5,test,1,11861,1197850,1200030,provisional,0.004673802759498358,23.303296193440776,0.9318014979362488,0.7475572328013791,8001,6555,0.9291144361289843,100.0,2
bilinear,CHIN_69,CHIN,5,test,1,11898,1201850,1203350,provisional,0.004309480078518391,23.655751225656747,0.9354444742202759,0.7448801370553855,8001,6555,0.9389938544441112,100.0,2
bilinear,CHIN_70,CHIN,5,test,1,11985,1209910,1212870,provisional,0.003698535729199648,24.31970181499237,0.9352837800979614,0.7514771775130096,8001,6555,0.9104976331279476,300.0,2
bilinear,CHIN_71,CHIN,5,test,1,12029,1214260,1217180,provisional,0.0037757307291030884,24.229989855165876,0.9352706670761108,0.7550645055052876,8001,6555,0.936300221544902,0.0,2
bilinear,CHIN_72,CHIN,5,test,1,12046,1215940,1218880,provisional,0.0037063101772218943,24.310582378452573,0.936355710029602,0.7593791090926277,8001,6555,0.9475148712104766,0.0,2
bilinear,CHIN_73,CHIN,5,test,1,12056,1215940,1221040,provisional,0.0035835853777825832,24.45682244143192,0.9366471171379089,0.7575998384205722,8001,6555,0.9423363240580388,100.0,2
bilinear,CHIN_74,CHIN,5,test,1,12063,1217950,1220390,provisional,0.0034639202058315277,24.604321208597128,0.9382290840148926,0.7637749320987677,8001,6555,0.9385651179720641,200.0,2
bilinear,CHIN_75,CHIN,5,test,1,12073,1219500,1220780,provisional,0.0033955788239836693,24.690861834938605,0.9408667683601379,0.764063947485688,8001,6555,0.9540302619787129,100.0,2
bilinear,CHIN_76,CHIN,5,test,1,12170,1228980,1230740,provisional,0.004011837765574455,23.966566377005684,0.9417101740837097,0.7655253184196341,8001,6555,0.9633583302682763,300.0,2
bilinear,CHIN_100,CHIN,8,test,1,17415,1753290,1755370,provisional,0.0042772479355335236,23.688355746407325,0.9304749965667725,0.7666121877411299,8001,6555,0.9822329972827155,100.0,2
bilinear,CHIN_101,CHIN,8,test,1,17601,1771840,1774000,provisional,0.003826896660029888,24.171532651297557,0.9453259706497192,0.7417599414669158,8001,6555,0.9182597405839706,0.0,2
bilinear,CHIN_102,CHIN,8,test,1,17634,1775480,1776960,provisional,0.0039058271795511246,24.08286976774676,0.9444695711135864,0.741385451340979,8001,6555,0.8254864295147063,800.0,2
bilinear,CHIN_103,CHIN,8,test,1,17911,1802700,1805220,provisional,0.00431626895442605,23.648915014812808,0.9223823547363281,0.8344000738285772,8001,6555,0.9848737949604551,200.0,2
bilinear,CHIN_199,CHIN,21,test,1,37083,3720060,3722320,provisional,0.0055366139858961105,22.56755754551856,0.915500283241272,0.7582314403805561,8001,6555,0.8642635280664731,100.0,2
bilinear,CHIN_200,CHIN,21,test,1,37192,3730830,3733310,provisional,0.005025198217481375,22.98846802950148,0.9197986125946045,0.8041143753868025,8001,6555,0.9793216124992691,100.0,2
bilinear,CHIN_201,CHIN,21,test,1,37323,3743830,3746470,provisional,0.0054127671755850315,22.665806532217605,0.930601954460144,0.7940829046442451,8001,6555,0.9821797759075265,200.0,2
bilinear,CHIN_202,CHIN,21,test,1,37544,3766010,3768530,provisional,0.005988340359181166,22.226935236406998,0.9251359701156616,0.7684953443393164,5780,3521,0.8264964599142484,0.0,2
bilinear,CHIN_203,CHIN,21,test,1,37559,3767450,3770090,provisional,0.0059656319208443165,22.243435460925664,0.9208845496177673,0.7679936671818978,5889,3521,0.7789866896375184,200.0,2
bilinear,CHIN_204,CHIN,21,test,1,37769,3788920,3790480,provisional,0.005171844735741615,22.863545215764095,0.9212479591369629,0.7933134740595316,8001,6555,0.8582432837974525,100.0,2
bilinear,CHIN_205,CHIN,21,test,1,37852,3796820,3799260,provisional,0.004839868284761906,23.151664573596086,0.9060918092727661,0.8005113711993788,8001,6555,0.9233561557712995,700.0,2
bilinear,CHIN_206,CHIN,21,test,1,37856,3796820,3800060,provisional,0.004889210686087608,23.10761247695506,0.9039072394371033,0.7980785297253229,8001,6555,0.9445652029311407,200.0,2
bilinear,CHIN_207,CHIN,21,test,1,37862,3796820,3801260,provisional,0.0048266928642988205,23.16350335650757,0.9048238396644592,0.800532117461252,8001,6555,0.9479095529818955,100.0,2
bilinear,CHIN_208,CHIN,21,test,1,37870,3796820,3802940,provisional,0.004817814566195011,23.171499196610604,0.9026852250099182,0.8003150542672646,8001,6555,0.9544008084255293,100.0,2
bilinear,CHIN_209,CHIN,21,test,1,37876,3796820,3804000,provisional,0.004767111036926508,23.217447322426963,0.903654932975769,0.8023293096443334,8001,6555,0.947974820615619,300.0,2
bilinear,CHIN_210,CHIN,21,test,1,37888,3796820,3806500,provisional,0.0047191050834953785,23.261403518212674,0.9024060368537903,0.8043874198040979,8001,6555,0.9557288822185817,100.0,2
bilinear,CHIN_211,CHIN,21,test,1,37894,3796820,3807720,provisional,0.004857818130403757,23.135587485758855,0.9007375836372375,0.8014231772046397,8001,6555,0.9472724716746002,100.0,2
bilinear,CHIN_212,CHIN,21,test,1,37897,3796820,3808240,provisional,0.004766840022057295,23.217694230055326,0.9043928384780884,0.8038001814018777,8001,6555,0.9536176556612006,100.0,2
bilinear,CHIN_213,CHIN,21,test,1,37904,3798700,3807820,provisional,0.004885221365839243,23.111157521531375,0.9029593467712402,0.8031417882955271,8001,6555,0.9570936869362981,0.0,2
bilinear,CHIN_214,CHIN,21,test,1,37927,3803270,3807830,provisional,0.0049356212839484215,23.066581716250173,0.9004495739936829,0.7968951638926437,8001,6555,0.949834666383897,100.0,2
bilinear,CHIN_215,CHIN,21,test,1,37931,3803910,3808030,provisional,0.004979005549103022,23.02857389702954,0.9039148092269897,0.7970916240829701,8001,6555,0.9400904017530385,200.0,2
bilinear,CHID_7,CHID,5,test,1,12016,1207850,1221040,provisional,0.0038132534828037024,24.18704324407976,0.9348753690719604,0.7580647807469428,8001,6555,0.9213614821841706,300.0,2
bilinear,CHID_10,CHID,8,test,1,17622,1770410,1779620,provisional,0.003810700960457325,24.189951305557926,0.9455222487449646,0.7445218936079413,8001,6555,0.8429402550941678,600.0,2
bilinear,CHID_21,CHID,21,test,1,37550,3765970,3769680,provisional,0.0060007465071976185,22.217947189847035,0.9242969155311584,0.7694999284553532,5780,3521,0.8129382551373234,0.0,2
bilinear,CHID_22,CHID,21,test,1,37898,3797060,3808210,provisional,0.004825701471418142,23.164395480148634,0.9054924845695496,0.8041749067676774,8001,6555,0.9539167766517396,100.0,2
bilinear,OPCID_9,OPCID,1,test,2,2332,243140,249010,provisional,0.004117115400731564,23.854069597699347,0.935221254825592,0.7555623501023858,7504,5995,0.8786003658471705,400.0,2
bilinear,OPCID_20,OPCID,5,test,2,11758,1186860,1190410,provisional,0.003830985864624381,24.16689450451523,0.9384524822235107,0.7733522435842001,8001,6555,0.9313095824163365,0.0,2
bilinear,OPCID_21,OPCID,5,test,2,12123,1224080,1226150,provisional,0.003011637832969427,25.211972557780683,0.9412721395492554,0.7814069028063447,8001,6555,0.9716734075027265,0.0,2
bilinear,OPCID_22,OPCID,5,test,2,12366,1247430,1251440,provisional,0.003796833334490657,24.20578466199587,0.9303439259529114,0.7998673635906156,8001,6555,0.994147450563509,100.0,2
bilinear,OPCID_28,OPCID,8,test,2,17226,1732990,1737920,provisional,0.004126594401896,23.844082153181,0.9265115261077881,0.7733332007520002,8001,6555,0.9862599428884629,0.0,2
bilinear,OPCID_29,OPCID,8,test,2,17315,1741110,1747490,provisional,0.004046018701046705,23.92972114214097,0.9318143129348755,0.772461552072565,8001,6555,0.9855403868782309,0.0,2
bilinear,OPCID_30,OPCID,8,test,2,17880,1798820,1802930,provisional,0.0038357272278517485,24.161522846220414,0.9158879518508911,0.8449338694410243,8001,6555,0.9870159486182658,100.0,2
bilinear,OPCID_55,OPCID,18,test,2,34313,3439610,3448700,provisional,0.0037958889733999968,24.206864988118923,0.899382472038269,0.9250042730308702,8001,6555,0.9970012850947837,0.0,2
bilinear,OPCID_59,OPCID,21,test,2,37248,3735170,3740140,provisional,0.004754539113491774,23.22891575502252,0.9328387379646301,0.8067176127317817,8001,6555,0.9884869835926435,100.0,2
bilinear,OPCID_64,OPCID,24,test,2,41051,4115250,4120550,provisional,0.0054638562723994255,22.62500733361078,0.9191818833351135,0.7819984940351636,8001,6555,0.9476695292274799,100.0,2
bilinear,CHIN_9,CHIN,1,test,2,2251,237000,238940,provisional,0.004458124283701181,23.50847828414498,0.927600085735321,0.7515052292166478,5778,4560,0.8919038290569312,100.0,2
bilinear,CHIN_10,CHIN,1,test,2,2402,252280,253840,provisional,0.004510095808655024,23.45814232239947,0.9310249090194702,0.7434430666354054,7504,5488,0.6714363932525986,100.0,2
bilinear,CHIN_11,CHIN,1,test,2,2436,252280,260520,provisional,0.004528324119746685,23.440624956051884,0.9283767342567444,0.7441694344235111,7504,5488,0.8243356350798279,200.0,2
bilinear,CHIN_12,CHIN,1,test,2,2467,258700,260480,provisional,0.004700350109487772,23.278697920737184,0.9263020157814026,0.7387063068795995,6788,4588,0.8566035756411029,600.0,2
bilinear,CHIN_13,CHIN,1,test,2,2501,262320,263560,provisional,0.004782415460795164,23.203526982969382,0.9271221160888672,0.7473382083072504,6219,3625,0.9164365340304123,100.0,2
bilinear,CHIN_52,CHIN,32,test,2,9853,997460,998920,provisional,0.0034314855001866817,24.645178318897948,0.9430888295173645,0.7965468341419976,8001,6555,0.983367832206745,200.0,2
bilinear,CHIN_53,CHIN,32,test,2,9862,998130,999910,provisional,0.0034993216395378113,24.560161375809354,0.9438171982765198,0.777297001229659,8001,6555,0.9837678255303431,0.0,2
bilinear,CHIN_66,CHIN,5,test,2,11683,1180270,1181990,provisional,0.004239810165017843,23.72653588249459,0.938348114490509,0.7641824162935971,8001,6555,0.95817153635539,100.0,2
bilinear,CHIN_67,CHIN,5,test,2,11857,1196620,1200380,provisional,0.0040525770746171474,23.922687166984204,0.934356689453125,0.754994232743879,8001,6555,0.9294720320482894,200.0,2
bilinear,CHIN_68,CHIN,5,test,2,11861,1197850,1200030,provisional,0.00407090550288558,23.903089786944562,0.9337264895439148,0.7511775943354855,8001,6555,0.9287512515031623,100.0,2
bilinear,CHIN_69,CHIN,5,test,2,11898,1201850,1203350,provisional,0.00368284760043025,24.338162522723184,0.9379134178161621,0.744733700466503,8001,6555,0.9373615629577966,100.0,2
bilinear,CHIN_70,CHIN,5,test,2,11985,1209910,1212870,provisional,0.0030992936808615923,25.087372692158397,0.9377976655960083,0.7530106792281104,8001,6555,0.9202755995548976,0.0,2
bilinear,CHIN_71,CHIN,5,test,2,12029,1214260,1217180,provisional,0.0031878745649009943,24.96498775369735,0.9369329810142517,0.7627755924157225,8001,6555,0.9531729194142172,0.0,2
bilinear,CHIN_72,CHIN,5,test,2,12046,1215940,1218880,provisional,0.003143666312098503,25.025635588493312,0.9374985098838806,0.7659859266466507,8001,6555,0.9629232506388352,0.0,2
bilinear,CHIN_73,CHIN,5,test,2,12056,1215940,1221040,provisional,0.0030150474049150944,25.207058551552755,0.9372159242630005,0.7653747145492492,8001,6555,0.957898348018591,100.0,2
bilinear,CHIN_74,CHIN,5,test,2,12063,1217950,1220390,provisional,0.002874718513339758,25.41404674135471,0.9393251538276672,0.7734441616498514,8001,6555,0.9548454937196666,100.0,2
bilinear,CHIN_75,CHIN,5,test,2,12073,1219500,1220780,provisional,0.002785725984722376,25.55061604773384,0.9418452978134155,0.7752295057430124,8001,6555,0.9680148379169996,100.0,2
bilinear,CHIN_76,CHIN,5,test,2,12170,1228980,1230740,provisional,0.0033214534632861614,24.786718280574792,0.9423556923866272,0.7790578217601963,8001,6555,0.9735020616457734,300.0,2
bilinear,CHIN_100,CHIN,8,test,2,17415,1753290,1755370,provisional,0.0036095434334129095,24.425477279805566,0.9325816035270691,0.7742197733724676,8001,6555,0.9863378074213905,100.0,2
bilinear,CHIN_101,CHIN,8,test,2,17601,1771840,1774000,provisional,0.003151312004774809,25.015085961138695,0.9495400786399841,0.7455510052531291,8001,6555,0.9326198542537077,100.0,2
bilinear,CHIN_102,CHIN,8,test,2,17634,1775480,1776960,provisional,0.003256301861256361,24.87275342541627,0.948460042476654,0.7470547258778847,8001,6555,0.8623088771440702,100.0,2
bilinear,CHIN_103,CHIN,8,test,2,17911,1802700,1805220,provisional,0.003801295068114996,24.20068417826404,0.9208863973617554,0.8474883639895906,8001,6555,0.988819187692231,100.0,2
bilinear,CHIN_199,CHIN,21,test,2,37083,3720060,3722320,provisional,0.005066078621894121,22.953280745553762,0.9151886105537415,0.7603888487248209,8001,6555,0.8960755780061312,0.0,2
bilinear,CHIN_200,CHIN,21,test,2,37192,3730830,3733310,provisional,0.004517460707575083,23.451056162009067,0.9184767007827759,0.8139625700932397,8001,6555,0.9827199842700243,100.0,2
bilinear,CHIN_201,CHIN,21,test,2,37323,3743830,3746470,provisional,0.004916757345199585,23.083212247465,0.9311872720718384,0.8029304044894869,8001,6555,0.9858902572199258,100.0,2
bilinear,CHIN_202,CHIN,21,test,2,37544,3766010,3768530,provisional,0.005529920570552349,22.572811066733408,0.9281630516052246,0.770961192729025,5780,3521,0.8969543195368909,0.0,2
bilinear,CHIN_203,CHIN,21,test,2,37559,3767450,3770090,provisional,0.005500288214534521,22.59614552923494,0.9219313263893127,0.7720959349255174,5889,3521,0.8625197131888706,200.0,2
bilinear,CHIN_204,CHIN,21,test,2,37769,3788920,3790480,provisional,0.004811023361980915,23.177625341897734,0.9204555153846741,0.7971646556012746,8001,6555,0.9074834470975494,100.0,2
bilinear,CHIN_205,CHIN,21,test,2,37852,3796820,3799260,provisional,0.004460837692022324,23.505835783144114,0.9028498530387878,0.8009280338036057,8001,6555,0.9299095163979025,700.0,2
bilinear,CHIN_206,CHIN,21,test,2,37856,3796820,3800060,provisional,0.004510702099651098,23.457558540704998,0.9009239673614502,0.7983729661899883,8001,6555,0.9454398887891583,200.0,2
bilinear,CHIN_207,CHIN,21,test,2,37862,3796820,3801260,provisional,0.004435329232364893,23.53074137164296,0.9022312760353088,0.8016436055423902,8001,6555,0.9530768492383382,800.0,2
bilinear,CHIN_208,CHIN,21,test,2,37870,3796820,3802940,provisional,0.004419583827257156,23.5461862432405,0.8997901082038879,0.8008000221272397,8001,6555,0.9595158536658697,200.0,2
bilinear,CHIN_209,CHIN,21,test,2,37876,3796820,3804000,provisional,0.00436696782708168,23.59820007660149,0.9002590775489807,0.8020215395945185,8001,6555,0.954764571049998,300.0,2
bilinear,CHIN_210,CHIN,21,test,2,37888,3796820,3806500,provisional,0.004282809793949127,23.682712128489612,0.8994472026824951,0.8059103612767865,8001,6555,0.9594930384710462,100.0,2
bilinear,CHIN_211,CHIN,21,test,2,37894,3796820,3807720,provisional,0.004434068687260151,23.531975836015462,0.8978627920150757,0.8021248420924001,8001,6555,0.9533528440242112,200.0,2
bilinear,CHIN_212,CHIN,21,test,2,37897,3796820,3808240,provisional,0.004386478569358587,23.57883988095466,0.9038613438606262,0.8036160327208561,8001,6555,0.9589335735209862,200.0,2
bilinear,CHIN_213,CHIN,21,test,2,37904,3798700,3807820,provisional,0.004474348854273558,23.492701580177574,0.8997501730918884,0.8034204930136472,8001,6555,0.9578575470580346,0.0,2
bilinear,CHIN_214,CHIN,21,test,2,37927,3803270,3807830,provisional,0.004545220639556646,23.424450298862077,0.8989859223365784,0.7958574173306527,8001,6555,0.94677577442203,100.0,2
bilinear,CHIN_215,CHIN,21,test,2,37931,3803910,3808030,provisional,0.004663560539484024,23.31282381119805,0.9029911160469055,0.7925117633484424,8001,6555,0.9393009376821103,100.0,2
bilinear,CHID_7,CHID,5,test,2,12016,1207850,1221040,provisional,0.0032525279093533754,24.87778968148033,0.9357295036315918,0.7644884292160573,8001,6555,0.9450164787091181,200.0,2
bilinear,CHID_10,CHID,8,test,2,17622,1770410,1779620,provisional,0.00315836351364851,25.005378860800636,0.9495763182640076,0.751116157541142,8001,6555,0.8758487426852257,600.0,2
bilinear,CHID_21,CHID,21,test,2,37550,3765970,3769680,provisional,0.005511104594916105,22.587613464479755,0.9267062544822693,0.7739610117651192,5780,3521,0.8899895159194154,100.0,2
bilinear,CHID_22,CHID,21,test,2,37898,3797060,3808210,provisional,0.004414807539433241,23.550882244497213,0.9031633138656616,0.8044756246263904,8001,6555,0.958289825159661,200.0,2
bicubic,OPCID_9,OPCID,1,test,1,2332,243140,249010,provisional,0.003814802737906575,24.18527914341762,0.9432518482208252,0.8011961649681892,7504,5995,0.9094627494401751,400.0,2
bicubic,OPCID_20,OPCID,5,test,1,11758,1186860,1190410,provisional,0.003637579968199134,24.391874504140468,0.9444624185562134,0.812976443211787,8001,6555,0.9619937537160677,0.0,2
bicubic,OPCID_21,OPCID,5,test,1,12123,1224080,1226150,provisional,0.003002275014296174,25.225495280418606,0.9472736716270447,0.8163157162278677,8001,6555,0.9788562225185257,0.0,2
bicubic,OPCID_22,OPCID,5,test,1,12366,1247430,1251440,provisional,0.003690725192427635,24.32888290717482,0.9399020075798035,0.8296379079549632,8001,6555,0.9911032847272879,200.0,2
bicubic,OPCID_28,OPCID,8,test,1,17226,1732990,1737920,provisional,0.003882256569340825,24.109157664832303,0.9314887523651123,0.8156536949905477,8001,6555,0.9888259288158188,0.0,2
bicubic,OPCID_29,OPCID,8,test,1,17315,1741110,1747490,provisional,0.003839256940409541,24.15752821962309,0.9393322467803955,0.8137203620795748,8001,6555,0.988132638548454,100.0,2
bicubic,OPCID_30,OPCID,8,test,1,17880,1798820,1802930,provisional,0.003524503670632839,24.5290203279514,0.9288555383682251,0.8657474069122602,8001,6555,0.9912009726535469,0.0,2
bicubic,OPCID_55,OPCID,18,test,1,34313,3439610,3448700,provisional,0.0034984389785677195,24.561256968561537,0.9088550806045532,0.929488093039285,8001,6555,0.9981013666861926,0.0,2
bicubic,OPCID_59,OPCID,21,test,1,37248,3735170,3740140,provisional,0.004286027047783136,23.67945092588194,0.9413982033729553,0.838553582015175,8001,6555,0.9899697185946396,300.0,2
bicubic,OPCID_64,OPCID,24,test,1,41051,4115250,4120550,provisional,0.004855073057115078,23.138042306245193,0.9280396103858948,0.8204326853987698,8001,6555,0.9255104473963536,500.0,2
bicubic,CHIN_9,CHIN,1,test,1,2251,237000,238940,provisional,0.004202153999358416,23.765280357363388,0.9359315037727356,0.7974998435835486,5778,4560,0.9380259426034798,0.0,2
bicubic,CHIN_10,CHIN,1,test,1,2402,252280,253840,provisional,0.004224641714245081,23.742101170395642,0.9397059679031372,0.7870662565830416,7504,5488,0.815146271277728,400.0,2
bicubic,CHIN_11,CHIN,1,test,1,2436,252280,260520,provisional,0.00423663342371583,23.72979111865124,0.9396940469741821,0.7890924251832032,7504,5488,0.7870300686943252,200.0,2
bicubic,CHIN_12,CHIN,1,test,1,2467,258700,260480,provisional,0.004456143826246262,23.510408003439622,0.9349566102027893,0.7826605122344781,6788,4588,0.9276545178819721,100.0,2
bicubic,CHIN_13,CHIN,1,test,1,2501,262320,263560,provisional,0.00453558936715126,23.43366271498951,0.9364166855812073,0.7897428676586572,6219,3625,0.9028299282244016,0.0,2
bicubic,CHIN_52,CHIN,32,test,1,9853,997460,998920,provisional,0.003264260943979025,24.862151311680503,0.9501383304595947,0.8263806777993783,8001,6555,0.9860302063591739,100.0,2
bicubic,CHIN_53,CHIN,32,test,1,9862,998130,999910,provisional,0.0033370605669915676,24.76635910914426,0.9507396817207336,0.8141259795370774,8001,6555,0.9842915628709794,100.0,2
bicubic,CHIN_66,CHIN,5,test,1,11683,1180270,1181990,provisional,0.003940286114811897,24.044722417346975,0.9453685283660889,0.8049789397914825,8001,6555,0.9393442142861028,200.0,2
bicubic,CHIN_67,CHIN,5,test,1,11857,1196620,1200380,provisional,0.003823203733190894,24.175725584175268,0.9417595267295837,0.8004321483221131,8001,6555,0.9573274433736075,100.0,2
bicubic,CHIN_68,CHIN,5,test,1,11861,1197850,1200030,provisional,0.0038782963529229164,24.113590081707645,0.9413694739341736,0.7952375354084532,8001,6555,0.9628631981915866,100.0,2
bicubic,CHIN_69,CHIN,5,test,1,11898,1201850,1203350,provisional,0.0035912636667490005,24.447527082656045,0.9461026787757874,0.7920370257417382,8001,6555,0.9594351456246357,100.0,2
bicubic,CHIN_70,CHIN,5,test,1,11985,1209910,1212870,provisional,0.0030512672383338213,25.15519753992745,0.9452682733535767,0.7996462894322575,8001,6555,0.9522788846471635,300.0,2
bicubic,CHIN_71,CHIN,5,test,1,12029,1214260,1217180,provisional,0.003139992244541645,25.030714245882272,0.9440827965736389,0.8009527448764097,8001,6555,0.9646990116236084,900.0,2
bicubic,CHIN_72,CHIN,5,test,1,12046,1215940,1218880,provisional,0.003075304441154003,25.121118845817072,0.9435954093933105,0.8046890328484871,8001,6555,0.9721648845928815,0.0,2
bicubic,CHIN_73,CHIN,5,test,1,12056,1215940,1221040,provisional,0.0029903908725827932,25.242720415380685,0.9441921710968018,0.8019148923366991,8001,6555,0.9666766211280609,100.0,2
bicubic,CHIN_74,CHIN,5,test,1,12063,1217950,1220390,provisional,0.0028791571967303753,25.407346227881767,0.9453313946723938,0.8077104630235774,8001,6555,0.971278314477368,200.0,2
bicubic,CHIN_75,CHIN,5,test,1,12073,1219500,1220780,provisional,0.002816302701830864,25.503206681841625,0.94852614402771,0.8085225846295142,8001,6555,0.9746229496317228,100.0,2
bicubic,CHIN_76,CHIN,5,test,1,12170,1228980,1230740,provisional,0.0032953748013824224,24.820951835236173,0.9486758708953857,0.8116040206817366,8001,6555,0.9842953712008253,700.0,2
bicubic,CHIN_100,CHIN,8,test,1,17415,1753290,1755370,provisional,0.0034826956689357758,24.580844741712276,0.9410027265548706,0.8141929659835874,8001,6555,0.9802489091307879,0.0,2
bicubic,CHIN_101,CHIN,8,test,1,17601,1771840,1774000,provisional,0.003164447145536542,24.997021537715554,0.9554831981658936,0.7916845186712278,8001,6555,0.9381113452564159,0.0,2
bicubic,CHIN_102,CHIN,8,test,1,17634,1775480,1776960,provisional,0.0032211216166615486,24.919928776491325,0.9549340605735779,0.7918686233335753,8001,6555,0.8906146225038972,900.0,2
bicubic,CHIN_103,CHIN,8,test,1,17911,1802700,1805220,provisional,0.0035003169905394316,24.55892623933069,0.9329999685287476,0.8679335324462795,8001,6555,0.9928706962801841,100.0,2
bicubic,CHIN_199,CHIN,21,test,1,37083,3720060,3722320,provisional,0.004535181447863579,23.434053325885618,0.9257491230964661,0.8066602382846508,8001,6555,0.9039101467565489,100.0,2
bicubic,CHIN_200,CHIN,21,test,1,37192,3730830,3733310,provisional,0.004104235675185919,23.867677089357024,0.9290838241577148,0.8436373276626136,8001,6555,0.9871229635325613,100.0,2
bicubic,CHIN_201,CHIN,21,test,1,37323,3743830,3746470,provisional,0.0043989005498588085,23.566558564218106,0.9396584033966064,0.8362439145398632,8001,6555,0.9881767953178209,100.0,2
bicubic,CHIN_202,CHIN,21,test,1,37544,3766010,3768530,provisional,0.004909345414489508,23.089764104893874,0.9356173276901245,0.8151735083553119,5780,3521,0.8972289454307953,0.0,2
bicubic,CHIN_203,CHIN,21,test,1,37559,3767450,3770090,provisional,0.004896965809166431,23.100729282346283,0.9318175911903381,0.814448380436298,5889,3521,0.8794943560907944,200.0,2
bicubic,CHIN_204,CHIN,21,test,1,37769,3788920,3790480,provisional,0.004216827917844057,23.750141215024794,0.9293017387390137,0.8358720641975959,8001,6555,0.9144384373582153,100.0,2
bicubic,CHIN_205,CHIN,21,test,1,37852,3796820,3799260,provisional,0.003962517715990543,24.02028783085931,0.9153311252593994,0.8401416548784407,8001,6555,0.9515243714927966,200.0,2
bicubic,CHIN_206,CHIN,21,test,1,37856,3796820,3800060,provisional,0.004007612355053425,23.971142931795036,0.9142369627952576,0.8379577675094341,8001,6555,0.9672333730083011,200.0,2
bicubic,CHIN_207,CHIN,21,test,1,37862,3796820,3801260,provisional,0.0039536310359835625,24.03003862719136,0.9145806431770325,0.8399217890177829,8001,6555,0.967481851449103,100.0,2
bicubic,CHIN_208,CHIN,21,test,1,37870,3796820,3802940,provisional,0.00394722493365407,24.03708124513699,0.912516713142395,0.8396054424241662,8001,6555,0.9720247600493565,100.0,2
bicubic,CHIN_209,CHIN,21,test,1,37876,3796820,3804000,provisional,0.003898689290508628,24.090813749157572,0.9133559465408325,0.8413182112253912,8001,6555,0.9653795913545464,100.0,2
bicubic,CHIN_210,CHIN,21,test,1,37888,3796820,3806500,provisional,0.003839292796328664,24.15748765980814,0.9129027128219604,0.8437559539176012,8001,6555,0.9762114247944075,100.0,2
bicubic,CHIN_211,CHIN,21,test,1,37894,3796820,3807720,provisional,0.003975885920226574,24.005660852724287,0.9106910824775696,0.8405666280864423,8001,6555,0.9691288968976985,200.0,2
bicubic,CHIN_212,CHIN,21,test,1,37897,3796820,3808240,provisional,0.0038787282537668943,24.11310646288993,0.9155672788619995,0.8434805311752493,8001,6555,0.9733198636687015,100.0,2
bicubic,CHIN_213,CHIN,21,test,1,37904,3798700,3807820,provisional,0.003959948197007179,24.023104953626397,0.9133630990982056,0.8435153933550457,8001,6555,0.9781897121264291,0.0,2
bicubic,CHIN_214,CHIN,21,test,1,37927,3803270,3807830,provisional,0.004026221577078104,23.951023280429034,0.9104305505752563,0.8376571761677855,8001,6555,0.9734116175546442,100.0,2
bicubic,CHIN_215,CHIN,21,test,1,37931,3803910,3808030,provisional,0.004059272352606058,23.91551809173999,0.9140570163726807,0.8379142081168206,8001,6555,0.9641632025675747,200.0,2
bicubic,CHID_7,CHID,5,test,1,12016,1207850,1221040,provisional,0.0031624941620975733,24.99970267514513,0.9440073370933533,0.8035728362027496,8001,6555,0.9553583538809111,200.0,2
bicubic,CHID_10,CHID,8,test,1,17622,1770410,1779620,provisional,0.0031143492087721825,25.066326920441462,0.9565609693527222,0.7963854004403174,8001,6555,0.9046820340589642,800.0,2
bicubic,CHID_21,CHID,21,test,1,37550,3765970,3769680,provisional,0.004907095804810524,23.09175462888377,0.934058427810669,0.8163166581183702,5780,3521,0.9102416974973716,0.0,2
bicubic,CHID_22,CHID,21,test,1,37898,3797060,3808210,provisional,0.003915036097168922,24.072642293329842,0.9154838919639587,0.8442395542088744,8001,6555,0.9746936268675208,200.0,2
bicubic,OPCID_9,OPCID,1,test,2,2332,243140,249010,provisional,0.0033892416395246983,24.698974665798254,0.9435255527496338,0.8029782761163425,7504,5995,0.9193425217475151,400.0,2
bicubic,OPCID_20,OPCID,5,test,2,11758,1186860,1190410,provisional,0.003125728340819478,25.050487695061392,0.9454044103622437,0.8189377528396492,8001,6555,0.9668145840614858,0.0,2
bicubic,OPCID_21,OPCID,5,test,2,12123,1224080,1226150,provisional,0.0024700534995645285,26.072936401354617,0.9483044147491455,0.8243490142695006,8001,6555,0.9863967613211959,0.0,2
bicubic,OPCID_22,OPCID,5,test,2,12366,1247430,1251440,provisional,0.0031217404175549746,25.056032127119376,0.9382424354553223,0.838139492032897,8001,6555,0.9914785538919929,200.0,2
bicubic,OPCID_28,OPCID,8,test,2,17226,1732990,1737920,provisional,0.0033603983465582132,24.7360923765245,0.9345810413360596,0.8193040331374917,8001,6555,0.9898969781380752,0.0,2
bicubic,OPCID_29,OPCID,8,test,2,17315,1741110,1747490,provisional,0.003320039249956608,24.788567819770453,0.9397512078285217,0.8173350778726587,8001,6555,0.9903696114672352,100.0,2
bicubic,OPCID_30,OPCID,8,test,2,17880,1798820,1802930,provisional,0.003111798781901598,25.069884935381054,0.9255174994468689,0.8759235803166183,8001,6555,0.9940970828917801,0.0,2
bicubic,OPCID_55,OPCID,18,test,2,34313,3439610,3448700,provisional,0.0031534782610833645,25.01210158526402,0.9063507318496704,0.9392312101368646,8001,6555,0.998370830243143,0.0,2
bicubic,OPCID_59,OPCID,21,test,2,37248,3735170,3740140,provisional,0.003877183422446251,24.114836528303023,0.9415446519851685,0.845276350527568,8001,6555,0.9931639745710082,300.0,2
bicubic,OPCID_64,OPCID,24,test,2,41051,4115250,4120550,provisional,0.004485651850700378,23.481744367689103,0.9266949892044067,0.8251353322967256,8001,6555,0.9480457163353805,100.0,2
bicubic,CHIN_9,CHIN,1,test,2,2251,237000,238940,provisional,0.0036856303922832012,24.3348821948056,0.9360308647155762,0.7985721123662406,5778,4560,0.944550557292243,200.0,2
bicubic,CHIN_10,CHIN,1,test,2,2402,252280,253840,provisional,0.0037703283596783876,24.236208252354636,0.9393964409828186,0.7899552583306455,7504,5488,0.841714102355273,100.0,2
bicubic,CHIN_11,CHIN,1,test,2,2436,252280,260520,provisional,0.0037836034316569567,24.220943893073873,0.9386369585990906,0.790870387767123,7504,5488,0.8255050444829558,200.0,2
bicubic,CHIN_12,CHIN,1,test,2,2467,258700,260480,provisional,0.003934736363589764,24.05084361061931,0.9371813535690308,0.7856295050975779,6788,4588,0.9471885208249989,100.0,2
bicubic,CHIN_13,CHIN,1,test,2,2501,262320,263560,provisional,0.003993765916675329,23.98617393665477,0.9383357763290405,0.7928867169431535,6219,3625,0.9199737010073441,0.0,2
bicubic,CHIN_52,CHIN,32,test,2,9853,997460,998920,provisional,0.002790843602269888,25.542645005139892,0.9514878392219543,0.8375870328785011,8001,6555,0.9892563171953651,100.0,2
bicubic,CHIN_53,CHIN,32,test,2,9862,998130,999910,provisional,0.0028812962118536234,25.40412091750586,0.9518797397613525,0.8202133742158499,8001,6555,0.9893765351713328,0.0,2
bicubic,CHIN_66,CHIN,5,test,2,11683,1180270,1181990,provisional,0.0034724802244454622,24.593602188628214,0.9458354115486145,0.8108803456275939,8001,6555,0.9631287005458828,100.0,2
bicubic,CHIN_67,CHIN,5,test,2,11857,1196620,1200380,provisional,0.0033415788784623146,24.760482828339864,0.9434540271759033,0.8024980408589432,8001,6555,0.9642288384256043,200.0,2
bicubic,CHIN_68,CHIN,5,test,2,11861,1197850,1200030,provisional,0.0033867587335407734,24.702157405930475,0.942302942276001,0.7975538102327817,8001,6555,0.9660916075181359,100.0,2
bicubic,CHIN_69,CHIN,5,test,2,11898,1201850,1203350,provisional,0.0030753512401133776,25.121052756831222,0.9480971693992615,0.7915727542124468,8001,6555,0.9640892595768478,100.0,2
bicubic,CHIN_70,CHIN,5,test,2,11985,1209910,1212870,provisional,0.0025629240553826094,25.912642626479542,0.947162926197052,0.8003727182136002,8001,6555,0.9602711638939628,0.0,2
bicubic,CHIN_71,CHIN,5,test,2,12029,1214260,1217180,provisional,0.0026575541123747826,25.755178837316603,0.9453012347221375,0.8064925131889832,8001,6555,0.974461502010586,0.0,2
bicubic,CHIN_72,CHIN,5,test,2,12046,1215940,1218880,provisional,0.0026192415971308947,25.81824440688335,0.9441022872924805,0.8090181357779859,8001,6555,0.9808558339294975,0.0,2
bicubic,CHIN_73,CHIN,5,test,2,12056,1215940,1221040,provisional,0.0025196645874530077,25.986572677555152,0.9450777173042297,0.8078039332180156,8001,6555,0.975401594460976,100.0,2
bicubic,CHIN_74,CHIN,5,test,2,12063,1217950,1220390,provisional,0.002391935558989644,26.212505248308645,0.9464420676231384,0.815126312196954,8001,6555,0.978943821928164,200.0,2
bicubic,CHIN_75,CHIN,5,test,2,12073,1219500,1220780,provisional,0.0023099719546735287,26.363932928370627,0.9494428038597107,0.8172704030945077,8001,6555,0.9825622178272118,100.0,2
bicubic,CHIN_76,CHIN,5,test,2,12170,1228980,1230740,provisional,0.0027250575367361307,25.646243236173536,0.9495567679405212,0.8223746390218303,8001,6555,0.9882456544727285,700.0,2
bicubic,CHIN_100,CHIN,8,test,2,17415,1753290,1755370,provisional,0.0029438987839967012,25.31077125824814,0.9426969885826111,0.8198586443867194,8001,6555,0.986548923141962,0.0,2
bicubic,CHIN_101,CHIN,8,test,2,17601,1771840,1774000,provisional,0.0026272221002727747,25.805032112468037,0.9578938484191895,0.7926685169574886,8001,6555,0.9506607646636867,200.0,2
bicubic,CHIN_102,CHIN,8,test,2,17634,1775480,1776960,provisional,0.0026957085356116295,25.693270662236564,0.957187294960022,0.7954315604990171,8001,6555,0.919606545328888,100.0,2
bicubic,CHIN_103,CHIN,8,test,2,17911,1802700,1805220,provisional,0.0030741440132260323,25.122757911354366,0.930921733379364,0.8782897069583343,8001,6555,0.9954079854892264,100.0,2
bicubic,CHIN_199,CHIN,21,test,2,37083,3720060,3722320,provisional,0.004160210955888033,23.808846466196027,0.9251561164855957,0.8075553097851557,8001,6555,0.9324022965986833,100.0,2
bicubic,CHIN_200,CHIN,21,test,2,37192,3730830,3733310,provisional,0.0036861419212073088,24.334279478986435,0.9271740913391113,0.8511016360623299,8001,6555,0.9895133094050125,100.0,2
bicubic,CHIN_201,CHIN,21,test,2,37323,3743830,3746470,provisional,0.004002938978374004,23.976210303189372,0.9391659498214722,0.8424713495877388,8001,6555,0.991330618803465,0.0,2
bicubic,CHIN_202,CHIN,21,test,2,37544,3766010,3768530,provisional,0.004542026203125715,23.42750364647309,0.9365543723106384,0.8160981414414934,5780,3521,0.942733796660738,0.0,2
bicubic,CHIN_203,CHIN,21,test,2,37559,3767450,3770090,provisional,0.0045112320221960545,23.457048356449015,0.9315544366836548,0.8173274805730157,5889,3521,0.9288727972783284,200.0,2
bicubic,CHIN_204,CHIN,21,test,2,37769,3788920,3790480,provisional,0.003937725909054279,24.047545168236017,0.9274365901947021,0.8375484965069274,8001,6555,0.9482490680699529,100.0,2
bicubic,CHIN_205,CHIN,21,test,2,37852,3796820,3799260,provisional,0.0036551279481500387,24.37097415914615,0.9110414385795593,0.8398827629224324,8001,6555,0.96136775132631,300.0,2
bicubic,CHIN_206,CHIN,21,test,2,37856,3796820,3800060,provisional,0.0037197167985141277,24.29490123968776,0.9096798300743103,0.8368302785009165,8001,6555,0.97194612649579,200.0,2
bicubic,CHIN_207,CHIN,21,test,2,37862,3796820,3801260,provisional,0.0036408361047506332,24.387988707514374,0.9105803966522217,0.840061927365361,8001,6555,0.9736841647975729,700.0,2
bicubic,CHIN_208,CHIN,21,test,2,37870,3796820,3802940,provisional,0.0036348963622003794,24.395079671890247,0.9080859422683716,0.839011112271013,8001,6555,0.9773334523860272,100.0,2
bicubic,CHIN_209,CHIN,21,test,2,37876,3796820,3804000,provisional,0.0035837553441524506,24.456616464182,0.9086880087852478,0.8402448314384603,8001,6555,0.9721101429139374,200.0,2
bicubic,CHIN_210,CHIN,21,test,2,37888,3796820,3806500,provisional,0.0035078641958534718,24.549572283428,0.9082096219062805,0.8436159396860206,8001,6555,0.9809898036711805,100.0,2
bicubic,CHIN_211,CHIN,21,test,2,37894,3796820,3807720,provisional,0.0036442726850509644,24.38389134118857,0.9060691595077515,0.8401176766899414,8001,6555,0.9743329505465321,200.0,2
bicubic,CHIN_212,CHIN,21,test,2,37897,3796820,3808240,provisional,0.003588754218071699,24.450562840435566,0.9141271114349365,0.8420692209091921,8001,6555,0.9803512693323408,100.0,2
bicubic,CHIN_213,CHIN,21,test,2,37904,3798700,3807820,provisional,0.003652905812487006,24.37361525610286,0.9086446762084961,0.842297476346348,8001,6555,0.981603436753737,0.0,2
bicubic,CHIN_214,CHIN,21,test,2,37927,3803270,3807830,provisional,0.0037139016203582287,24.301696047161737,0.9079138040542603,0.8361901841953069,8001,6555,0.9761299718761672,100.0,2
bicubic,CHIN_215,CHIN,21,test,2,37931,3803910,3808030,provisional,0.0038220311980694532,24.17705772253766,0.9120723009109497,0.8330265880756693,8001,6555,0.968316593404695,100.0,2
bicubic,CHID_7,CHID,5,test,2,12016,1207850,1221040,provisional,0.00270371837541461,25.68038547335839,0.9444412589073181,0.8081568602916376,8001,6555,0.9689565441029069,100.0,2
bicubic,CHID_10,CHID,8,test,2,17622,1770410,1779620,provisional,0.0025845346972346306,25.876176330778776,0.95914626121521,0.8011944268250492,8001,6555,0.9343396104228885,700.0,2
bicubic,CHID_21,CHID,21,test,2,37550,3765970,3769680,provisional,0.004503797274082899,23.464211662758498,0.934969961643219,0.8193588331381223,5780,3521,0.9501846695184749,0.0,2
bicubic,CHID_22,CHID,21,test,2,37898,3797060,3808210,provisional,0.003599884221330285,24.437114666899213,0.9121415615081787,0.843318215237194,8001,6555,0.9795733767496949,100.0,2
residual_cnn_42,OPCID_9,OPCID,1,test,1,2332,243140,249010,provisional,0.00037325258017517626,34.27997181454328,0.9705682396888733,0.9822858972893356,7504,5995,0.9686246960258621,1000.0,2
residual_cnn_42,OPCID_20,OPCID,5,test,1,11758,1186860,1190410,provisional,0.0003026684862561524,35.19032795289004,0.968738853931427,0.9860557598018013,8001,6555,0.9809930678561686,0.0,2
residual_cnn_42,OPCID_21,OPCID,5,test,1,12123,1224080,1226150,provisional,0.00026819470804184675,35.71549795801716,0.9657478928565979,0.985091824021344,8001,6555,0.9817051907341038,0.0,2
residual_cnn_42,OPCID_22,OPCID,5,test,1,12366,1247430,1251440,provisional,0.0003225762047804892,34.91367672017344,0.9635218977928162,0.9864433514750794,8001,6555,0.9960772076483719,300.0,2
residual_cnn_42,OPCID_28,OPCID,8,test,1,17226,1732990,1737920,provisional,0.0002722060598898679,35.65102210699783,0.9568079113960266,0.9883792170330796,8001,6555,0.9906914741730435,100.0,2
residual_cnn_42,OPCID_29,OPCID,8,test,1,17315,1741110,1747490,provisional,0.0002315178862772882,36.35415451248796,0.963609516620636,0.989767880666668,8001,6555,0.9920982059022628,100.0,2
residual_cnn_42,OPCID_30,OPCID,8,test,1,17880,1798820,1802930,provisional,0.0003359232214279473,34.73759973563993,0.9469776749610901,0.9880230796176108,8001,6555,0.9965429332342209,0.0,2
residual_cnn_42,OPCID_55,OPCID,18,test,1,34313,3439610,3448700,provisional,0.00042958493577316403,33.66950956417665,0.9252977967262268,0.9912481743420648,8001,6555,0.9992390070783524,0.0,2
residual_cnn_42,OPCID_59,OPCID,21,test,1,37248,3735170,3740140,provisional,0.0002148868516087532,36.67790157093292,0.968083918094635,0.9924793982880975,8001,6555,0.9969824164354463,100.0,2
residual_cnn_42,OPCID_64,OPCID,24,test,1,41051,4115250,4120550,provisional,0.0001905221288325265,37.20054574467534,0.958810567855835,0.993517304968804,8001,6555,0.9790726550457715,100.0,2
residual_cnn_42,CHIN_9,CHIN,1,test,1,2251,237000,238940,provisional,0.00043587599066086113,33.606370525484444,0.9645365476608276,0.9811222035595517,5778,4560,0.9681849026304736,200.0,2
residual_cnn_42,CHIN_10,CHIN,1,test,1,2402,252280,253840,provisional,0.0004949050489813089,33.05478115529041,0.9665041565895081,0.9773516748129641,7504,5488,0.932657673526048,400.0,2
residual_cnn_42,CHIN_11,CHIN,1,test,1,2436,252280,260520,provisional,0.0003826602769549936,34.17186618503585,0.9678282737731934,0.9827059284569982,7504,5488,0.8313546144059759,200.0,2
residual_cnn_42,CHIN_12,CHIN,1,test,1,2467,258700,260480,provisional,0.0004524775722529739,33.44402942399476,0.9679403305053711,0.9800129589655987,6788,4588,0.9489682400472481,100.0,2
residual_cnn_42,CHIN_13,CHIN,1,test,1,2501,262320,263560,provisional,0.0004403087077662349,33.56242725629662,0.9679065346717834,0.9815599672992571,6219,3625,0.839655801697449,1000.0,2
residual_cnn_42,CHIN_52,CHIN,32,test,1,9853,997460,998920,provisional,0.0002872997720260173,35.416647186230264,0.9743961691856384,0.9859493679876938,8001,6555,0.99487786336453,500.0,2
residual_cnn_42,CHIN_53,CHIN,32,test,1,9862,998130,999910,provisional,0.00022705049195792526,36.438775527615576,0.9773740172386169,0.9884354950005001,8001,6555,0.9917059236696,0.0,2
residual_cnn_42,CHIN_66,CHIN,5,test,1,11683,1180270,1181990,provisional,0.00027753275935538113,35.566857463518794,0.9719166159629822,0.9876839877714331,8001,6555,0.9706764665554343,100.0,2
residual_cnn_42,CHIN_67,CHIN,5,test,1,11857,1196620,1200380,provisional,0.0005227003712207079,32.81747191467109,0.9647142291069031,0.9751755082050055,8001,6555,0.9755779007802021,0.0,2
residual_cnn_42,CHIN_68,CHIN,5,test,1,11861,1197850,1200030,provisional,0.0005680015892721713,32.45650449128473,0.96401047706604,0.9725711261244602,8001,6555,0.9812796644299188,100.0,2
residual_cnn_42,CHIN_69,CHIN,5,test,1,11898,1201850,1203350,provisional,0.0005277435411699116,32.7757707313434,0.9673143625259399,0.9720037769012245,8001,6555,0.9792671661319124,100.0,2
residual_cnn_42,CHIN_70,CHIN,5,test,1,11985,1209910,1212870,provisional,0.0005034530768170953,32.980410006397456,0.96270751953125,0.969702815767642,8001,6555,0.9706101025723393,100.0,2
residual_cnn_42,CHIN_71,CHIN,5,test,1,12029,1214260,1217180,provisional,0.0005379095091484487,32.69290778205242,0.9596853256225586,0.9685674335318174,8001,6555,0.9809291039957542,0.0,2
residual_cnn_42,CHIN_72,CHIN,5,test,1,12046,1215940,1218880,provisional,0.0005997513653710485,32.220287546607786,0.9594797492027283,0.9650399537084418,8001,6555,0.9809367122243753,0.0,2
residual_cnn_42,CHIN_73,CHIN,5,test,1,12056,1215940,1221040,provisional,0.0005924495053477585,32.27348658791848,0.9596310257911682,0.9641238391088998,8001,6555,0.9755598154570919,0.0,2
residual_cnn_42,CHIN_74,CHIN,5,test,1,12063,1217950,1220390,provisional,0.0005396399646997452,32.6789589479357,0.9593164324760437,0.966868959147387,8001,6555,0.9808031650258563,100.0,2
residual_cnn_42,CHIN_75,CHIN,5,test,1,12073,1219500,1220780,provisional,0.0005009094020351768,33.00240816556294,0.9642015099525452,0.968600444986682,8001,6555,0.9820139356818433,100.0,2
residual_cnn_42,CHIN_76,CHIN,5,test,1,12170,1228980,1230740,provisional,0.0002770091232378036,35.575059273016606,0.9717963337898254,0.9856321390206619,8001,6555,0.9852373910289124,700.0,2
residual_cnn_42,CHIN_100,CHIN,8,test,1,17415,1753290,1755370,provisional,0.00025014751008711755,36.0180381563009,0.9653888940811157,0.9878343301803066,8001,6555,0.9856323699218013,200.0,2
residual_cnn_42,CHIN_101,CHIN,8,test,1,17601,1771840,1774000,provisional,0.00019022430933546275,37.2073398405665,0.9808136224746704,0.9886333754479958,8001,6555,0.9740045775250319,0.0,2
residual_cnn_42,CHIN_102,CHIN,8,test,1,17634,1775480,1776960,provisional,0.00019985181279480457,36.992919080332996,0.980599045753479,0.9883125444271822,8001,6555,0.9631352605150487,200.0,2
residual_cnn_42,CHIN_103,CHIN,8,test,1,17911,1802700,1805220,provisional,0.0003486837667878717,34.57568271031127,0.9509493708610535,0.9876093032284003,8001,6555,0.9965887130997549,100.0,2
residual_cnn_42,CHIN_199,CHIN,21,test,1,37083,3720060,3722320,provisional,0.00029805785743519664,35.25699424762979,0.9542990922927856,0.9885830132916126,8001,6555,0.9499115539663512,200.0,2
residual_cnn_42,CHIN_200,CHIN,21,test,1,37192,3730830,3733310,provisional,0.0002766942488960922,35.57999867597931,0.9534469246864319,0.9901941290412897,8001,6555,0.9954342892791735,500.0,2
residual_cnn_42,CHIN_201,CHIN,21,test,1,37323,3743830,3746470,provisional,0.00026622600853443146,35.74749519067104,0.9683557748794556,0.9907945683349777,8001,6555,0.997924046667379,200.0,2
residual_cnn_42,CHIN_202,CHIN,21,test,1,37544,3766010,3768530,provisional,0.00029671823722310364,35.27655759777023,0.9710562825202942,0.9898407764668079,5780,3521,0.9592995415307098,100.0,2
residual_cnn_42,CHIN_203,CHIN,21,test,1,37559,3767450,3770090,provisional,0.0002718369651120156,35.656914870714914,0.9678706526756287,0.9905717255030999,5889,3521,0.9672533066804454,300.0,2
residual_cnn_42,CHIN_204,CHIN,21,test,1,37769,3788920,3790480,provisional,0.000305439141811803,35.15075309179986,0.951636552810669,0.9890898937842675,8001,6555,0.9790678515251032,500.0,2
residual_cnn_42,CHIN_205,CHIN,21,test,1,37852,3796820,3799260,provisional,0.00041479908395558596,33.82162211380088,0.9292961955070496,0.98472780241336,8001,6555,0.9887868745908115,600.0,2
residual_cnn_42,CHIN_206,CHIN,21,test,1,37856,3796820,3800060,provisional,0.00039929785998538136,33.98703017376488,0.9271077513694763,0.9851865669326481,8001,6555,0.9897610360032922,100.0,2
residual_cnn_42,CHIN_207,CHIN,21,test,1,37862,3796820,3801260,provisional,0.00040157156763598323,33.96237044010264,0.9277999401092529,0.985061728146816,8001,6555,0.9857823223786212,100.0,2
residual_cnn_42,CHIN_208,CHIN,21,test,1,37870,3796820,3802940,provisional,0.0004075930337421596,33.8977324722006,0.924517035484314,0.9847929428422851,8001,6555,0.9864540512992751,100.0,2
residual_cnn_42,CHIN_209,CHIN,21,test,1,37876,3796820,3804000,provisional,0.00041889422573149204,33.778956261516335,0.9265368580818176,0.9844612607397071,8001,6555,0.989954212811545,200.0,2
residual_cnn_42,CHIN_210,CHIN,21,test,1,37888,3796820,3806500,provisional,0.0003980741021223366,34.00036075797508,0.925303041934967,0.9851252617745697,8001,6555,0.9898311103041886,0.0,2
residual_cnn_42,CHIN_211,CHIN,21,test,1,37894,3796820,3807720,provisional,0.00037366681499406695,34.27515469731044,0.9244849681854248,0.9861981920386602,8001,6555,0.9880438220685978,100.0,2
residual_cnn_42,CHIN_212,CHIN,21,test,1,37897,3796820,3808240,provisional,0.00037350572529248893,34.277027367029916,0.9278724193572998,0.9862246360792861,8001,6555,0.9907067853021423,0.0,2
residual_cnn_42,CHIN_213,CHIN,21,test,1,37904,3798700,3807820,provisional,0.0003635846951510757,34.39394406394319,0.9270824193954468,0.9867472969827621,8001,6555,0.99058236570126,0.0,2
residual_cnn_42,CHIN_214,CHIN,21,test,1,37927,3803270,3807830,provisional,0.00036822727997787297,34.338840400987465,0.9269535541534424,0.9863288426521021,8001,6555,0.9912597231416764,100.0,2
residual_cnn_42,CHIN_215,CHIN,21,test,1,37931,3803910,3808030,provisional,0.00038565107388421893,34.13805454963091,0.9312220215797424,0.9860505094984506,8001,6555,0.992023936039693,200.0,2
residual_cnn_42,CHID_7,CHID,5,test,1,12016,1207850,1221040,provisional,0.0005688646342605352,32.44991065042071,0.9613415598869324,0.9677614502233715,8001,6555,0.9754130578697736,200.0,2
residual_cnn_42,CHID_10,CHID,8,test,1,17622,1770410,1779620,provisional,0.00021114152332302183,36.754263494649,0.9807500839233398,0.9875482940241096,8001,6555,0.9673473176522777,1400.0,2
residual_cnn_42,CHID_21,CHID,21,test,1,37550,3765970,3769680,provisional,0.0003066752396989614,35.13321286607007,0.9703664183616638,0.9894880544040772,5780,3521,0.9823300551598461,100.0,2
residual_cnn_42,CHID_22,CHID,21,test,1,37898,3797060,3808210,provisional,0.0003803402360063046,34.19827728358647,0.9288777709007263,0.9861459755464089,8001,6555,0.9928926956828633,100.0,2
residual_cnn_42,OPCID_9,OPCID,1,test,2,2332,243140,249010,provisional,0.00036179195740260184,34.415410916898395,0.967842161655426,0.980805037626308,7504,5995,0.9710499205737705,1000.0,2
residual_cnn_42,OPCID_20,OPCID,5,test,2,11758,1186860,1190410,provisional,0.000329452013829723,34.82207833411746,0.9655948281288147,0.9830773872776106,8001,6555,0.9815380474359879,0.0,2
residual_cnn_42,OPCID_21,OPCID,5,test,2,12123,1224080,1226150,provisional,0.00026824887027032673,35.71462098388652,0.9633786678314209,0.9826532333741227,8001,6555,0.9855554721216182,0.0,2
residual_cnn_42,OPCID_22,OPCID,5,test,2,12366,1247430,1251440,provisional,0.00035287172067910433,34.52383144828268,0.9582557082176208,0.9834698935640984,8001,6555,0.996776784162428,200.0,2
residual_cnn_42,OPCID_28,OPCID,8,test,2,17226,1732990,1737920,provisional,0.00030112912645563483,35.212472356955246,0.956978440284729,0.9855824325143949,8001,6555,0.9902087173851908,100.0,2
residual_cnn_42,OPCID_29,OPCID,8,test,2,17315,1741110,1747490,provisional,0.0002564225869718939,35.910437226586275,0.9613628387451172,0.9871246914756812,8001,6555,0.9930438545301903,100.0,2
residual_cnn_42,OPCID_30,OPCID,8,test,2,17880,1798820,1802930,provisional,0.0003535356081556529,34.51566837463418,0.9411001205444336,0.9867802711969708,8001,6555,0.9974386417683078,0.0,2
residual_cnn_42,OPCID_55,OPCID,18,test,2,34313,3439610,3448700,provisional,0.0004918715567328036,33.08148290494425,0.9194517135620117,0.9904282806049377,8001,6555,0.9991286610991081,0.0,2
residual_cnn_42,OPCID_59,OPCID,21,test,2,37248,3735170,3740140,provisional,0.00024087412748485804,36.18209845472756,0.9649376273155212,0.9910612871953605,8001,6555,0.9978319822020807,100.0,2
residual_cnn_42,OPCID_64,OPCID,24,test,2,41051,4115250,4120550,provisional,0.00024124201445374638,36.17547053677733,0.9533731937408447,0.9913949560300532,8001,6555,0.9837792648683037,100.0,2
residual_cnn_42,CHIN_9,CHIN,1,test,2,2251,237000,238940,provisional,0.00042442514677532017,33.72198892484598,0.9617189764976501,0.9792000899319531,5778,4560,0.9689350879409893,200.0,2
residual_cnn_42,CHIN_10,CHIN,1,test,2,2402,252280,253840,provisional,0.000497242552228272,33.03431713081129,0.9625314474105835,0.9747447667036818,7504,5488,0.9384111547600574,100.0,2
residual_cnn_42,CHIN_11,CHIN,1,test,2,2436,252280,260520,provisional,0.00041828578105196357,33.78526898306359,0.9632530808448792,0.9789109579818239,7504,5488,0.8606994638321074,200.0,2
residual_cnn_42,CHIN_12,CHIN,1,test,2,2467,258700,260480,provisional,0.00045454109204001725,33.424268489886934,0.9667020440101624,0.9774697334798967,6788,4588,0.9480073997585966,100.0,2
residual_cnn_42,CHIN_13,CHIN,1,test,2,2501,262320,263560,provisional,0.0004412818525452167,33.55283932288879,0.9660006761550903,0.9791350181998385,6219,3625,0.8646261820444721,100.0,2
residual_cnn_42,CHIN_52,CHIN,32,test,2,9853,997460,998920,provisional,0.0003024711913894862,35.19315983049127,0.9726123213768005,0.9837014123384145,8001,6555,0.9958725744985857,100.0,2
residual_cnn_42,CHIN_53,CHIN,32,test,2,9862,998130,999910,provisional,0.00024357590882573277,36.133656683439284,0.9750831127166748,0.9860455281381512,8001,6555,0.9921813584962368,100.0,2
residual_cnn_42,CHIN_66,CHIN,5,test,2,11683,1180270,1181990,provisional,0.00030752975726500154,35.12112854552899,0.9688253998756409,0.9850832137713545,8001,6555,0.9790798585104088,100.0,2
residual_cnn_42,CHIN_67,CHIN,5,test,2,11857,1196620,1200380,provisional,0.0005066003068350255,32.953345515041796,0.9631626605987549,0.9726939243139721,8001,6555,0.9763591571500592,100.0,2
residual_cnn_42,CHIN_68,CHIN,5,test,2,11861,1197850,1200030,provisional,0.000556770886760205,32.543234818205434,0.9627798795700073,0.9694521961919431,8001,6555,0.981352249913716,100.0,2
residual_cnn_42,CHIN_69,CHIN,5,test,2,11898,1201850,1203350,provisional,0.0005130588542670012,32.898328130220854,0.9671576023101807,0.968027097221579,8001,6555,0.9784128713130316,100.0,2
residual_cnn_42,CHIN_70,CHIN,5,test,2,11985,1209910,1212870,provisional,0.0004670967464335263,33.30593157783695,0.9624265432357788,0.9665827727478322,8001,6555,0.9715785934082911,100.0,2
residual_cnn_42,CHIN_71,CHIN,5,test,2,12029,1214260,1217180,provisional,0.0005069347098469734,32.950479715918924,0.9589670896530151,0.9657393745940747,8001,6555,0.9839426693084656,0.0,2
residual_cnn_42,CHIN_72,CHIN,5,test,2,12046,1215940,1218880,provisional,0.0005815525073558092,32.35411067478258,0.9579000473022461,0.9608404801696951,8001,6555,0.9845096510612219,0.0,2
residual_cnn_42,CHIN_73,CHIN,5,test,2,12056,1215940,1221040,provisional,0.0005661217146553099,32.470901866202425,0.957231342792511,0.9602202374316515,8001,6555,0.9805598275560758,0.0,2
residual_cnn_42,CHIN_74,CHIN,5,test,2,12063,1217950,1220390,provisional,0.0005097067332826555,32.92679629294973,0.9576599597930908,0.9636151262799406,8001,6555,0.9853455659920825,100.0,2
residual_cnn_42,CHIN_75,CHIN,5,test,2,12073,1219500,1220780,provisional,0.00046726985601708293,33.30432234785021,0.9617888331413269,0.9658127219173489,8001,6555,0.9863562571641434,100.0,2
residual_cnn_42,CHIN_76,CHIN,5,test,2,12170,1228980,1230740,provisional,0.00027908565243706107,35.542624896581884,0.9678438305854797,0.9836149726261658,8001,6555,0.9862950714625157,800.0,2
residual_cnn_42,CHIN_100,CHIN,8,test,2,17415,1753290,1755370,provisional,0.0002774879976641387,35.56755796905137,0.9631105661392212,0.9845181652402971,8001,6555,0.9905356580515736,200.0,2
residual_cnn_42,CHIN_101,CHIN,8,test,2,17601,1771840,1774000,provisional,0.00019931301358155906,37.004643443394016,0.9798184633255005,0.9857529675973318,8001,6555,0.97369555527815,100.0,2
residual_cnn_42,CHIN_102,CHIN,8,test,2,17634,1775480,1776960,provisional,0.00020648470672313124,36.8511210881005,0.9797726273536682,0.9858310911824822,8001,6555,0.9693514890298233,200.0,2
residual_cnn_42,CHIN_103,CHIN,8,test,2,17911,1802700,1805220,provisional,0.0003764200664591044,34.24327232959525,0.9459686279296875,0.9859423621672527,8001,6555,0.9973276950448793,100.0,2
residual_cnn_42,CHIN_199,CHIN,21,test,2,37083,3720060,3722320,provisional,0.0003176518657710403,34.98048589434063,0.9506152272224426,0.9867251314143183,8001,6555,0.961434933391236,200.0,2
residual_cnn_42,CHIN_200,CHIN,21,test,2,37192,3730830,3733310,provisional,0.00029760372126474977,35.26361642633409,0.9488083124160767,0.9887900210656427,8001,6555,0.9966973251892207,500.0,2
residual_cnn_42,CHIN_201,CHIN,21,test,2,37323,3743830,3746470,provisional,0.0002813404717016965,35.507677887291024,0.9651272296905518,0.9897174568931076,8001,6555,0.997901535160906,100.0,2
residual_cnn_42,CHIN_202,CHIN,21,test,2,37544,3766010,3768530,provisional,0.00033067946787923574,34.80592769899043,0.9688404202461243,0.9878603496241104,5780,3521,0.9690660929228317,100.0,2
residual_cnn_42,CHIN_203,CHIN,21,test,2,37559,3767450,3770090,provisional,0.00028559204656630754,35.442538913652655,0.9641095995903015,0.9894496589689504,5889,3521,0.9706516059150406,300.0,2
residual_cnn_42,CHIN_204,CHIN,21,test,2,37769,3788920,3790480,provisional,0.0003169166448060423,34.990549505932826,0.9474033117294312,0.9880578126822404,8001,6555,0.9825157791593612,500.0,2
residual_cnn_42,CHIN_205,CHIN,21,test,2,37852,3796820,3799260,provisional,0.00043900456512346864,33.57530963590172,0.9229428172111511,0.9825227053053123,8001,6555,0.9909762729079155,600.0,2
residual_cnn_42,CHIN_206,CHIN,21,test,2,37856,3796820,3800060,provisional,0.00041767742368392646,33.79158998602419,0.921241044998169,0.9832136116890832,8001,6555,0.9907335071466311,200.0,2
residual_cnn_42,CHIN_207,CHIN,21,test,2,37862,3796820,3801260,provisional,0.00043864644248969853,33.57885388506167,0.922081470489502,0.9823356159849561,8001,6555,0.9879496850748294,700.0,2
residual_cnn_42,CHIN_208,CHIN,21,test,2,37870,3796820,3802940,provisional,0.00044490015716291964,33.517374408355096,0.9184157848358154,0.9819876991393964,8001,6555,0.9885057921444915,100.0,2
residual_cnn_42,CHIN_209,CHIN,21,test,2,37876,3796820,3804000,provisional,0.0004483603697735816,33.48372781334133,0.920035719871521,0.981876499948337,8001,6555,0.9907926525086063,200.0,2
residual_cnn_42,CHIN_210,CHIN,21,test,2,37888,3796820,3806500,provisional,0.00042692272108979523,33.69650731161536,0.9185871481895447,0.982612657473226,8001,6555,0.9895270439045621,100.0,2
residual_cnn_42,CHIN_211,CHIN,21,test,2,37894,3796820,3807720,provisional,0.0004183136916253716,33.78497920501763,0.9178629517555237,0.9832231827844456,8001,6555,0.9898104282158378,200.0,2
residual_cnn_42,CHIN_212,CHIN,21,test,2,37897,3796820,3808240,provisional,0.00039083571755327284,34.08005753992486,0.9238896369934082,0.9843313640250667,8001,6555,0.9905005331075059,100.0,2
residual_cnn_42,CHIN_213,CHIN,21,test,2,37904,3798700,3807820,provisional,0.00039218986057676375,34.06503638492006,0.9199391603469849,0.9844683145549563,8001,6555,0.9899124516414487,0.0,2
residual_cnn_42,CHIN_214,CHIN,21,test,2,37927,3803270,3807830,provisional,0.0004065507382620126,33.9088524595643,0.9214223027229309,0.9835925699834457,8001,6555,0.9909876920659098,100.0,2
residual_cnn_42,CHIN_215,CHIN,21,test,2,37931,3803910,3808030,provisional,0.00041318224975839257,33.83858343971307,0.9271637797355652,0.983698716859285,8001,6555,0.990887382098595,100.0,2
residual_cnn_42,CHID_7,CHID,5,test,2,12016,1207850,1221040,provisional,0.0005626652855426073,32.49749878452468,0.9590562582015991,0.9632932904251688,8001,6555,0.9797834889567661,100.0,2
residual_cnn_42,CHID_10,CHID,8,test,2,17622,1770410,1779620,provisional,0.0002275491860928014,36.42924713557005,0.9795258641242981,0.9842630729969423,8001,6555,0.9731658442210989,1400.0,2
residual_cnn_42,CHID_21,CHID,21,test,2,37550,3765970,3769680,provisional,0.00029850256396457553,35.25051934179889,0.967883288860321,0.989066741958304,5780,3521,0.9856870499511733,200.0,2
residual_cnn_42,CHID_22,CHID,21,test,2,37898,3797060,3808210,provisional,0.00039990272489376366,33.98045636620933,0.9230720400810242,0.9841677618359306,8001,6555,0.9920382891447466,100.0,2
residual_cnn_43,OPCID_9,OPCID,1,test,1,2332,243140,249010,provisional,0.0003988590033259243,33.99180600301641,0.9683072566986084,0.9812025188404387,7504,5995,0.9685416398707734,1000.0,2
residual_cnn_43,OPCID_20,OPCID,5,test,1,11758,1186860,1190410,provisional,0.00031678134109824896,34.99240406933293,0.9661288261413574,0.9850324186741194,8001,6555,0.9807191584648955,0.0,2
residual_cnn_43,OPCID_21,OPCID,5,test,1,12123,1224080,1226150,provisional,0.00028122993535362184,35.50938452973202,0.9633339643478394,0.9841357412234362,8001,6555,0.9823937807666179,0.0,2
residual_cnn_43,OPCID_22,OPCID,5,test,1,12366,1247430,1251440,provisional,0.0003223354578949511,34.916919181267964,0.9607880115509033,0.9863219660179403,8001,6555,0.9959670343162212,300.0,2
residual_cnn_43,OPCID_28,OPCID,8,test,1,17226,1732990,1737920,provisional,0.0002817908825818449,35.50073062711584,0.9546712040901184,0.9877179038183886,8001,6555,0.9910529421037106,100.0,2
residual_cnn_43,OPCID_29,OPCID,8,test,1,17315,1741110,1747490,provisional,0.00025181533419527113,35.98917827232044,0.9612816572189331,0.9889450331478207,8001,6555,0.9927107477514107,100.0,2
residual_cnn_43,OPCID_30,OPCID,8,test,1,17880,1798820,1802930,provisional,0.0003513146657496691,34.54303720059358,0.9447115063667297,0.9874108308240687,8001,6555,0.9958203048242711,0.0,2
residual_cnn_43,OPCID_55,OPCID,18,test,1,34313,3439610,3448700,provisional,0.00042028873576782644,33.764522494412226,0.9236876368522644,0.9913166126686989,8001,6555,0.9992724309084027,0.0,2
residual_cnn_43,OPCID_59,OPCID,21,test,1,37248,3735170,3740140,provisional,0.00023921116371639073,36.21218556174885,0.9656805992126465,0.9918117993622529,8001,6555,0.996727480073227,100.0,2
residual_cnn_43,OPCID_64,OPCID,24,test,1,41051,4115250,4120550,provisional,0.00022073191939853132,36.561348602398056,0.9571104049682617,0.9925938355051471,8001,6555,0.9763879345071077,100.0,2
residual_cnn_43,CHIN_9,CHIN,1,test,1,2251,237000,238940,provisional,0.0004628761380445212,33.345352071685916,0.9619947075843811,0.9796413626696278,5778,4560,0.9675263863735913,100.0,2
residual_cnn_43,CHIN_10,CHIN,1,test,1,2402,252280,253840,provisional,0.000548492360394448,32.608294170621804,0.9634429812431335,0.9749904872759801,7504,5488,0.9338744366041205,400.0,2
residual_cnn_43,CHIN_11,CHIN,1,test,1,2436,252280,260520,provisional,0.0005246088840067387,32.80164359108924,0.964920699596405,0.9766925701808283,7504,5488,0.772975151582604,200.0,2
residual_cnn_43,CHIN_12,CHIN,1,test,1,2467,258700,260480,provisional,0.0005611741216853261,32.509023644939916,0.9639716744422913,0.9756605348989514,6788,4588,0.9643874614935272,100.0,2
residual_cnn_43,CHIN_13,CHIN,1,test,1,2501,262320,263560,provisional,0.0005600982694886625,32.51735769150016,0.9639903903007507,0.9772385859647962,6219,3625,0.6554175112696083,1100.0,2
residual_cnn_43,CHIN_52,CHIN,32,test,1,9853,997460,998920,provisional,0.000296886166324839,35.2741003827043,0.9723113775253296,0.9855430681197681,8001,6555,0.9949439767981185,100.0,2
residual_cnn_43,CHIN_53,CHIN,32,test,1,9862,998130,999910,provisional,0.0002296630700584501,36.38908833970233,0.9750422835350037,0.9884981249550837,8001,6555,0.9917974956513398,100.0,2
residual_cnn_43,CHIN_66,CHIN,5,test,1,11683,1180270,1181990,provisional,0.0002944502339232713,35.30988096322932,0.9692698121070862,0.9867605341540738,8001,6555,0.9698824109474034,500.0,2
residual_cnn_43,CHIN_67,CHIN,5,test,1,11857,1196620,1200380,provisional,0.0005245229112915695,32.802355369648296,0.9624362587928772,0.9749162932373905,8001,6555,0.976961038316928,100.0,2
residual_cnn_43,CHIN_68,CHIN,5,test,1,11861,1197850,1200030,provisional,0.0005808089626953006,32.3596669048448,0.9615074992179871,0.9721316975411888,8001,6555,0.9807348047087249,100.0,2
residual_cnn_43,CHIN_69,CHIN,5,test,1,11898,1201850,1203350,provisional,0.0005349867278710008,32.71656991967341,0.964059591293335,0.9718638204508074,8001,6555,0.9793114229110116,100.0,2
residual_cnn_43,CHIN_70,CHIN,5,test,1,11985,1209910,1212870,provisional,0.000502018490806222,32.99280286227065,0.9601165652275085,0.969591984690187,8001,6555,0.9700286835374691,100.0,2
residual_cnn_43,CHIN_71,CHIN,5,test,1,12029,1214260,1217180,provisional,0.0005536170210689306,32.56790565873057,0.9565748572349548,0.967724867205063,8001,6555,0.9801296710003135,0.0,2
residual_cnn_43,CHIN_72,CHIN,5,test,1,12046,1215940,1218880,provisional,0.0006112388800829649,32.13789028665928,0.9562298059463501,0.96403698985223,8001,6555,0.9801108931273131,0.0,2
residual_cnn_43,CHIN_73,CHIN,5,test,1,12056,1215940,1221040,provisional,0.0006044648471288383,32.18628950621043,0.9567341208457947,0.9629901148677574,8001,6555,0.9745099114916509,0.0,2
residual_cnn_43,CHIN_74,CHIN,5,test,1,12063,1217950,1220390,provisional,0.0005548640037886798,32.55813448663975,0.956923246383667,0.9656282614196154,8001,6555,0.9797269024787896,200.0,2
residual_cnn_43,CHIN_75,CHIN,5,test,1,12073,1219500,1220780,provisional,0.0005205413326621056,32.83544780400534,0.961948573589325,0.9671449823435443,8001,6555,0.98083619332207,100.0,2
residual_cnn_43,CHIN_76,CHIN,5,test,1,12170,1228980,1230740,provisional,0.00028931759879924357,35.38625148001044,0.9694187045097351,0.9848477134873891,8001,6555,0.9865485847271683,700.0,2
residual_cnn_43,CHIN_100,CHIN,8,test,1,17415,1753290,1755370,provisional,0.0002727032988332212,35.64309608459546,0.9625222682952881,0.986756780398709,8001,6555,0.984907707224442,100.0,2
residual_cnn_43,CHIN_101,CHIN,8,test,1,17601,1771840,1774000,provisional,0.00021322107932064682,36.711698625905655,0.9777576923370361,0.9876063117489812,8001,6555,0.9760304629391131,0.0,2
residual_cnn_43,CHIN_102,CHIN,8,test,1,17634,1775480,1776960,provisional,0.00022121399524621665,36.551874005773996,0.9777612090110779,0.9874130239674949,8001,6555,0.9611700003011634,200.0,2
residual_cnn_43,CHIN_103,CHIN,8,test,1,17911,1802700,1805220,provisional,0.00037521793274208903,34.257164136170026,0.9487825632095337,0.9867099775494721,8001,6555,0.996189800815179,100.0,2
residual_cnn_43,CHIN_199,CHIN,21,test,1,37083,3720060,3722320,provisional,0.00031627737917006016,34.99931868637331,0.9525572657585144,0.9877801500439071,8001,6555,0.9495541730916218,200.0,2
residual_cnn_43,CHIN_200,CHIN,21,test,1,37192,3730830,3733310,provisional,0.0002760325442068279,35.590397116441096,0.9533424973487854,0.9902063102511917,8001,6555,0.9947601837776398,500.0,2
residual_cnn_43,CHIN_201,CHIN,21,test,1,37323,3743830,3746470,provisional,0.00028585223481059074,35.43858408095104,0.9654502272605896,0.9904214244901568,8001,6555,0.9975243847795622,200.0,2
residual_cnn_43,CHIN_202,CHIN,21,test,1,37544,3766010,3768530,provisional,0.0003279685624875128,34.841677837046,0.967894971370697,0.9887312915499038,5780,3521,0.9636291283061407,100.0,2
residual_cnn_43,CHIN_203,CHIN,21,test,1,37559,3767450,3770090,provisional,0.0003071626997552812,35.12631523907433,0.9655028581619263,0.9893793583970005,5889,3521,0.9672438447706049,300.0,2
residual_cnn_43,CHIN_204,CHIN,21,test,1,37769,3788920,3790480,provisional,0.0003129857359454036,35.044754545984716,0.9496206045150757,0.988601210737736,8001,6555,0.9773116307473728,500.0,2
residual_cnn_43,CHIN_205,CHIN,21,test,1,37852,3796820,3799260,provisional,0.0004325620539020747,33.63951581299503,0.9269353747367859,0.9838661972886134,8001,6555,0.987603655369501,600.0,2
residual_cnn_43,CHIN_206,CHIN,21,test,1,37856,3796820,3800060,provisional,0.0004349754599388689,33.61535243996547,0.9245927929878235,0.9837345151449302,8001,6555,0.9896980409771263,200.0,2
residual_cnn_43,CHIN_207,CHIN,21,test,1,37862,3796820,3801260,provisional,0.00041271757800132036,33.8434703374821,0.9251677393913269,0.9845058835797265,8001,6555,0.9852947101661623,100.0,2
residual_cnn_43,CHIN_208,CHIN,21,test,1,37870,3796820,3802940,provisional,0.00042375788325443864,33.72882209444776,0.9225385785102844,0.9840493565671453,8001,6555,0.9861098125365009,100.0,2
residual_cnn_43,CHIN_209,CHIN,21,test,1,37876,3796820,3804000,provisional,0.0004281305882614106,33.68423742409619,0.9243197441101074,0.9838978652582299,8001,6555,0.9892833777706201,200.0,2
residual_cnn_43,CHIN_210,CHIN,21,test,1,37888,3796820,3806500,provisional,0.00042221948388032615,33.74461729468747,0.9231230020523071,0.9840305668585206,8001,6555,0.9899778602677801,100.0,2
residual_cnn_43,CHIN_211,CHIN,21,test,1,37894,3796820,3807720,provisional,0.0003900293668266386,34.08902692023232,0.9222005009651184,0.9854916976146193,8001,6555,0.9878567578234383,100.0,2
residual_cnn_43,CHIN_212,CHIN,21,test,1,37897,3796820,3808240,provisional,0.0003952508559450507,34.03127180897816,0.9257135987281799,0.9852309657494489,8001,6555,0.9907887324070646,0.0,2
residual_cnn_43,CHIN_213,CHIN,21,test,1,37904,3798700,3807820,provisional,0.000394849426811561,34.0356848809984,0.924822211265564,0.9854796886847531,8001,6555,0.9907009312727287,100.0,2
residual_cnn_43,CHIN_214,CHIN,21,test,1,37927,3803270,3807830,provisional,0.0003878425050061196,34.11344596809548,0.925032913684845,0.9854869803242604,8001,6555,0.9914514707557618,100.0,2
residual_cnn_43,CHIN_215,CHIN,21,test,1,37931,3803910,3808030,provisional,0.00039605810889042914,34.02241090541517,0.928550660610199,0.985417272068776,8001,6555,0.9915604085207992,200.0,2
residual_cnn_43,CHID_7,CHID,5,test,1,12016,1207850,1221040,provisional,0.0005657130968756974,32.474037667518935,0.9587816596031189,0.9675770904159151,8001,6555,0.9741245375157338,500.0,2
residual_cnn_43,CHID_10,CHID,8,test,1,17622,1770410,1779620,provisional,0.00022798914869781584,36.42085823055728,0.9777875542640686,0.9866710104649683,8001,6555,0.9721595211095996,1400.0,2
residual_cnn_43,CHID_21,CHID,21,test,1,37550,3765970,3769680,provisional,0.0003203713276889175,34.94346358953871,0.9679296612739563,0.9890488836965576,5780,3521,0.9834313375039745,100.0,2
residual_cnn_43,CHID_22,CHID,21,test,1,37898,3797060,3808210,provisional,0.00040153219015337527,33.962796323389966,0.9267497658729553,0.9851617071789249,8001,6555,0.9927720990020225,300.0,2
residual_cnn_43,OPCID_9,OPCID,1,test,2,2332,243140,249010,provisional,0.00038502487586811185,34.14511210483061,0.9656318426132202,0.9795840235965665,7504,5995,0.9697245159826949,1000.0,2
residual_cnn_43,OPCID_20,OPCID,5,test,2,11758,1186860,1190410,provisional,0.0003358966496307403,34.73794327965833,0.9628703594207764,0.9820075971826712,8001,6555,0.9817868408229349,0.0,2
residual_cnn_43,OPCID_21,OPCID,5,test,2,12123,1224080,1226150,provisional,0.0002776016481220722,35.565779598014885,0.9609709978103638,0.981645896754133,8001,6555,0.9860506257133632,0.0,2
residual_cnn_43,OPCID_22,OPCID,5,test,2,12366,1247430,1251440,provisional,0.0003477029677014798,34.5879160252676,0.9556741714477539,0.9833267566900048,8001,6555,0.9969717504264914,100.0,2
residual_cnn_43,OPCID_28,OPCID,8,test,2,17226,1732990,1737920,provisional,0.00030871949275024235,35.10435948015151,0.9548349976539612,0.984677868976153,8001,6555,0.9903430726159694,100.0,2
residual_cnn_43,OPCID_29,OPCID,8,test,2,17315,1741110,1747490,provisional,0.00027660292107611895,35.58143237818389,0.9591556787490845,0.9860303837539905,8001,6555,0.9934185495382574,100.0,2
residual_cnn_43,OPCID_30,OPCID,8,test,2,17880,1798820,1802930,provisional,0.0003699944063555449,34.31804841628366,0.9389061331748962,0.9860523481194324,8001,6555,0.9970166844404861,0.0,2
residual_cnn_43,OPCID_55,OPCID,18,test,2,34313,3439610,3448700,provisional,0.00048715417506173253,33.123335710603776,0.9177145957946777,0.9904994146040366,8001,6555,0.99930830472059,0.0,2
residual_cnn_43,OPCID_59,OPCID,21,test,2,37248,3735170,3740140,provisional,0.0002666641375981271,35.74035386599167,0.9626536965370178,0.9903604861514517,8001,6555,0.9976713303125309,0.0,2
residual_cnn_43,OPCID_64,OPCID,24,test,2,41051,4115250,4120550,provisional,0.0002609671209938824,35.83414205575126,0.9519661068916321,0.9906894936219811,8001,6555,0.9822857191610377,100.0,2
residual_cnn_43,CHIN_9,CHIN,1,test,2,2251,237000,238940,provisional,0.000441584998043254,33.54985689304453,0.9593566060066223,0.9778863168050566,5778,4560,0.9682473344631279,200.0,2
residual_cnn_43,CHIN_10,CHIN,1,test,2,2402,252280,253840,provisional,0.0005469094612635672,32.6208456348033,0.9595237374305725,0.9722207287982284,7504,5488,0.9389201227965961,100.0,2
residual_cnn_43,CHIN_11,CHIN,1,test,2,2436,252280,260520,provisional,0.000542227178812027,32.65818717459594,0.9603005647659302,0.9729243429249005,7504,5488,0.8184900268362373,200.0,2
residual_cnn_43,CHIN_12,CHIN,1,test,2,2467,258700,260480,provisional,0.00055071891983971,32.59070003161281,0.9628148674964905,0.9729920567595853,6788,4588,0.9639158867523944,100.0,2
residual_cnn_43,CHIN_13,CHIN,1,test,2,2501,262320,263560,provisional,0.0005395234329625964,32.679896879869204,0.9623100161552429,0.9750285205606205,6219,3625,0.7101624029931013,0.0,2
residual_cnn_43,CHIN_52,CHIN,32,test,2,9853,997460,998920,provisional,0.00029303968767635524,35.33073557217207,0.9703963994979858,0.9842185227144582,8001,6555,0.9959985959679282,100.0,2
residual_cnn_43,CHIN_53,CHIN,32,test,2,9862,998130,999910,provisional,0.00023562084243167192,36.27786295579737,0.9725301861763,0.9865727780976152,8001,6555,0.9922976627950769,100.0,2
residual_cnn_43,CHIN_66,CHIN,5,test,2,11683,1180270,1181990,provisional,0.0003174422890879214,34.983352178012794,0.9662356972694397,0.984116147404243,8001,6555,0.9788891073492145,100.0,2
residual_cnn_43,CHIN_67,CHIN,5,test,2,11857,1196620,1200380,provisional,0.0005076482193544507,32.944371328244564,0.9610873460769653,0.9723539243014363,8001,6555,0.9777806821346766,100.0,2
residual_cnn_43,CHIN_68,CHIN,5,test,2,11861,1197850,1200030,provisional,0.0005652019171975553,32.477963736690086,0.9603026509284973,0.9690676220223807,8001,6555,0.9811086203985545,100.0,2
residual_cnn_43,CHIN_69,CHIN,5,test,2,11898,1201850,1203350,provisional,0.0005170864751562476,32.86436821426975,0.9638945460319519,0.9680104917910436,8001,6555,0.9790490026787463,100.0,2
residual_cnn_43,CHIN_70,CHIN,5,test,2,11985,1209910,1212870,provisional,0.0004629376926459372,33.34477457277882,0.9597848653793335,0.9665953644822309,8001,6555,0.9713263444633943,100.0,2
residual_cnn_43,CHIN_71,CHIN,5,test,2,12029,1214260,1217180,provisional,0.0005219937302172184,32.82334713374017,0.9556401968002319,0.9647601216892558,8001,6555,0.9832579240748979,0.0,2
residual_cnn_43,CHIN_72,CHIN,5,test,2,12046,1215940,1218880,provisional,0.0005922637064941227,32.274848798059004,0.9546727538108826,0.9597549740331734,8001,6555,0.9835988355663277,0.0,2
residual_cnn_43,CHIN_73,CHIN,5,test,2,12056,1215940,1221040,provisional,0.0005749666597694159,32.40357337741615,0.9541768431663513,0.959180195334617,8001,6555,0.9797980561578326,0.0,2
residual_cnn_43,CHIN_74,CHIN,5,test,2,12063,1217950,1220390,provisional,0.0005228655645623803,32.81609959457387,0.9550295472145081,0.9622694218189258,8001,6555,0.9845651291797928,100.0,2
residual_cnn_43,CHIN_75,CHIN,5,test,2,12073,1219500,1220780,provisional,0.00048294843873009086,33.16099233576282,0.9594378471374512,0.9642874603915033,8001,6555,0.9852748130601141,100.0,2
residual_cnn_43,CHIN_76,CHIN,5,test,2,12170,1228980,1230740,provisional,0.0002846598799806088,35.45673738089582,0.9656014442443848,0.9827799530599868,8001,6555,0.9874895367807746,700.0,2
residual_cnn_43,CHIN_100,CHIN,8,test,2,17415,1753290,1755370,provisional,0.000293194898404181,35.32843590695946,0.9601836800575256,0.9834050018916451,8001,6555,0.9903246121111023,200.0,2
residual_cnn_43,CHIN_101,CHIN,8,test,2,17601,1771840,1774000,provisional,0.0002214453706983477,36.547333941833635,0.9767430424690247,0.9843956731571765,8001,6555,0.9767247737958566,100.0,2
residual_cnn_43,CHIN_102,CHIN,8,test,2,17634,1775480,1776960,provisional,0.00022212085605133325,36.534106614300946,0.9768944382667542,0.9849414986493797,8001,6555,0.9678502821004572,0.0,2
residual_cnn_43,CHIN_103,CHIN,8,test,2,17911,1802700,1805220,provisional,0.0003936753491871059,34.04861778624014,0.9436939358711243,0.9852684513090028,8001,6555,0.9972427305795664,100.0,2
residual_cnn_43,CHIN_199,CHIN,21,test,2,37083,3720060,3722320,provisional,0.0003340907860547304,34.76135501676345,0.9488039016723633,0.9859918253100086,8001,6555,0.9605537176024512,200.0,2
residual_cnn_43,CHIN_200,CHIN,21,test,2,37192,3730830,3733310,provisional,0.00029592469218187034,35.28818795464835,0.9484638571739197,0.9888708461338094,8001,6555,0.9961009968760336,500.0,2
residual_cnn_43,CHIN_201,CHIN,21,test,2,37323,3743830,3746470,provisional,0.00030149740632623434,35.20716419587012,0.9622418284416199,0.9892644999831807,8001,6555,0.9976647246667051,0.0,2
residual_cnn_43,CHIN_202,CHIN,21,test,2,37544,3766010,3768530,provisional,0.0003461430314928293,34.607444071254164,0.9659706354141235,0.9872674489339576,5780,3521,0.9728333058278048,100.0,2
residual_cnn_43,CHIN_203,CHIN,21,test,2,37559,3767450,3770090,provisional,0.00030433316715061665,35.16650714334071,0.9619377851486206,0.9887797435955494,5889,3521,0.9717113259345377,300.0,2
residual_cnn_43,CHIN_204,CHIN,21,test,2,37769,3788920,3790480,provisional,0.00032070494489744306,34.938943437038745,0.9451828598976135,0.9876987653475244,8001,6555,0.9817152095453328,500.0,2
residual_cnn_43,CHIN_205,CHIN,21,test,2,37852,3796820,3799260,provisional,0.0004569559823721647,33.401256326075625,0.920657217502594,0.9815659398176899,8001,6555,0.9905071569202527,600.0,2
residual_cnn_43,CHIN_206,CHIN,21,test,2,37856,3796820,3800060,provisional,0.00044610403710976243,33.50563846503823,0.9188894629478455,0.9819303999758595,8001,6555,0.9909287909808746,200.0,2
residual_cnn_43,CHIN_207,CHIN,21,test,2,37862,3796820,3801260,provisional,0.0004457163449842483,33.50941439491773,0.9196181893348694,0.9818689166350834,8001,6555,0.9879762940025597,700.0,2
residual_cnn_43,CHIN_208,CHIN,21,test,2,37870,3796820,3802940,provisional,0.00045443649287335575,33.42526800498713,0.9165758490562439,0.9814036967054474,8001,6555,0.9885180820326139,100.0,2
residual_cnn_43,CHIN_209,CHIN,21,test,2,37876,3796820,3804000,provisional,0.0004567459400277585,33.40325304361583,0.9177045822143555,0.981269923208426,8001,6555,0.9906777737771186,200.0,2
residual_cnn_43,CHIN_210,CHIN,21,test,2,37888,3796820,3806500,provisional,0.00043975329026579857,33.567909024357434,0.9163526296615601,0.9818168692473165,8001,6555,0.990089199773254,100.0,2
residual_cnn_43,CHIN_211,CHIN,21,test,2,37894,3796820,3807720,provisional,0.0004312917881179601,33.65228810829258,0.9155452251434326,0.9824988815923391,8001,6555,0.9900168724057722,100.0,2
residual_cnn_43,CHIN_212,CHIN,21,test,2,37897,3796820,3808240,provisional,0.00040444658952765167,33.93138822395223,0.9216106534004211,0.9835577547044223,8001,6555,0.991188617881227,0.0,2
residual_cnn_43,CHIN_213,CHIN,21,test,2,37904,3798700,3807820,provisional,0.0004132826579734683,33.83752818053505,0.9178383350372314,0.98344742229626,8001,6555,0.990409460048894,0.0,2
residual_cnn_43,CHIN_214,CHIN,21,test,2,37927,3803270,3807830,provisional,0.0004199729592073709,33.767786716142105,0.9194020628929138,0.9828374803961988,8001,6555,0.991336032570083,100.0,2
residual_cnn_43,CHIN_215,CHIN,21,test,2,37931,3803910,3808030,provisional,0.0004213505599182099,33.75356424623416,0.9246461987495422,0.9831220965498789,8001,6555,0.9908151655758082,100.0,2
residual_cnn_43,CHID_7,CHID,5,test,2,12016,1207850,1221040,provisional,0.0005565789178945124,32.54473247904025,0.9563599228858948,0.963321434101598,8001,6555,0.9789299049780198,400.0,2
residual_cnn_43,CHID_10,CHID,8,test,2,17622,1770410,1779620,provisional,0.00023782436619512737,36.237436519798266,0.9766846895217896,0.9833681190964527,8001,6555,0.975904419499082,1400.0,2
residual_cnn_43,CHID_21,CHID,21,test,2,37550,3765970,3769680,provisional,0.00031055737053975463,35.07858159070954,0.965552031993866,0.9886449795986068,5780,3521,0.9864648947577909,200.0,2
residual_cnn_43,CHID_22,CHID,21,test,2,37898,3797060,3808210,provisional,0.00040930957766249776,33.87948092937661,0.9209322333335876,0.9835266425473751,8001,6555,0.9925192749602982,200.0,2
residual_cnn_44,OPCID_9,OPCID,1,test,1,2332,243140,249010,provisional,0.00039948950870893896,33.98494621530575,0.9677579402923584,0.9810984584084711,7504,5995,0.9591523223902221,1000.0,2
residual_cnn_44,OPCID_20,OPCID,5,test,1,11758,1186860,1190410,provisional,0.00031854724511504173,34.968261464648755,0.9672019481658936,0.984974542938988,8001,6555,0.9742426874085612,0.0,2
residual_cnn_44,OPCID_21,OPCID,5,test,1,12123,1224080,1226150,provisional,0.0002849099400918931,35.452923985957206,0.9644738435745239,0.9839103407788609,8001,6555,0.9769567591832513,0.0,2
residual_cnn_44,OPCID_22,OPCID,5,test,1,12366,1247430,1251440,provisional,0.00034798288834281266,34.58442111458613,0.9619964957237244,0.9852153191204934,8001,6555,0.9946980125571843,300.0,2
residual_cnn_44,OPCID_28,OPCID,8,test,1,17226,1732990,1737920,provisional,0.0002879536186810583,35.40677459369392,0.9552785158157349,0.9874653371638558,8001,6555,0.9891689518369398,100.0,2
residual_cnn_44,OPCID_29,OPCID,8,test,1,17315,1741110,1747490,provisional,0.0002559085551183671,35.91915195243749,0.9619548916816711,0.9886553883254823,8001,6555,0.9910189570639102,100.0,2
residual_cnn_44,OPCID_30,OPCID,8,test,1,17880,1798820,1802930,provisional,0.0003608388942666352,34.42686656676142,0.9453290104866028,0.987060623303892,8001,6555,0.9953891151445322,0.0,2
residual_cnn_44,OPCID_55,OPCID,18,test,1,34313,3439610,3448700,provisional,0.00045556004624813795,33.41454371631647,0.9232354760169983,0.9905270238503272,8001,6555,0.999041635038458,0.0,2
residual_cnn_44,OPCID_59,OPCID,21,test,1,37248,3735170,3740140,provisional,0.0002361665538046509,36.26781607681825,0.9663838744163513,0.9917189411996492,8001,6555,0.9956726669359349,100.0,2
residual_cnn_44,OPCID_64,OPCID,24,test,1,41051,4115250,4120550,provisional,0.00021861749701201916,36.603150823146095,0.9568548798561096,0.992506909282111,8001,6555,0.9710446311595974,100.0,2
residual_cnn_44,CHIN_9,CHIN,1,test,1,2251,237000,238940,provisional,0.00045402057003229856,33.42924470382663,0.9630709290504456,0.9800107423248104,5778,4560,0.9612421125316706,200.0,2
residual_cnn_44,CHIN_10,CHIN,1,test,1,2402,252280,253840,provisional,0.0005334594170562923,32.728986139506716,0.9642716646194458,0.9756344548308151,7504,5488,0.9158532595312006,400.0,2
residual_cnn_44,CHIN_11,CHIN,1,test,1,2436,252280,260520,provisional,0.0004745845799334347,33.23686376861652,0.9643650054931641,0.9787386322389086,7504,5488,0.8281231080397423,700.0,2
residual_cnn_44,CHIN_12,CHIN,1,test,1,2467,258700,260480,provisional,0.0005327434628270566,32.73481870709125,0.9630374908447266,0.9767302097424663,6788,4588,0.9509526589290475,100.0,2
residual_cnn_44,CHIN_13,CHIN,1,test,1,2501,262320,263560,provisional,0.0004992883186787367,33.016485945551665,0.9609754681587219,0.979619100829638,6219,3625,0.7974835376772336,1100.0,2
residual_cnn_44,CHIN_52,CHIN,32,test,1,9853,997460,998920,provisional,0.00029405165696516633,35.31576369029157,0.972549557685852,0.9856369852432798,8001,6555,0.9936844641071589,700.0,2
residual_cnn_44,CHIN_53,CHIN,32,test,1,9862,998130,999910,provisional,0.00023363367654383183,36.314645567521715,0.9753127694129944,0.9881968433584177,8001,6555,0.989243001909343,0.0,2
residual_cnn_44,CHIN_66,CHIN,5,test,1,11683,1180270,1181990,provisional,0.00028588174609467387,35.43813573999981,0.9704613089561462,0.9870824037203474,8001,6555,0.9642414738303473,100.0,2
residual_cnn_44,CHIN_67,CHIN,5,test,1,11857,1196620,1200380,provisional,0.000539227097760886,32.682282913386096,0.963037371635437,0.9741624131046697,8001,6555,0.9728553387172028,0.0,2
residual_cnn_44,CHIN_68,CHIN,5,test,1,11861,1197850,1200030,provisional,0.0005930003826506436,32.26945026394575,0.9625406265258789,0.9713698282631107,8001,6555,0.9758695477832663,100.0,2
residual_cnn_44,CHIN_69,CHIN,5,test,1,11898,1201850,1203350,provisional,0.00054860336240381,32.607415349215266,0.965674638748169,0.9709719122209435,8001,6555,0.9806028613239482,100.0,2
residual_cnn_44,CHIN_70,CHIN,5,test,1,11985,1209910,1212870,provisional,0.000512386963237077,32.90401928627246,0.9608119130134583,0.9689407066235773,8001,6555,0.9674961936627173,100.0,2
residual_cnn_44,CHIN_71,CHIN,5,test,1,12029,1214260,1217180,provisional,0.0005624426412396133,32.49921760973563,0.9580236077308655,0.9670886769436828,8001,6555,0.9769480394720201,400.0,2
residual_cnn_44,CHIN_72,CHIN,5,test,1,12046,1215940,1218880,provisional,0.0006075333221815526,32.16429896754023,0.9580092430114746,0.9642582120174802,8001,6555,0.9787957035406322,0.0,2
residual_cnn_44,CHIN_73,CHIN,5,test,1,12056,1215940,1221040,provisional,0.0006001208676025271,32.21761271539084,0.9582709074020386,0.9632559729471281,8001,6555,0.9749437423119324,0.0,2
residual_cnn_44,CHIN_74,CHIN,5,test,1,12063,1217950,1220390,provisional,0.0005515278899110854,32.58432521069255,0.9577685594558716,0.9658487575226671,8001,6555,0.9755479059179012,100.0,2
residual_cnn_44,CHIN_75,CHIN,5,test,1,12073,1219500,1220780,provisional,0.0005130536737851799,32.898371982227474,0.962772011756897,0.9676080100587321,8001,6555,0.9778424532882095,0.0,2
residual_cnn_44,CHIN_76,CHIN,5,test,1,12170,1228980,1230740,provisional,0.0002909502654802054,35.36181242194455,0.9704691767692566,0.9846867372159186,8001,6555,0.9823120331089111,700.0,2
residual_cnn_44,CHIN_100,CHIN,8,test,1,17415,1753290,1755370,provisional,0.00026560825062915683,35.75758438539481,0.963357150554657,0.9870838893412396,8001,6555,0.9811152846161029,200.0,2
residual_cnn_44,CHIN_101,CHIN,8,test,1,17601,1771840,1774000,provisional,0.00021474969980772585,36.68067434583748,0.9783718585968018,0.9877362393914995,8001,6555,0.970713940643587,0.0,2
residual_cnn_44,CHIN_102,CHIN,8,test,1,17634,1775480,1776960,provisional,0.00021604880748782307,36.65448126496409,0.9783434271812439,0.9877228764969315,8001,6555,0.9563017780691052,200.0,2
residual_cnn_44,CHIN_103,CHIN,8,test,1,17911,1802700,1805220,provisional,0.00037736378726549447,34.23239778112121,0.9491746425628662,0.986546212404915,8001,6555,0.9961190348322578,100.0,2
residual_cnn_44,CHIN_199,CHIN,21,test,1,37083,3720060,3722320,provisional,0.00031664097332395613,34.9943288815608,0.9524638056755066,0.9877166655553868,8001,6555,0.9404240906979013,200.0,2
residual_cnn_44,CHIN_200,CHIN,21,test,1,37192,3730830,3733310,provisional,0.0002994573733303696,35.23664989117526,0.9505569338798523,0.989315736584819,8001,6555,0.9933176547823993,500.0,2
residual_cnn_44,CHIN_201,CHIN,21,test,1,37323,3743830,3746470,provisional,0.00027568431687541306,35.59587939328387,0.9665271639823914,0.9904955163709657,8001,6555,0.9973153068437558,200.0,2
residual_cnn_44,CHIN_202,CHIN,21,test,1,37544,3766010,3768530,provisional,0.0003399872803129256,34.68537330584924,0.9673219323158264,0.9881952643041376,5780,3521,0.9483140812589204,100.0,2
residual_cnn_44,CHIN_203,CHIN,21,test,1,37559,3767450,3770090,provisional,0.000309234659653157,35.09711835411792,0.9643009901046753,0.9892223750357519,5889,3521,0.9624881215299559,300.0,2
residual_cnn_44,CHIN_204,CHIN,21,test,1,37769,3788920,3790480,provisional,0.000336044147843495,34.736036633681195,0.9499296545982361,0.9879076549434781,8001,6555,0.9678679037390894,500.0,2
residual_cnn_44,CHIN_205,CHIN,21,test,1,37852,3796820,3799260,provisional,0.00044601058471016586,33.506548345016014,0.9269304871559143,0.9836126698240086,8001,6555,0.9843775869383017,600.0,2
residual_cnn_44,CHIN_206,CHIN,21,test,1,37856,3796820,3800060,provisional,0.0004461957432795316,33.50474577214504,0.9250332117080688,0.9835393667050811,8001,6555,0.9873244162858185,200.0,2
residual_cnn_44,CHIN_207,CHIN,21,test,1,37862,3796820,3801260,provisional,0.0004312348610255867,33.652861380368265,0.925639271736145,0.984012108659042,8001,6555,0.9820768367973561,700.0,2
residual_cnn_44,CHIN_208,CHIN,21,test,1,37870,3796820,3802940,provisional,0.00044247860205359757,33.54107726626596,0.9227676391601562,0.9835656577532474,8001,6555,0.9828289392067519,100.0,2
residual_cnn_44,CHIN_209,CHIN,21,test,1,37876,3796820,3804000,provisional,0.0004463279037736356,33.50345960849159,0.9239731431007385,0.9834551107825591,8001,6555,0.9861722676385705,200.0,2
residual_cnn_44,CHIN_210,CHIN,21,test,1,37888,3796820,3806500,provisional,0.00043509219540283084,33.61418706925357,0.9231938719749451,0.9837827173667334,8001,6555,0.9878590932998539,100.0,2
residual_cnn_44,CHIN_211,CHIN,21,test,1,37894,3796820,3807720,provisional,0.0003972262202296406,34.00962092187707,0.9224950671195984,0.9853600992228441,8001,6555,0.9852248027964389,200.0,2
residual_cnn_44,CHIN_212,CHIN,21,test,1,37897,3796820,3808240,provisional,0.00041896518087014556,33.77822068643033,0.9254805445671082,0.9846247792727005,8001,6555,0.987896653076877,0.0,2
residual_cnn_44,CHIN_213,CHIN,21,test,1,37904,3798700,3807820,provisional,0.0004061362997163087,33.913281923322884,0.9248905777931213,0.985257567383245,8001,6555,0.9884985264477476,100.0,2
residual_cnn_44,CHIN_214,CHIN,21,test,1,37927,3803270,3807830,provisional,0.0004095702606718987,33.87671585467253,0.9250310063362122,0.9848388177204637,8001,6555,0.9896771130734678,100.0,2
residual_cnn_44,CHIN_215,CHIN,21,test,1,37931,3803910,3808030,provisional,0.0004108057473786175,33.86363489034452,0.9287109375,0.9850987357938835,8001,6555,0.9886154932656687,200.0,2
residual_cnn_44,CHID_7,CHID,5,test,1,12016,1207850,1221040,provisional,0.0005742989596910775,32.408619704171336,0.9593864679336548,0.9670887980969346,8001,6555,0.9738961122796898,200.0,2
residual_cnn_44,CHID_10,CHID,8,test,1,17622,1770410,1779620,provisional,0.00022624457778874785,36.45421820364282,0.9784470200538635,0.9868351924567249,8001,6555,0.9624753673531237,1400.0,2
residual_cnn_44,CHID_21,CHID,21,test,1,37550,3765970,3769680,provisional,0.0003523731720633805,34.52997164018096,0.9675711989402771,0.9878513048324076,5780,3521,0.9783482584388469,100.0,2
residual_cnn_44,CHID_22,CHID,21,test,1,37898,3797060,3808210,provisional,0.00042054083314724267,33.761918292369124,0.9263189435005188,0.984690075308221,8001,6555,0.9911797980028455,100.0,2
residual_cnn_44,OPCID_9,OPCID,1,test,2,2332,243140,249010,provisional,0.0003866874903906137,34.126398774283686,0.9650195837020874,0.9794562423122833,7504,5995,0.9618751131388142,1000.0,2
residual_cnn_44,OPCID_20,OPCID,5,test,2,11758,1186860,1190410,provisional,0.0003370662743691355,34.722846992384895,0.9641690850257874,0.9820829165264057,8001,6555,0.9748067532143571,0.0,2
residual_cnn_44,OPCID_21,OPCID,5,test,2,12123,1224080,1226150,provisional,0.000279240746749565,35.5402120926763,0.9622159004211426,0.9816265851187405,8001,6555,0.9824422761124227,0.0,2
residual_cnn_44,OPCID_22,OPCID,5,test,2,12366,1247430,1251440,provisional,0.0003746515139937401,34.26372508047067,0.9568461179733276,0.9822010439602116,8001,6555,0.9957115663782603,200.0,2
residual_cnn_44,OPCID_28,OPCID,8,test,2,17226,1732990,1737920,provisional,0.0003142447385471314,35.02731985047181,0.9556953310966492,0.9844980286838578,8001,6555,0.9882830778051668,100.0,2
residual_cnn_44,OPCID_29,OPCID,8,test,2,17315,1741110,1747490,provisional,0.00027970614610239863,35.53297990585817,0.9598628282546997,0.9858157413895938,8001,6555,0.9920479261423835,100.0,2
residual_cnn_44,OPCID_30,OPCID,8,test,2,17880,1798820,1802930,provisional,0.0003732826153282076,34.27962235744306,0.9396049380302429,0.9859588509652809,8001,6555,0.9966870727789741,0.0,2
residual_cnn_44,OPCID_55,OPCID,18,test,2,34313,3439610,3448700,provisional,0.0005358427297323942,32.709626573812905,0.9174798130989075,0.9894343179483153,8001,6555,0.9990285043975453,0.0,2
residual_cnn_44,OPCID_59,OPCID,21,test,2,37248,3735170,3740140,provisional,0.0002547949261497706,35.93809224559201,0.9634795188903809,0.9905636429332829,8001,6555,0.9968957156111652,0.0,2
residual_cnn_44,OPCID_64,OPCID,24,test,2,41051,4115250,4120550,provisional,0.0002646253851708025,35.77368496842414,0.9518758654594421,0.9905031379906257,8001,6555,0.9784422630592956,100.0,2
residual_cnn_44,CHIN_9,CHIN,1,test,2,2251,237000,238940,provisional,0.00043855616240762174,33.57974782088428,0.9603528380393982,0.9780435945475457,5778,4560,0.9619750418428157,300.0,2
residual_cnn_44,CHIN_10,CHIN,1,test,2,2402,252280,253840,provisional,0.0005296980962157249,32.759715879564,0.9606502056121826,0.9731020994158712,7504,5488,0.924701039116935,100.0,2
residual_cnn_44,CHIN_11,CHIN,1,test,2,2436,252280,260520,provisional,0.0005115792737342417,32.91087058965056,0.9600096940994263,0.9742725568081534,7504,5488,0.8563115838857697,300.0,2
residual_cnn_44,CHIN_12,CHIN,1,test,2,2467,258700,260480,provisional,0.0005244779749773443,32.802727449282784,0.9624507427215576,0.9742018768260342,6788,4588,0.9525115922532584,100.0,2
residual_cnn_44,CHIN_13,CHIN,1,test,2,2501,262320,263560,provisional,0.0004974787007085979,33.03225508612209,0.9594111442565918,0.9768780667080892,6219,3625,0.8219428522956883,100.0,2
residual_cnn_44,CHIN_52,CHIN,32,test,2,9853,997460,998920,provisional,0.00029487244319170713,35.30365811812315,0.9711198806762695,0.9841238619595547,8001,6555,0.9952231306750031,100.0,2
residual_cnn_44,CHIN_53,CHIN,32,test,2,9862,998130,999910,provisional,0.0002420531091047451,36.16089334595649,0.9732277393341064,0.986157868185293,8001,6555,0.9904209806355212,100.0,2
residual_cnn_44,CHIN_66,CHIN,5,test,2,11683,1180270,1181990,provisional,0.00031492713605985045,35.01789916266272,0.9675771594047546,0.984290128190158,8001,6555,0.9736467121751771,100.0,2
residual_cnn_44,CHIN_67,CHIN,5,test,2,11857,1196620,1200380,provisional,0.0005205532070249319,32.83534873576408,0.9617159366607666,0.971618918549869,8001,6555,0.9735626254094235,100.0,2
residual_cnn_44,CHIN_68,CHIN,5,test,2,11861,1197850,1200030,provisional,0.0005807664711028337,32.359984643385175,0.9612712264060974,0.9681140513355544,8001,6555,0.9766227554773057,200.0,2
residual_cnn_44,CHIN_69,CHIN,5,test,2,11898,1201850,1203350,provisional,0.0005292671849019825,32.76325031868895,0.9657519459724426,0.9671030948858679,8001,6555,0.9794132915793522,100.0,2
residual_cnn_44,CHIN_70,CHIN,5,test,2,11985,1209910,1212870,provisional,0.0004715429968200624,33.26478700741453,0.9606869220733643,0.9659751657867305,8001,6555,0.968690027694657,100.0,2
residual_cnn_44,CHIN_71,CHIN,5,test,2,12029,1214260,1217180,provisional,0.0005321744247339666,32.73946000629805,0.957312822341919,0.9639977079029197,8001,6555,0.9805747524664374,0.0,2
residual_cnn_44,CHIN_72,CHIN,5,test,2,12046,1215940,1218880,provisional,0.0005918634124100208,32.27778506251425,0.9565551280975342,0.959799315195842,8001,6555,0.9810762128610383,0.0,2
residual_cnn_44,CHIN_73,CHIN,5,test,2,12056,1215940,1221040,provisional,0.0005700943875126541,32.44053234533988,0.9561275243759155,0.9595538043880314,8001,6555,0.9803464619993818,0.0,2
residual_cnn_44,CHIN_74,CHIN,5,test,2,12063,1217950,1220390,provisional,0.0005183562752790749,32.853716394790936,0.9561200737953186,0.9626525033339438,8001,6555,0.9813426745654161,100.0,2
residual_cnn_44,CHIN_75,CHIN,5,test,2,12073,1219500,1220780,provisional,0.00047502611414529383,33.232825147594326,0.9604763984680176,0.9649319313714082,8001,6555,0.9829394497311014,0.0,2
residual_cnn_44,CHIN_76,CHIN,5,test,2,12170,1228980,1230740,provisional,0.00028201291570439935,35.497310012880774,0.9667863249778748,0.9830240648599051,8001,6555,0.9836561164708566,800.0,2
residual_cnn_44,CHIN_100,CHIN,8,test,2,17415,1753290,1755370,provisional,0.0002830683661159128,35.48108661856833,0.9613693356513977,0.9840054359681002,8001,6555,0.9877409156172349,200.0,2
residual_cnn_44,CHIN_101,CHIN,8,test,2,17601,1771840,1774000,provisional,0.00022054489818401635,36.56502984206847,0.9775334596633911,0.984591174788302,8001,6555,0.9696544186691715,100.0,2
residual_cnn_44,CHIN_102,CHIN,8,test,2,17634,1775480,1776960,provisional,0.00021963269682601094,36.583030057789784,0.9776727557182312,0.9850503175000709,8001,6555,0.9640474653077109,200.0,2
residual_cnn_44,CHIN_103,CHIN,8,test,2,17911,1802700,1805220,provisional,0.000396912480937317,34.01305244461488,0.9441301822662354,0.9851231377323002,8001,6555,0.9970496522254154,100.0,2
residual_cnn_44,CHIN_199,CHIN,21,test,2,37083,3720060,3722320,provisional,0.00033534489921294153,34.745082951397016,0.949017345905304,0.9858579983700765,8001,6555,0.9533728618136754,200.0,2
residual_cnn_44,CHIN_200,CHIN,21,test,2,37192,3730830,3733310,provisional,0.00031503153149969876,35.01645975508849,0.946058452129364,0.988087010959479,8001,6555,0.9950672516430974,500.0,2
residual_cnn_44,CHIN_201,CHIN,21,test,2,37323,3743830,3746470,provisional,0.0002880921820178628,35.40468527046108,0.9634407162666321,0.989502620340425,8001,6555,0.9976824234092982,100.0,2
residual_cnn_44,CHIN_202,CHIN,21,test,2,37544,3766010,3768530,provisional,0.0003677948843687773,34.34394315625027,0.9656873941421509,0.9863338468733747,5780,3521,0.9621400673572051,100.0,2
residual_cnn_44,CHIN_203,CHIN,21,test,2,37559,3767450,3770090,provisional,0.00031604053219780326,35.002572155429554,0.9614429473876953,0.9882676514511608,5889,3521,0.9672654413884296,300.0,2
residual_cnn_44,CHIN_204,CHIN,21,test,2,37769,3788920,3790480,provisional,0.00034476607106626034,34.62475480300138,0.945724606513977,0.9869157978421178,8001,6555,0.974819674630994,500.0,2
residual_cnn_44,CHIN_205,CHIN,21,test,2,37852,3796820,3799260,provisional,0.000464903365354985,33.32637310022958,0.9206786751747131,0.9815311043205723,8001,6555,0.9879117251279443,600.0,2
residual_cnn_44,CHIN_206,CHIN,21,test,2,37856,3796820,3800060,provisional,0.0004560649103950709,33.40973341063228,0.9192160964012146,0.981705601743155,8001,6555,0.9893536265339281,200.0,2
residual_cnn_44,CHIN_207,CHIN,21,test,2,37862,3796820,3801260,provisional,0.00046079850289970636,33.3648894057324,0.9198057651519775,0.9814347855157747,8001,6555,0.9858412555816252,700.0,2
residual_cnn_44,CHIN_208,CHIN,21,test,2,37870,3796820,3802940,provisional,0.0004736908886115998,33.24504968794866,0.9166754484176636,0.9808348107128263,8001,6555,0.9863807732468429,100.0,2
residual_cnn_44,CHIN_209,CHIN,21,test,2,37876,3796820,3804000,provisional,0.0004718275449704379,33.26216708894523,0.9176263809204102,0.9809504980489657,8001,6555,0.9876144387876398,200.0,2
residual_cnn_44,CHIN_210,CHIN,21,test,2,37888,3796820,3806500,provisional,0.00045655990834347904,33.405022276457224,0.9165710210800171,0.9813931021572028,8001,6555,0.9886860102099325,100.0,2
residual_cnn_44,CHIN_211,CHIN,21,test,2,37894,3796820,3807720,provisional,0.00043525040382519364,33.612608172721544,0.9160155653953552,0.9825330584360256,8001,6555,0.9882387401124052,200.0,2
residual_cnn_44,CHIN_212,CHIN,21,test,2,37897,3796820,3808240,provisional,0.00043209048453718424,33.64425297582536,0.9214469790458679,0.9827018008088463,8001,6555,0.9893450136873512,0.0,2
residual_cnn_44,CHIN_213,CHIN,21,test,2,37904,3798700,3807820,provisional,0.0004267799376975745,33.69796004317919,0.9178693890571594,0.9831123025748666,8001,6555,0.9888349490691166,0.0,2
residual_cnn_44,CHIN_214,CHIN,21,test,2,37927,3803270,3807830,provisional,0.0004418355238158256,33.54739369548851,0.919654905796051,0.9821311439004673,8001,6555,0.9907728730833436,100.0,2
residual_cnn_44,CHIN_215,CHIN,21,test,2,37931,3803910,3808030,provisional,0.0004369659873191267,33.59552366449482,0.9246527552604675,0.9827384076612304,8001,6555,0.9879734329282258,100.0,2
residual_cnn_44,CHID_7,CHID,5,test,2,12016,1207850,1221040,provisional,0.0005635729758068919,32.49049840153403,0.9573183059692383,0.9628743778528164,8001,6555,0.9789140911410759,100.0,2
residual_cnn_44,CHID_10,CHID,8,test,2,17622,1770410,1779620,provisional,0.0002371407754253596,36.24993764369823,0.977332592010498,0.9834646223045682,8001,6555,0.9679068267112518,1400.0,2
residual_cnn_44,CHID_21,CHID,21,test,2,37550,3765970,3769680,provisional,0.00032879936043173075,34.83069035904616,0.9655846953392029,0.9878942587471096,5780,3521,0.9830063522094092,200.0,2
residual_cnn_44,CHID_22,CHID,21,test,2,37898,3797060,3808210,provisional,0.0004350950475782156,33.61415859988583,0.9205502867698669,0.9827665197038707,8001,6555,0.9916786961317361,100.0,2
plain_cnn_42,OPCID_9,OPCID,1,test,1,2332,243140,249010,provisional,0.0004257547843735665,33.708404630004416,0.9683952331542969,0.9797017795591192,7504,5995,0.9647753269294114,1000.0,2
plain_cnn_42,OPCID_20,OPCID,5,test,1,11758,1186860,1190410,provisional,0.0003041627933271229,35.16893912048249,0.9674031734466553,0.985669176097806,8001,6555,0.9774916074982107,0.0,2
plain_cnn_42,OPCID_21,OPCID,5,test,1,12123,1224080,1226150,provisional,0.00027177215088158846,35.65795048479601,0.9632131457328796,0.9847128799467443,8001,6555,0.9804566310061695,0.0,2
plain_cnn_42,OPCID_22,OPCID,5,test,1,12366,1247430,1251440,provisional,0.0003223806561436504,34.91631025124104,0.9622212648391724,0.9863545878005914,8001,6555,0.9968165189419071,300.0,2
plain_cnn_42,OPCID_28,OPCID,8,test,1,17226,1732990,1737920,provisional,0.00026350197731517255,35.79216121499456,0.9543228149414062,0.988548973796206,8001,6555,0.9895408757314157,600.0,2
plain_cnn_42,OPCID_29,OPCID,8,test,1,17315,1741110,1747490,provisional,0.0002285673253936693,36.409858536234424,0.9604071974754333,0.9899995815932525,8001,6555,0.9906308265964914,100.0,2
plain_cnn_42,OPCID_30,OPCID,8,test,1,17880,1798820,1802930,provisional,0.00037347598117776215,34.27737323105282,0.9431202411651611,0.9866596297662878,8001,6555,0.9940503316137987,0.0,2
plain_cnn_42,OPCID_55,OPCID,18,test,1,34313,3439610,3448700,provisional,0.0004047024995088577,33.928641133263675,0.922832190990448,0.9915806093864898,8001,6555,0.998891519876483,0.0,2
plain_cnn_42,OPCID_59,OPCID,21,test,1,37248,3735170,3740140,provisional,0.0002074554213322699,36.83075211478897,0.9671088457107544,0.9928720473580316,8001,6555,0.995715962472965,100.0,2
plain_cnn_42,OPCID_64,OPCID,24,test,1,41051,4115250,4120550,provisional,0.0001856401504483074,37.31328088287681,0.9585044384002686,0.9937989640951996,8001,6555,0.9820307438778975,100.0,2
plain_cnn_42,CHIN_9,CHIN,1,test,1,2251,237000,238940,provisional,0.00046335425577126443,33.3408684375868,0.963135838508606,0.9795953371943287,5778,4560,0.9498131253285266,200.0,2
plain_cnn_42,CHIN_10,CHIN,1,test,1,2402,252280,253840,provisional,0.0005050529725849628,32.96663068426248,0.9658206701278687,0.9769677305481341,7504,5488,0.8602558612054264,400.0,2
plain_cnn_42,CHIN_11,CHIN,1,test,1,2436,252280,260520,provisional,0.00046171926078386605,33.35622008321555,0.9667229652404785,0.9793494576888724,7504,5488,0.6140943949882434,600.0,2
plain_cnn_42,CHIN_12,CHIN,1,test,1,2467,258700,260480,provisional,0.0004911364521831274,33.08797831304188,0.9677125811576843,0.9785010477342571,6788,4588,0.9735160206792706,100.0,2
plain_cnn_42,CHIN_13,CHIN,1,test,1,2501,262320,263560,provisional,0.0005035651265643537,32.97944353752985,0.9649719595909119,0.9794591774947757,6219,3625,0.6772796861559487,0.0,2
plain_cnn_42,CHIN_52,CHIN,32,test,1,9853,997460,998920,provisional,0.00029788698884658515,35.259484655514385,0.9736567139625549,0.9856299345267918,8001,6555,0.9941304293037084,500.0,2
plain_cnn_42,CHIN_53,CHIN,32,test,1,9862,998130,999910,provisional,0.0002280213957419619,36.42024400294678,0.9765254259109497,0.9887375120752531,8001,6555,0.9920672364812019,0.0,2
plain_cnn_42,CHIN_66,CHIN,5,test,1,11683,1180270,1181990,provisional,0.00026005407562479377,35.849363354769665,0.9719024896621704,0.9882770948807768,8001,6555,0.9719332272575525,500.0,2
plain_cnn_42,CHIN_67,CHIN,5,test,1,11857,1196620,1200380,provisional,0.0005349810235202312,32.71661622701415,0.9625955820083618,0.9743707886670481,8001,6555,0.9739813233916615,100.0,2
plain_cnn_42,CHIN_68,CHIN,5,test,1,11861,1197850,1200030,provisional,0.0005802177474834025,32.364089912930424,0.9615868926048279,0.9719726540251037,8001,6555,0.9785310588503531,100.0,2
plain_cnn_42,CHIN_69,CHIN,5,test,1,11898,1201850,1203350,provisional,0.0005526823224499822,32.57524426109746,0.9634585380554199,0.9706590336161125,8001,6555,0.9776333018443085,100.0,2
plain_cnn_42,CHIN_70,CHIN,5,test,1,11985,1209910,1212870,provisional,0.0005343935335986316,32.72138805658677,0.9583563804626465,0.9676216266564229,8001,6555,0.9642960532945248,100.0,2
plain_cnn_42,CHIN_71,CHIN,5,test,1,12029,1214260,1217180,provisional,0.0005556981777772307,32.55161027333014,0.9552690982818604,0.9674723688787907,8001,6555,0.9775384833114726,0.0,2
plain_cnn_42,CHIN_72,CHIN,5,test,1,12046,1215940,1218880,provisional,0.0006148291286081076,32.11245565222236,0.9553365111351013,0.9638718465530466,8001,6555,0.9787054827217849,0.0,2
plain_cnn_42,CHIN_73,CHIN,5,test,1,12056,1215940,1221040,provisional,0.0006146014202386141,32.11406440498319,0.9552356004714966,0.9624932364871951,8001,6555,0.9718964987344741,0.0,2
plain_cnn_42,CHIN_74,CHIN,5,test,1,12063,1217950,1220390,provisional,0.0005548227927647531,32.55845705910522,0.9546343088150024,0.965707746175437,8001,6555,0.9762542102616181,100.0,2
plain_cnn_42,CHIN_75,CHIN,5,test,1,12073,1219500,1220780,provisional,0.0005352424341253936,32.714494629234174,0.9596121907234192,0.9662945265338039,8001,6555,0.9771314304170925,100.0,2
plain_cnn_42,CHIN_76,CHIN,5,test,1,12170,1228980,1230740,provisional,0.0002639512822497636,35.7847622389737,0.9703302383422852,0.9861517550635879,8001,6555,0.9860741616045186,700.0,2
plain_cnn_42,CHIN_100,CHIN,8,test,1,17415,1753290,1755370,provisional,0.00024177036539185792,36.16596933150706,0.9641498923301697,0.9882869421296602,8001,6555,0.986958532287386,0.0,2
plain_cnn_42,CHIN_101,CHIN,8,test,1,17601,1771840,1774000,provisional,0.00018990061653312296,37.21473625276155,0.9801182150840759,0.9886961016969297,8001,6555,0.9743509772364575,0.0,2
plain_cnn_42,CHIN_102,CHIN,8,test,1,17634,1775480,1776960,provisional,0.00019662514387164265,37.06360946593004,0.9791814088821411,0.9885178382194747,8001,6555,0.957468979774726,100.0,2
plain_cnn_42,CHIN_103,CHIN,8,test,1,17911,1802700,1805220,provisional,0.00037885873462073505,34.215226956024686,0.9471502900123596,0.9866870850862645,8001,6555,0.994019803109607,200.0,2
plain_cnn_42,CHIN_199,CHIN,21,test,1,37083,3720060,3722320,provisional,0.0002916805970016867,35.3509245978937,0.9491754770278931,0.9886948648413594,8001,6555,0.9475063904114457,200.0,2
plain_cnn_42,CHIN_200,CHIN,21,test,1,37192,3730830,3733310,provisional,0.00026959148817695677,35.69293823917634,0.9508152008056641,0.9904333366094031,8001,6555,0.9939386206169534,500.0,2
plain_cnn_42,CHIN_201,CHIN,21,test,1,37323,3743830,3746470,provisional,0.0002715983137022704,35.660729308277375,0.9674845933914185,0.9908780321425236,8001,6555,0.996320145804393,200.0,2
plain_cnn_42,CHIN_202,CHIN,21,test,1,37544,3766010,3768530,provisional,0.00028849515365436673,35.3986147803284,0.9706827402114868,0.990029873097341,5780,3521,0.9681090131844006,100.0,2
plain_cnn_42,CHIN_203,CHIN,21,test,1,37559,3767450,3770090,provisional,0.00027139222947880626,35.66402591248086,0.9665793180465698,0.9906237579481201,5889,3521,0.9675685986983376,300.0,2
plain_cnn_42,CHIN_204,CHIN,21,test,1,37769,3788920,3790480,provisional,0.0002940951380878687,35.31512155088522,0.9503483772277832,0.9892664716158834,8001,6555,0.9786951453901969,100.0,2
plain_cnn_42,CHIN_205,CHIN,21,test,1,37852,3796820,3799260,provisional,0.000416339811636135,33.80552058613094,0.9224056601524353,0.9843189724194937,8001,6555,0.9861533320649496,600.0,2
plain_cnn_42,CHIN_206,CHIN,21,test,1,37856,3796820,3800060,provisional,0.0004148199805058539,33.82140333251046,0.9203338027000427,0.9843545042440903,8001,6555,0.9869066257829623,200.0,2
plain_cnn_42,CHIN_207,CHIN,21,test,1,37862,3796820,3801260,provisional,0.0004136656934861094,33.83350494931109,0.920473039150238,0.9843853443701418,8001,6555,0.9833175666296413,700.0,2
plain_cnn_42,CHIN_208,CHIN,21,test,1,37870,3796820,3802940,provisional,0.0004193069180473685,33.77467972213621,0.9173172116279602,0.9841331008660394,8001,6555,0.9836733034271267,100.0,2
plain_cnn_42,CHIN_209,CHIN,21,test,1,37876,3796820,3804000,provisional,0.00041735341073945165,33.794960329611804,0.9188892841339111,0.9841956293252848,8001,6555,0.9874812294069534,200.0,2
plain_cnn_42,CHIN_210,CHIN,21,test,1,37888,3796820,3806500,provisional,0.0004066028050146997,33.908296296374694,0.917802631855011,0.9846097302047213,8001,6555,0.9867911986166942,100.0,2
plain_cnn_42,CHIN_211,CHIN,21,test,1,37894,3796820,3807720,provisional,0.00038133395719341934,34.18694519758886,0.917701780796051,0.985783743263779,8001,6555,0.9854897790058494,100.0,2
plain_cnn_42,CHIN_212,CHIN,21,test,1,37897,3796820,3808240,provisional,0.0003848777269013226,34.1467722105334,0.9199755191802979,0.985528709199611,8001,6555,0.9878977800827331,0.0,2
plain_cnn_42,CHIN_213,CHIN,21,test,1,37904,3798700,3807820,provisional,0.0003790414775721729,34.21313263659642,0.9200114011764526,0.9860621552479597,8001,6555,0.9875981031370835,0.0,2
plain_cnn_42,CHIN_214,CHIN,21,test,1,37927,3803270,3807830,provisional,0.00037745479494333267,34.23135053259239,0.9215680956840515,0.9858669810850424,8001,6555,0.9891094772495349,100.0,2
plain_cnn_42,CHIN_215,CHIN,21,test,1,37931,3803910,3808030,provisional,0.0003698982181958854,34.3191776068125,0.925482451915741,0.9862670071052725,8001,6555,0.990922975992863,200.0,2
plain_cnn_42,CHID_7,CHID,5,test,1,12016,1207850,1221040,provisional,0.0005872477195225656,32.311786610564255,0.9569912552833557,0.9664272586775259,8001,6555,0.9715529706083329,500.0,2
plain_cnn_42,CHID_10,CHID,8,test,1,17622,1770410,1779620,provisional,0.00020745499932672828,36.83076094921052,0.9802220463752747,0.9876773244211053,8001,6555,0.965423594156997,1400.0,2
plain_cnn_42,CHID_21,CHID,21,test,1,37550,3765970,3769680,provisional,0.0002897242084145546,35.38015215042686,0.9686560034751892,0.9900816356969719,5780,3521,0.982114919100619,100.0,2
plain_cnn_42,CHID_22,CHID,21,test,1,37898,3797060,3808210,provisional,0.00038737247814424336,34.11871238068838,0.9213340282440186,0.9856390787438273,8001,6555,0.9904038150660174,200.0,2
plain_cnn_42,OPCID_9,OPCID,1,test,2,2332,243140,249010,provisional,0.0004140792298130691,33.8291655313394,0.9654452204704285,0.9778538455034622,7504,5995,0.9663196143827796,1000.0,2
plain_cnn_42,OPCID_20,OPCID,5,test,2,11758,1186860,1190410,provisional,0.0003271853784099221,34.852061127567495,0.9636918306350708,0.9827168334537326,8001,6555,0.9794018561023387,0.0,2
plain_cnn_42,OPCID_21,OPCID,5,test,2,12123,1224080,1226150,provisional,0.0002792174636851996,35.540574222060116,0.9604414701461792,0.981740596160477,8001,6555,0.9828779648096684,0.0,2
plain_cnn_42,OPCID_22,OPCID,5,test,2,12366,1247430,1251440,provisional,0.0003553651331458241,34.49325185493019,0.9562915563583374,0.9829803693531974,8001,6555,0.9972976244232585,200.0,2
plain_cnn_42,OPCID_28,OPCID,8,test,2,17226,1732990,1737920,provisional,0.0002926511224359274,35.33649805850861,0.9536692500114441,0.9855773361504592,8001,6555,0.9890093612881461,100.0,2
plain_cnn_42,OPCID_29,OPCID,8,test,2,17315,1741110,1747490,provisional,0.0002532620565034449,35.96429870949779,0.9576922655105591,0.9872213415467627,8001,6555,0.991016689331795,100.0,2
plain_cnn_42,OPCID_30,OPCID,8,test,2,17880,1798820,1802930,provisional,0.0004034715238958597,33.94187111378842,0.9361311197280884,0.9848394161065535,8001,6555,0.99551284146431,0.0,2
plain_cnn_42,OPCID_55,OPCID,18,test,2,34313,3439610,3448700,provisional,0.0004942271625623107,33.06073389596116,0.9162771105766296,0.9902849197679898,8001,6555,0.9989301696024993,0.0,2
plain_cnn_42,OPCID_59,OPCID,21,test,2,37248,3735170,3740140,provisional,0.00023626768961548805,36.26595665507429,0.9631728529930115,0.9914324706495504,8001,6555,0.9967584918391119,0.0,2
plain_cnn_42,OPCID_64,OPCID,24,test,2,41051,4115250,4120550,provisional,0.00022617110516875982,36.45562879814315,0.9528418779373169,0.9919890685211358,8001,6555,0.9867754356216765,100.0,2
plain_cnn_42,CHIN_9,CHIN,1,test,2,2251,237000,238940,provisional,0.00044651763164438307,33.50161387448048,0.9598829746246338,0.9776921481698518,5778,4560,0.9535587061014448,200.0,2
plain_cnn_42,CHIN_10,CHIN,1,test,2,2402,252280,253840,provisional,0.0005039910320192575,32.975771912909856,0.9617021083831787,0.9743953484437026,7504,5488,0.8722654359999873,100.0,2
plain_cnn_42,CHIN_11,CHIN,1,test,2,2436,252280,260520,provisional,0.0004819050373043865,33.170385340389764,0.9621348977088928,0.9757599988037232,7504,5488,0.677752004791903,300.0,2
plain_cnn_42,CHIN_12,CHIN,1,test,2,2467,258700,260480,provisional,0.0004895890597254038,33.101682954253484,0.9662930369377136,0.9757649459630635,6788,4588,0.9763912107739622,100.0,2
plain_cnn_42,CHIN_13,CHIN,1,test,2,2501,262320,263560,provisional,0.0004894031444564462,33.1033324459662,0.9627764225006104,0.977153291494658,6219,3625,0.7200539690409801,0.0,2
plain_cnn_42,CHIN_52,CHIN,32,test,2,9853,997460,998920,provisional,0.0003150697739329189,35.01593258659671,0.971551775932312,0.9832336223832818,8001,6555,0.9949666473730541,100.0,2
plain_cnn_42,CHIN_53,CHIN,32,test,2,9862,998130,999910,provisional,0.0002539829583838582,35.95195422467245,0.9738339185714722,0.9856990791225165,8001,6555,0.9926171979511546,100.0,2
plain_cnn_42,CHIN_66,CHIN,5,test,2,11683,1180270,1181990,provisional,0.00029054592596367,35.36785209861766,0.968104898929596,0.9855638713346931,8001,6555,0.9790091642488208,100.0,2
plain_cnn_42,CHIN_67,CHIN,5,test,2,11857,1196620,1200380,provisional,0.0005180452717468143,32.85632285793941,0.9604718089103699,0.9717870973219903,8001,6555,0.9749438032956314,100.0,2
plain_cnn_42,CHIN_68,CHIN,5,test,2,11861,1197850,1200030,provisional,0.000566100818105042,32.471062174908724,0.9601411819458008,0.9688799022054172,8001,6555,0.9789311951628966,100.0,2
plain_cnn_42,CHIN_69,CHIN,5,test,2,11898,1201850,1203350,provisional,0.000541639281436801,32.66289846736841,0.9628022909164429,0.9661824207691753,8001,6555,0.9774632000161462,100.0,2
plain_cnn_42,CHIN_70,CHIN,5,test,2,11985,1209910,1212870,provisional,0.0004971572197973728,33.03506249308912,0.9579871296882629,0.9641546845314318,8001,6555,0.9654569734435431,100.0,2
plain_cnn_42,CHIN_71,CHIN,5,test,2,12029,1214260,1217180,provisional,0.0005314613226801157,32.74528335953107,0.9543655514717102,0.9640627854574545,8001,6555,0.9807657534965318,0.0,2
plain_cnn_42,CHIN_72,CHIN,5,test,2,12046,1215940,1218880,provisional,0.0006026169285178185,32.199586724326416,0.9534796476364136,0.959105522294884,8001,6555,0.9823287591782849,0.0,2
plain_cnn_42,CHIN_73,CHIN,5,test,2,12056,1215940,1221040,provisional,0.0005946598830632865,32.257313588807676,0.9529500007629395,0.957907055626257,8001,6555,0.9779018261400955,0.0,2
plain_cnn_42,CHIN_74,CHIN,5,test,2,12063,1217950,1220390,provisional,0.0005292619462125003,32.76329330539319,0.9527364373207092,0.9619171397827981,8001,6555,0.9814011689039701,100.0,2
plain_cnn_42,CHIN_75,CHIN,5,test,2,12073,1219500,1220780,provisional,0.0005015404312871397,32.99694050924468,0.9570744633674622,0.9630886101087719,8001,6555,0.981641594464039,100.0,2
plain_cnn_42,CHIN_76,CHIN,5,test,2,12170,1228980,1230740,provisional,0.00027249421691522,35.64642710225721,0.9661571383476257,0.9837042910512712,8001,6555,0.9855855210578253,700.0,2
plain_cnn_42,CHIN_100,CHIN,8,test,2,17415,1753290,1755370,provisional,0.00027166519430465996,35.65965999748131,0.9614225625991821,0.9846952154395527,8001,6555,0.991028456462015,100.0,2
plain_cnn_42,CHIN_101,CHIN,8,test,2,17601,1771840,1774000,provisional,0.00020435750775504857,36.896094024021345,0.978722095489502,0.9853580335750852,8001,6555,0.9745838746535613,200.0,2
plain_cnn_42,CHIN_102,CHIN,8,test,2,17634,1775480,1776960,provisional,0.00020718005544040352,36.83652055051736,0.9778364300727844,0.9857041283489685,8001,6555,0.9658584128561248,200.0,2
plain_cnn_42,CHIN_103,CHIN,8,test,2,17911,1802700,1805220,provisional,0.00041531832539476454,33.81618905773723,0.9409393668174744,0.9845810797425432,8001,6555,0.9952487748820606,100.0,2
plain_cnn_42,CHIN_199,CHIN,21,test,2,37083,3720060,3722320,provisional,0.000313685362925753,35.035057457233066,0.9448105096817017,0.9868195585637455,8001,6555,0.9569331003546563,200.0,2
plain_cnn_42,CHIN_200,CHIN,21,test,2,37192,3730830,3733310,provisional,0.00029682432068511844,35.27500517454292,0.9455066323280334,0.9888363721534436,8001,6555,0.9952321059635381,100.0,2
plain_cnn_42,CHIN_201,CHIN,21,test,2,37323,3743830,3746470,provisional,0.0002930616610683501,35.33040993146447,0.9636073708534241,0.98955371799373,8001,6555,0.9965899731443459,100.0,2
plain_cnn_42,CHIN_202,CHIN,21,test,2,37544,3766010,3768530,provisional,0.0003202921652700752,34.94453684569362,0.9678025841712952,0.9881458570308714,5780,3521,0.9764538909622712,100.0,2
plain_cnn_42,CHIN_203,CHIN,21,test,2,37559,3767450,3770090,provisional,0.0002816854103002697,35.50235646412071,0.9626393914222717,0.9896131987891715,5889,3521,0.9735373627478986,200.0,2
plain_cnn_42,CHIN_204,CHIN,21,test,2,37769,3788920,3790480,provisional,0.00031609198777005076,35.00186512421588,0.9447748064994812,0.9878835172384148,8001,6555,0.9826535412146493,500.0,2
plain_cnn_42,CHIN_205,CHIN,21,test,2,37852,3796820,3799260,provisional,0.000447483966127038,33.492225213476296,0.9160388708114624,0.981832203753094,8001,6555,0.9875325282260938,600.0,2
plain_cnn_42,CHIN_206,CHIN,21,test,2,37856,3796820,3800060,provisional,0.0004388858505990356,33.576484203074884,0.9143455624580383,0.9821527805164733,8001,6555,0.987253560115597,200.0,2
plain_cnn_42,CHIN_207,CHIN,21,test,2,37862,3796820,3801260,provisional,0.00045661054900847375,33.40454059286327,0.9145029783248901,0.9813972383754275,8001,6555,0.9844887888982298,700.0,2
plain_cnn_42,CHIN_208,CHIN,21,test,2,37870,3796820,3802940,provisional,0.0004611919866874814,33.36118247274222,0.9111059308052063,0.9810716348949104,8001,6555,0.9844663729571376,100.0,2
plain_cnn_42,CHIN_209,CHIN,21,test,2,37876,3796820,3804000,provisional,0.000451519968919456,33.45323037820566,0.9124979376792908,0.9813497578872633,8001,6555,0.9876512818802745,200.0,2
plain_cnn_42,CHIN_210,CHIN,21,test,2,37888,3796820,3806500,provisional,0.00043808063492178917,33.5844594411123,0.9112687706947327,0.9818839225055798,8001,6555,0.9857748658189702,100.0,2
plain_cnn_42,CHIN_211,CHIN,21,test,2,37894,3796820,3807720,provisional,0.00042484034202061594,33.71774250200909,0.9110726118087769,0.9827182858716866,8001,6555,0.9859538740433599,100.0,2
plain_cnn_42,CHIN_212,CHIN,21,test,2,37897,3796820,3808240,provisional,0.000407056650146842,33.903451457278464,0.9154707789421082,0.9833919919120666,8001,6555,0.9863263324617828,0.0,2
plain_cnn_42,CHIN_213,CHIN,21,test,2,37904,3798700,3807820,provisional,0.00040946746594272554,33.87780599209678,0.9129372835159302,0.983604915661398,8001,6555,0.9863059950036707,0.0,2
plain_cnn_42,CHIN_214,CHIN,21,test,2,37927,3803270,3807830,provisional,0.0004183058044873178,33.785061090284486,0.9160000085830688,0.9829291779428794,8001,6555,0.9876733475549823,100.0,2
plain_cnn_42,CHIN_215,CHIN,21,test,2,37931,3803910,3808030,provisional,0.00040427970816381276,33.93318056474004,0.9210116863250732,0.9836747818386169,8001,6555,0.9891913053331954,100.0,2
plain_cnn_42,CHID_7,CHID,5,test,2,12016,1207850,1221040,provisional,0.0005878708907403052,32.30718043984835,0.9548845291137695,0.9613525547693937,8001,6555,0.9770532503710215,400.0,2
plain_cnn_42,CHID_10,CHID,8,test,2,17622,1770410,1779620,provisional,0.0002291107812197879,36.399544738219724,0.9783900380134583,0.9838948449093674,8001,6555,0.9717162951545599,800.0,2
plain_cnn_42,CHID_21,CHID,21,test,2,37550,3765970,3769680,provisional,0.0002913535281550139,35.355797184388514,0.9661990404129028,0.9893598870322468,5780,3521,0.9878959377338509,200.0,2
plain_cnn_42,CHID_22,CHID,21,test,2,37898,3797060,3808210,provisional,0.0004108312423340976,33.863365371843685,0.915547251701355,0.9834189962519386,8001,6555,0.9883813631164643,100.0,2
plain_cnn_43,OPCID_9,OPCID,1,test,1,2332,243140,249010,provisional,0.0004515211330726743,33.453219180812376,0.9557415843009949,0.978505296897525,7504,5995,0.9486354014923108,1000.0,2
plain_cnn_43,OPCID_20,OPCID,5,test,1,11758,1186860,1190410,provisional,0.0003623391385190189,34.4088475256553,0.9593361020088196,0.9828398302743081,8001,6555,0.9726195624985168,0.0,2
plain_cnn_43,OPCID_21,OPCID,5,test,1,12123,1224080,1226150,provisional,0.00032962250406853855,34.81983145703219,0.9539262056350708,0.9813443359731511,8001,6555,0.9711114196825089,0.0,2
plain_cnn_43,OPCID_22,OPCID,5,test,1,12366,1247430,1251440,provisional,0.00036832448677159846,34.337694076281736,0.9538130164146423,0.9843084465260834,8001,6555,0.996057720350029,200.0,2
plain_cnn_43,OPCID_28,OPCID,8,test,1,17226,1732990,1737920,provisional,0.0003233547031413764,34.90320817928576,0.9453917741775513,0.9858782719814317,8001,6555,0.9890049028299736,200.0,2
plain_cnn_43,OPCID_29,OPCID,8,test,1,17315,1741110,1747490,provisional,0.0002922063576988876,35.34310339108407,0.9503916501998901,0.9871104811000323,8001,6555,0.9904912812500926,100.0,2
plain_cnn_43,OPCID_30,OPCID,8,test,1,17880,1798820,1802930,provisional,0.0004238178953528404,33.72820709520203,0.9387396574020386,0.9847379351109501,8001,6555,0.991518945786188,100.0,2
plain_cnn_43,OPCID_55,OPCID,18,test,1,34313,3439610,3448700,provisional,0.0004973019822500646,33.033798096627095,0.917081356048584,0.9896587719840226,8001,6555,0.9983619890289334,0.0,2
plain_cnn_43,OPCID_59,OPCID,21,test,1,37248,3735170,3740140,provisional,0.0002773104060906917,35.570338331882006,0.9563363194465637,0.9903263321947502,8001,6555,0.9928035842657761,0.0,2
plain_cnn_43,OPCID_64,OPCID,24,test,1,41051,4115250,4120550,provisional,0.0002308200200786814,36.36726525530925,0.9522563219070435,0.9920930013501255,8001,6555,0.9755629089735905,100.0,2
plain_cnn_43,CHIN_9,CHIN,1,test,1,2251,237000,238940,provisional,0.0005255803116597235,32.7936091189898,0.9471139907836914,0.9768555310669246,5778,4560,0.9470543481446729,200.0,2
plain_cnn_43,CHIN_10,CHIN,1,test,1,2402,252280,253840,provisional,0.0005734026781283319,32.41540282973699,0.9464780688285828,0.9738890670158616,7504,5488,0.7581156014790469,400.0,2
plain_cnn_43,CHIN_11,CHIN,1,test,1,2436,252280,260520,provisional,0.0005000546225346625,33.009825537245504,0.9452598094940186,0.9777375110694951,7504,5488,0.7849529342658002,300.0,2
plain_cnn_43,CHIN_12,CHIN,1,test,1,2467,258700,260480,provisional,0.0004995461204089224,33.0142440951118,0.9479840993881226,0.9783581189546534,6788,4588,0.9347511278211459,100.0,2
plain_cnn_43,CHIN_13,CHIN,1,test,1,2501,262320,263560,provisional,0.0005495708901435137,32.59976279196058,0.9515508413314819,0.9775722359245194,6219,3625,0.8773646924987676,1000.0,2
plain_cnn_43,CHIN_52,CHIN,32,test,1,9853,997460,998920,provisional,0.00034875902929343283,34.57474539785583,0.956641674041748,0.9830017071439807,8001,6555,0.9918288343899515,500.0,2
plain_cnn_43,CHIN_53,CHIN,32,test,1,9862,998130,999910,provisional,0.000272153876721859,35.651854749536696,0.9567738771438599,0.9863624982697567,8001,6555,0.9862718589112054,0.0,2
plain_cnn_43,CHIN_66,CHIN,5,test,1,11683,1180270,1181990,provisional,0.0003111721307504922,35.06999306294386,0.9610334634780884,0.9859420890264169,8001,6555,0.9685645119826432,500.0,2
plain_cnn_43,CHIN_67,CHIN,5,test,1,11857,1196620,1200380,provisional,0.0006099094171077013,32.14734661008037,0.9506367444992065,0.9707608035652168,8001,6555,0.9681639818841871,0.0,2
plain_cnn_43,CHIN_68,CHIN,5,test,1,11861,1197850,1200030,provisional,0.0006412453367374837,31.92975780143741,0.9495071172714233,0.9691248416891272,8001,6555,0.9745798466212087,100.0,2
plain_cnn_43,CHIN_69,CHIN,5,test,1,11898,1201850,1203350,provisional,0.0005908169550821185,32.285470499326244,0.9491203427314758,0.968891685467114,8001,6555,0.9680061272264692,100.0,2
plain_cnn_43,CHIN_70,CHIN,5,test,1,11985,1209910,1212870,provisional,0.0005943093565292656,32.25987432358242,0.943279504776001,0.9638590806517181,8001,6555,0.9522751705981657,200.0,2
plain_cnn_43,CHIN_71,CHIN,5,test,1,12029,1214260,1217180,provisional,0.0006150511326268315,32.1108877740414,0.94137042760849,0.9640984995377623,8001,6555,0.9668629327836371,0.0,2
plain_cnn_43,CHIN_72,CHIN,5,test,1,12046,1215940,1218880,provisional,0.000679462100379169,31.678347627066646,0.9423767328262329,0.9599046050288812,8001,6555,0.9704730741908735,0.0,2
plain_cnn_43,CHIN_73,CHIN,5,test,1,12056,1215940,1221040,provisional,0.000676327443215996,31.698429899286964,0.9443460702896118,0.958427308809213,8001,6555,0.9624957498511879,0.0,2
plain_cnn_43,CHIN_74,CHIN,5,test,1,12063,1217950,1220390,provisional,0.0006280287634581327,32.02020465299296,0.9454772472381592,0.9609813490574958,8001,6555,0.9684435232043737,100.0,2
plain_cnn_43,CHIN_75,CHIN,5,test,1,12073,1219500,1220780,provisional,0.0005998541018925607,32.21954367029662,0.9511033892631531,0.9620169850983198,8001,6555,0.9650598220206625,100.0,2
plain_cnn_43,CHIN_76,CHIN,5,test,1,12170,1228980,1230740,provisional,0.00032305673812516034,34.90721196273534,0.9599317312240601,0.983019761306592,8001,6555,0.9779172674202379,700.0,2
plain_cnn_43,CHIN_100,CHIN,8,test,1,17415,1753290,1755370,provisional,0.00029446723056025803,35.309630281390135,0.9472334384918213,0.9856576939517938,8001,6555,0.983398990943955,0.0,2
plain_cnn_43,CHIN_101,CHIN,8,test,1,17601,1771840,1774000,provisional,0.0002407365245744586,36.18458013514932,0.9516685009002686,0.985811173951096,8001,6555,0.9633690517414086,100.0,2
plain_cnn_43,CHIN_102,CHIN,8,test,1,17634,1775480,1776960,provisional,0.00024621133343316615,36.08691959795445,0.9552541375160217,0.9857538689321297,8001,6555,0.9227294780847034,200.0,2
plain_cnn_43,CHIN_103,CHIN,8,test,1,17911,1802700,1805220,provisional,0.00043136271415278316,33.65157396872604,0.9401411414146423,0.9846401132919711,8001,6555,0.9930386223926047,200.0,2
plain_cnn_43,CHIN_199,CHIN,21,test,1,37083,3720060,3722320,provisional,0.00034727875026874244,34.59321790036108,0.9380345344543457,0.9865151477591002,8001,6555,0.9236982442698216,100.0,2
plain_cnn_43,CHIN_200,CHIN,21,test,1,37192,3730830,3733310,provisional,0.00031742503051646054,34.983588299864444,0.9458317160606384,0.9886482728905739,8001,6555,0.9895321333737251,600.0,2
plain_cnn_43,CHIN_201,CHIN,21,test,1,37323,3743830,3746470,provisional,0.00032543158158659935,34.875403031408744,0.9558567404747009,0.9888806957443661,8001,6555,0.9942299866377429,200.0,2
plain_cnn_43,CHIN_202,CHIN,21,test,1,37544,3766010,3768530,provisional,0.0003793623764067888,34.209457428441596,0.951672375202179,0.986900938066403,5780,3521,0.9127535495381564,100.0,2
plain_cnn_43,CHIN_203,CHIN,21,test,1,37559,3767450,3770090,provisional,0.0003856411494780332,34.13816631310298,0.9535363912582397,0.986594248508445,5889,3521,0.9224082312576151,200.0,2
plain_cnn_43,CHIN_204,CHIN,21,test,1,37769,3788920,3790480,provisional,0.00036072632065042853,34.42822167922284,0.9436959028244019,0.986876700919891,8001,6555,0.9610307690632014,200.0,2
plain_cnn_43,CHIN_205,CHIN,21,test,1,37852,3796820,3799260,provisional,0.00048747746041044593,33.12045460059122,0.9173952341079712,0.9817490994130057,8001,6555,0.9812085023063828,600.0,2
plain_cnn_43,CHIN_206,CHIN,21,test,1,37856,3796820,3800060,provisional,0.0004775047127623111,33.21022337762819,0.9152967929840088,0.9820595528853124,8001,6555,0.9845779293154404,200.0,2
plain_cnn_43,CHIN_207,CHIN,21,test,1,37862,3796820,3801260,provisional,0.0004773587570525706,33.211551059790935,0.9146816730499268,0.9820263163232414,8001,6555,0.98047975914999,700.0,2
plain_cnn_43,CHIN_208,CHIN,21,test,1,37870,3796820,3802940,provisional,0.00048207692452706397,33.1688365630046,0.9136108756065369,0.9818031016907842,8001,6555,0.9805072495857691,100.0,2
plain_cnn_43,CHIN_209,CHIN,21,test,1,37876,3796820,3804000,provisional,0.0004850800905842334,33.1418655000153,0.9147086143493652,0.9816682977212177,8001,6555,0.9833479284594215,200.0,2
plain_cnn_43,CHIN_210,CHIN,21,test,1,37888,3796820,3806500,provisional,0.00046520092291757464,33.32359432340811,0.9131374955177307,0.9823769617981353,8001,6555,0.9854000857950043,100.0,2
plain_cnn_43,CHIN_211,CHIN,21,test,1,37894,3796820,3807720,provisional,0.00044030777644366026,33.56243644232169,0.9117048978805542,0.9835559361542406,8001,6555,0.9820455062051667,100.0,2
plain_cnn_43,CHIN_212,CHIN,21,test,1,37897,3796820,3808240,provisional,0.00045144351315684617,33.45396583022669,0.9144194722175598,0.983055509142465,8001,6555,0.9839617122360605,0.0,2
plain_cnn_43,CHIN_213,CHIN,21,test,1,37904,3798700,3807820,provisional,0.00043768039904534817,33.58842902272093,0.9137827157974243,0.9838826340778963,8001,6555,0.9850031648668586,0.0,2
plain_cnn_43,CHIN_214,CHIN,21,test,1,37927,3803270,3807830,provisional,0.0004458168114069849,33.50843558638138,0.9127294421195984,0.9832945477076477,8001,6555,0.9857950297983462,100.0,2
plain_cnn_43,CHIN_215,CHIN,21,test,1,37931,3803910,3808030,provisional,0.00044902003719471395,33.477342784868036,0.9158642888069153,0.9834041877913873,8001,6555,0.9852163721987929,200.0,2
plain_cnn_43,CHID_7,CHID,5,test,1,12016,1207850,1221040,provisional,0.0006356287631206214,31.967964585667175,0.9436410665512085,0.9634507927788,8001,6555,0.9608262107656946,500.0,2
plain_cnn_43,CHID_10,CHID,8,test,1,17622,1770410,1779620,provisional,0.0002585096226539463,35.87523286273213,0.9534375667572021,0.9847179081163007,8001,6555,0.9457165190712747,700.0,2
plain_cnn_43,CHID_21,CHID,21,test,1,37550,3765970,3769680,provisional,0.0004078808124177158,33.894667243399454,0.9535704255104065,0.9859781495324661,5780,3521,0.9333026747744809,100.0,2
plain_cnn_43,CHID_22,CHID,21,test,1,37898,3797060,3808210,provisional,0.0004592126060742885,33.379861984120076,0.9157135486602783,0.9829857572782037,8001,6555,0.9864782136938471,200.0,2
plain_cnn_43,OPCID_9,OPCID,1,test,2,2332,243140,249010,provisional,0.0004408297245390713,33.557291292922486,0.9535192251205444,0.9764539987288837,7504,5995,0.9508027058739296,1000.0,2
plain_cnn_43,OPCID_20,OPCID,5,test,2,11758,1186860,1190410,provisional,0.00037834193790331483,34.221155159884916,0.9554117918014526,0.9797020942620382,8001,6555,0.9725879427439162,0.0,2
plain_cnn_43,OPCID_21,OPCID,5,test,2,12123,1224080,1226150,provisional,0.0003311325563117862,34.79998118156188,0.9511727094650269,0.9780501080315889,8001,6555,0.9767268244992291,0.0,2
plain_cnn_43,OPCID_22,OPCID,5,test,2,12366,1247430,1251440,provisional,0.0004000699846073985,33.978640304964436,0.9491766095161438,0.9807514309358236,8001,6555,0.9969695400398895,100.0,2
plain_cnn_43,OPCID_28,OPCID,8,test,2,17226,1732990,1737920,provisional,0.00035603984724730253,34.48501393961979,0.9458597302436829,0.9822689153858715,8001,6555,0.9876134908805303,100.0,2
plain_cnn_43,OPCID_29,OPCID,8,test,2,17315,1741110,1747490,provisional,0.00031980563653633,34.951138861337085,0.948630154132843,0.983832622340858,8001,6555,0.9908683216000761,100.0,2
plain_cnn_43,OPCID_30,OPCID,8,test,2,17880,1798820,1802930,provisional,0.0004532171878963709,33.43693628228316,0.9323794841766357,0.9828651705211697,8001,6555,0.9932663178405076,100.0,2
plain_cnn_43,OPCID_55,OPCID,18,test,2,34313,3439610,3448700,provisional,0.0005937599344179034,32.263891109640745,0.9109968543052673,0.9883002545879044,8001,6555,0.9985342845562949,0.0,2
plain_cnn_43,OPCID_59,OPCID,21,test,2,37248,3735170,3740140,provisional,0.00030116955167613924,35.211889375426026,0.9542579054832458,0.9888822606725428,8001,6555,0.9945581836867875,0.0,2
plain_cnn_43,OPCID_64,OPCID,24,test,2,41051,4115250,4120550,provisional,0.00028226221911609173,35.49347248411578,0.9481183886528015,0.98982759372101,8001,6555,0.9818186379366606,100.0,2
plain_cnn_43,CHIN_9,CHIN,1,test,2,2251,237000,238940,provisional,0.0005173899116925895,32.86182043611269,0.9445269703865051,0.9740287493057802,5778,4560,0.949942988555684,300.0,2
plain_cnn_43,CHIN_10,CHIN,1,test,2,2402,252280,253840,provisional,0.0005732346908189356,32.41667534996,0.9431045651435852,0.9709286721846736,7504,5488,0.7814429575558982,100.0,2
plain_cnn_43,CHIN_11,CHIN,1,test,2,2436,252280,260520,provisional,0.0005267236265353858,32.78417200640408,0.942340612411499,0.9736613733899955,7504,5488,0.8323664261657123,300.0,2
plain_cnn_43,CHIN_12,CHIN,1,test,2,2467,258700,260480,provisional,0.000509131932631135,32.93169663264014,0.9480180740356445,0.9750745539477305,6788,4588,0.9407590133625454,100.0,2
plain_cnn_43,CHIN_13,CHIN,1,test,2,2501,262320,263560,provisional,0.0005482799024321139,32.60997673180537,0.9509985446929932,0.9745331254919831,6219,3625,0.9139136963971162,100.0,2
plain_cnn_43,CHIN_52,CHIN,32,test,2,9853,997460,998920,provisional,0.000363128783646971,34.3993932507884,0.9554232358932495,0.9804775825430142,8001,6555,0.993448317205175,500.0,2
plain_cnn_43,CHIN_53,CHIN,32,test,2,9862,998130,999910,provisional,0.00029296689899638295,35.3318144584146,0.9550714492797852,0.9833702086754075,8001,6555,0.9894867109745148,0.0,2
plain_cnn_43,CHIN_66,CHIN,5,test,2,11683,1180270,1181990,provisional,0.00034606255940161645,34.60845384597364,0.9586777091026306,0.9826576591622724,8001,6555,0.9765628027255698,100.0,2
plain_cnn_43,CHIN_67,CHIN,5,test,2,11857,1196620,1200380,provisional,0.0005950927734375,32.254153235972,0.9493357539176941,0.967489764453088,8001,6555,0.9662481107116266,100.0,2
plain_cnn_43,CHIN_68,CHIN,5,test,2,11861,1197850,1200030,provisional,0.0006286836578510702,32.01567828654658,0.9486979246139526,0.9655101599471534,8001,6555,0.9746697001373954,100.0,2
plain_cnn_43,CHIN_69,CHIN,5,test,2,11898,1201850,1203350,provisional,0.0005793822347186506,32.37034825462848,0.9485336542129517,0.9640915148607917,8001,6555,0.9647757826082438,100.0,2
plain_cnn_43,CHIN_70,CHIN,5,test,2,11985,1209910,1212870,provisional,0.0005483194254338741,32.60966367997059,0.9419142007827759,0.9602979473673589,8001,6555,0.9524209350378807,200.0,2
plain_cnn_43,CHIN_71,CHIN,5,test,2,12029,1214260,1217180,provisional,0.0005881446995772421,32.30515812534664,0.9396902322769165,0.9604383905950359,8001,6555,0.972254036631062,0.0,2
plain_cnn_43,CHIN_72,CHIN,5,test,2,12046,1215940,1218880,provisional,0.0006589809781871736,31.81127121350717,0.9399428367614746,0.955098902757691,8001,6555,0.9746680500833694,0.0,2
plain_cnn_43,CHIN_73,CHIN,5,test,2,12056,1215940,1221040,provisional,0.0006391361821442842,31.944065959065945,0.9409371614456177,0.9544769133027161,8001,6555,0.9691697747586593,0.0,2
plain_cnn_43,CHIN_74,CHIN,5,test,2,12063,1217950,1220390,provisional,0.0005946964374743402,32.25704663131579,0.9424566030502319,0.956946778159095,8001,6555,0.9737462453355739,100.0,2
plain_cnn_43,CHIN_75,CHIN,5,test,2,12073,1219500,1220780,provisional,0.0005596787086687982,32.520612142359056,0.9476624131202698,0.9584971612809704,8001,6555,0.971585637821099,100.0,2
plain_cnn_43,CHIN_76,CHIN,5,test,2,12170,1228980,1230740,provisional,0.0003243460669182241,34.88991364038883,0.9560441374778748,0.9803437247975739,8001,6555,0.9789548240857965,800.0,2
plain_cnn_43,CHIN_100,CHIN,8,test,2,17415,1753290,1755370,provisional,0.0003188089176546782,34.96469539113905,0.9451782703399658,0.9819778094949544,8001,6555,0.9885234872460494,0.0,2
plain_cnn_43,CHIN_101,CHIN,8,test,2,17601,1771840,1774000,provisional,0.0002501317940186709,36.01831101994926,0.9513325691223145,0.9823080367620447,8001,6555,0.9665883733505379,200.0,2
plain_cnn_43,CHIN_102,CHIN,8,test,2,17634,1775480,1776960,provisional,0.00024986863718368113,36.02288251888134,0.9557508230209351,0.9829567689633741,8001,6555,0.9383752858591528,200.0,2
plain_cnn_43,CHIN_103,CHIN,8,test,2,17911,1802700,1805220,provisional,0.00045869912719354033,33.38472086236864,0.934690535068512,0.9828017376396627,8001,6555,0.9943916805080886,200.0,2
plain_cnn_43,CHIN_199,CHIN,21,test,2,37083,3720060,3722320,provisional,0.00037576688919216394,34.25081490533146,0.934471607208252,0.9841545391351747,8001,6555,0.9376470852799698,100.0,2
plain_cnn_43,CHIN_200,CHIN,21,test,2,37192,3730830,3733310,provisional,0.00033853325294330716,34.70398665647996,0.9414568543434143,0.9871802116332863,8001,6555,0.9915741494488562,600.0,2
plain_cnn_43,CHIN_201,CHIN,21,test,2,37323,3743830,3746470,provisional,0.00034108402905985713,34.671386155488044,0.954016923904419,0.9876589602281981,8001,6555,0.9949956988419594,100.0,2
plain_cnn_43,CHIN_202,CHIN,21,test,2,37544,3766010,3768530,provisional,0.00041160592809319496,33.855183790028434,0.95014488697052,0.9847110917491237,5780,3521,0.9400748122551021,100.0,2
plain_cnn_43,CHIN_203,CHIN,21,test,2,37559,3767450,3770090,provisional,0.0004008258110843599,33.97044319948741,0.9505032896995544,0.9851046780256615,5889,3521,0.9441179056337413,200.0,2
plain_cnn_43,CHIN_204,CHIN,21,test,2,37769,3788920,3790480,provisional,0.0003668973222374916,34.35455457886257,0.9383293986320496,0.9858953750170506,8001,6555,0.9710710197816648,200.0,2
plain_cnn_43,CHIN_205,CHIN,21,test,2,37852,3796820,3799260,provisional,0.0005127956974320114,32.90055627384275,0.9115062355995178,0.9791557256188775,8001,6555,0.9828943910064006,700.0,2
plain_cnn_43,CHIN_206,CHIN,21,test,2,37856,3796820,3800060,provisional,0.0004951772862114012,33.052392846246306,0.9099453091621399,0.9798255766487658,8001,6555,0.9855767080289276,200.0,2
plain_cnn_43,CHIN_207,CHIN,21,test,2,37862,3796820,3801260,provisional,0.0005170617951080203,32.864575503863875,0.9093637466430664,0.9788955617499435,8001,6555,0.9825798493222466,800.0,2
plain_cnn_43,CHIN_208,CHIN,21,test,2,37870,3796820,3802940,provisional,0.0005196095444262028,32.84322880205701,0.9080752730369568,0.9786271986475041,8001,6555,0.9822612377389421,200.0,2
plain_cnn_43,CHIN_209,CHIN,21,test,2,37876,3796820,3804000,provisional,0.0005184760666452348,32.85271286263958,0.9085641503334045,0.9785180256341833,8001,6555,0.9834586336460519,300.0,2
plain_cnn_43,CHIN_210,CHIN,21,test,2,37888,3796820,3806500,provisional,0.0004896222962997854,33.10138813616814,0.9070723652839661,0.9796979757554949,8001,6555,0.9856426003874488,100.0,2
plain_cnn_43,CHIN_211,CHIN,21,test,2,37894,3796820,3807720,provisional,0.00048243769560940564,33.165587656366434,0.9057072401046753,0.9803177903534984,8001,6555,0.982565350515596,300.0,2
plain_cnn_43,CHIN_212,CHIN,21,test,2,37897,3796820,3808240,provisional,0.00046845307224430144,33.29333908481925,0.9103021621704102,0.9808292389654872,8001,6555,0.9836122507938864,100.0,2
plain_cnn_43,CHIN_213,CHIN,21,test,2,37904,3798700,3807820,provisional,0.0004655451630242169,33.32038181276016,0.9071394205093384,0.9812991218178506,8001,6555,0.9844729446653755,0.0,2
plain_cnn_43,CHIN_214,CHIN,21,test,2,37927,3803270,3807830,provisional,0.00048691630945540965,33.12545678344103,0.9072898626327515,0.9800737736512026,8001,6555,0.9854740468345262,100.0,2
plain_cnn_43,CHIN_215,CHIN,21,test,2,37931,3803910,3808030,provisional,0.0004698712727986276,33.28021106256921,0.9117746949195862,0.9809961919695143,8001,6555,0.9833957358850539,100.0,2
plain_cnn_43,CHID_7,CHID,5,test,2,12016,1207850,1221040,provisional,0.0006254028994590044,32.038401096358946,0.9406910538673401,0.9586494617464808,8001,6555,0.9677197621437507,400.0,2
plain_cnn_43,CHID_10,CHID,8,test,2,17622,1770410,1779620,provisional,0.0002773325832094997,35.56999103098706,0.9533153772354126,0.9805156029742463,8001,6555,0.9593339059152747,700.0,2
plain_cnn_43,CHID_21,CHID,21,test,2,37550,3765970,3769680,provisional,0.0004042958316858858,33.933007362452294,0.9521298408508301,0.9851140811004843,5780,3521,0.9508475088989736,200.0,2
plain_cnn_43,CHID_22,CHID,21,test,2,37898,3797060,3808210,provisional,0.0004692354705184698,33.28609166061641,0.9103782773017883,0.9810150325627454,8001,6555,0.9852256219522854,100.0,2
plain_cnn_44,OPCID_9,OPCID,1,test,1,2332,243140,249010,provisional,0.0005372200394049287,32.69847795629794,0.9621554017066956,0.9744115850396395,7504,5995,0.9548694583589431,1000.0,2
plain_cnn_44,OPCID_20,OPCID,5,test,1,11758,1186860,1190410,provisional,0.00036869861651211977,34.33328492017641,0.9636824727058411,0.982600793979393,8001,6555,0.9709443052343469,0.0,2
plain_cnn_44,OPCID_21,OPCID,5,test,1,12123,1224080,1226150,provisional,0.00032862627995200455,34.83297709367862,0.959623396396637,0.981462191731563,8001,6555,0.9710355987812594,0.0,2
plain_cnn_44,OPCID_22,OPCID,5,test,1,12366,1247430,1251440,provisional,0.00038257037522271276,34.17288663099713,0.9586953520774841,0.9837565124871207,8001,6555,0.9952397320990917,200.0,2
plain_cnn_44,OPCID_28,OPCID,8,test,1,17226,1732990,1737920,provisional,0.00032468652352690697,34.88535736872492,0.9513412714004517,0.9858691520750581,8001,6555,0.988789147394672,100.0,2
plain_cnn_44,OPCID_29,OPCID,8,test,1,17315,1741110,1747490,provisional,0.0002978434204123914,35.26011989354471,0.9571406245231628,0.9868187237334474,8001,6555,0.9901754050135072,100.0,2
plain_cnn_44,OPCID_30,OPCID,8,test,1,17880,1798820,1802930,provisional,0.0004176354850642383,33.79202607915609,0.9403854608535767,0.9851832215803716,8001,6555,0.9936833596931136,100.0,2
plain_cnn_44,OPCID_55,OPCID,18,test,1,34313,3439610,3448700,provisional,0.000656117161270231,31.830186027738808,0.9187027812004089,0.9872660477046226,8001,6555,0.9985052781182691,0.0,2
plain_cnn_44,OPCID_59,OPCID,21,test,1,37248,3735170,3740140,provisional,0.00029995187651365995,35.22948416750435,0.9615411758422852,0.9895610301076465,8001,6555,0.994790470147905,100.0,2
plain_cnn_44,OPCID_64,OPCID,24,test,1,41051,4115250,4120550,provisional,0.0002604411856736988,35.842903361696635,0.9538703560829163,0.9911707453204099,8001,6555,0.9749450557954029,0.0,2
plain_cnn_44,CHIN_9,CHIN,1,test,1,2251,237000,238940,provisional,0.0005715549341402948,32.429420217036196,0.95473313331604,0.9749228485067288,5778,4560,0.9463662501910787,600.0,2
plain_cnn_44,CHIN_10,CHIN,1,test,1,2402,252280,253840,provisional,0.0005801368388347328,32.36469555848269,0.9570993781089783,0.9735631963262927,7504,5488,0.8369417641202858,400.0,2
plain_cnn_44,CHIN_11,CHIN,1,test,1,2436,252280,260520,provisional,0.0005843726685270667,32.33310104485609,0.9539227485656738,0.9736260411666052,7504,5488,0.7922222985309603,300.0,2
plain_cnn_44,CHIN_12,CHIN,1,test,1,2467,258700,260480,provisional,0.0005893647321499884,32.29615856085206,0.9559115171432495,0.9742765012371237,6788,4588,0.9460788398409878,100.0,2
plain_cnn_44,CHIN_13,CHIN,1,test,1,2501,262320,263560,provisional,0.0006708888104185462,31.733494515493888,0.9491561055183411,0.9719366452782907,6219,3625,0.8888551810923817,1100.0,2
plain_cnn_44,CHIN_52,CHIN,32,test,1,9853,997460,998920,provisional,0.00034755293745547533,34.58979036559284,0.9668883681297302,0.9830206377092997,8001,6555,0.9909108967042886,700.0,2
plain_cnn_44,CHIN_53,CHIN,32,test,1,9862,998130,999910,provisional,0.00028590764850378036,35.437742263889305,0.9686756730079651,0.9855081344560921,8001,6555,0.9851496637280504,100.0,2
plain_cnn_44,CHIN_66,CHIN,5,test,1,11683,1180270,1181990,provisional,0.0003278465010225773,34.843294470278025,0.9674534797668457,0.9852131447167972,8001,6555,0.9661712118551705,500.0,2
plain_cnn_44,CHIN_67,CHIN,5,test,1,11857,1196620,1200380,provisional,0.0006069804076105356,32.16825327053172,0.9580904841423035,0.9709323034404187,8001,6555,0.9644462342361974,0.0,2
plain_cnn_44,CHIN_68,CHIN,5,test,1,11861,1197850,1200030,provisional,0.0006661076913587749,31.764555516375573,0.9567428231239319,0.9678290400891398,8001,6555,0.9738225497868541,100.0,2
plain_cnn_44,CHIN_69,CHIN,5,test,1,11898,1201850,1203350,provisional,0.0006236213957890868,32.050789930442384,0.9575737118721008,0.9669698684533149,8001,6555,0.9731860478702931,100.0,2
plain_cnn_44,CHIN_70,CHIN,5,test,1,11985,1209910,1212870,provisional,0.0005930026527494192,32.269433638501425,0.9528760313987732,0.9639826613673051,8001,6555,0.9443991758706387,200.0,2
plain_cnn_44,CHIN_71,CHIN,5,test,1,12029,1214260,1217180,provisional,0.0006485198973678052,31.880766947002126,0.9500420093536377,0.9619844646426734,8001,6555,0.9686198370814915,0.0,2
plain_cnn_44,CHIN_72,CHIN,5,test,1,12046,1215940,1218880,provisional,0.0006869628559798002,31.630667445694357,0.9503886699676514,0.9596105288484266,8001,6555,0.9690345403595756,0.0,2
plain_cnn_44,CHIN_73,CHIN,5,test,1,12056,1215940,1221040,provisional,0.0006791671039536595,31.680233576836972,0.9508232474327087,0.9585147914896761,8001,6555,0.9619602627822471,0.0,2
plain_cnn_44,CHIN_74,CHIN,5,test,1,12063,1217950,1220390,provisional,0.0006287391879595816,32.01529470166419,0.9509671926498413,0.9610997165191241,8001,6555,0.9670148295708569,100.0,2
plain_cnn_44,CHIN_75,CHIN,5,test,1,12073,1219500,1220780,provisional,0.0005853035254403949,32.32618860005589,0.9561626315116882,0.9630553705205264,8001,6555,0.9601223773539896,0.0,2
plain_cnn_44,CHIN_76,CHIN,5,test,1,12170,1228980,1230740,provisional,0.00033675949089229107,34.72680155711683,0.9664549827575684,0.9822877263678316,8001,6555,0.9796158551197419,800.0,2
plain_cnn_44,CHIN_100,CHIN,8,test,1,17415,1753290,1755370,provisional,0.000302722241031006,35.189556702155464,0.9571818709373474,0.9852095648250444,8001,6555,0.9832170936763384,100.0,2
plain_cnn_44,CHIN_101,CHIN,8,test,1,17601,1771840,1774000,provisional,0.0002553150989115238,35.92923500980874,0.9704126715660095,0.9849231392881687,8001,6555,0.9654483191161161,100.0,2
plain_cnn_44,CHIN_102,CHIN,8,test,1,17634,1775480,1776960,provisional,0.00026574547518976033,35.75534121411809,0.9708220362663269,0.9845962840364755,8001,6555,0.9429545931558014,200.0,2
plain_cnn_44,CHIN_103,CHIN,8,test,1,17911,1802700,1805220,provisional,0.00041903910459950566,33.77745446915954,0.9436417818069458,0.9851540396636478,8001,6555,0.9943975548240458,300.0,2
plain_cnn_44,CHIN_199,CHIN,21,test,1,37083,3720060,3722320,provisional,0.0003764023131225258,34.243477163466345,0.9459498524665833,0.9854829008246503,8001,6555,0.9356913797598287,200.0,2
plain_cnn_44,CHIN_200,CHIN,21,test,1,37192,3730830,3733310,provisional,0.00034000229788944125,34.68518147789121,0.9484045505523682,0.9879382363796217,8001,6555,0.9927006036795643,500.0,2
plain_cnn_44,CHIN_201,CHIN,21,test,1,37323,3743830,3746470,provisional,0.000350639020325616,34.55139755757512,0.9607623815536499,0.98796964939241,8001,6555,0.9961113962951229,100.0,2
plain_cnn_44,CHIN_202,CHIN,21,test,1,37544,3766010,3768530,provisional,0.0004424861108418554,33.54100356784028,0.9605333209037781,0.9848541325327058,5780,3521,0.9483686783778443,100.0,2
plain_cnn_44,CHIN_203,CHIN,21,test,1,37559,3767450,3770090,provisional,0.00039939218549989164,33.98600436779981,0.9595003724098206,0.986126702171691,5889,3521,0.9569644976272812,300.0,2
plain_cnn_44,CHIN_204,CHIN,21,test,1,37769,3788920,3790480,provisional,0.0003777368983719498,34.22810590029154,0.9456313848495483,0.9865393967295041,8001,6555,0.9708312701800721,500.0,2
plain_cnn_44,CHIN_205,CHIN,21,test,1,37852,3796820,3799260,provisional,0.0004984039114788175,33.02418557988131,0.9183897376060486,0.9820106519269162,8001,6555,0.9832464939118215,600.0,2
plain_cnn_44,CHIN_206,CHIN,21,test,1,37856,3796820,3800060,provisional,0.0005010820459574461,33.000911579865175,0.916230320930481,0.9818311423845687,8001,6555,0.9804401467385664,200.0,2
plain_cnn_44,CHIN_207,CHIN,21,test,1,37862,3796820,3801260,provisional,0.0004949780413880944,33.054140671583724,0.9154995679855347,0.9819666460075394,8001,6555,0.9785938154015016,700.0,2
plain_cnn_44,CHIN_208,CHIN,21,test,1,37870,3796820,3802940,provisional,0.0005031459731981158,32.98305998726583,0.9138612151145935,0.9816062142511145,8001,6555,0.9788634647710172,100.0,2
plain_cnn_44,CHIN_209,CHIN,21,test,1,37876,3796820,3804000,provisional,0.0004998649819754064,33.0114728666717,0.9155184626579285,0.981706960258758,8001,6555,0.9847529722065489,200.0,2
plain_cnn_44,CHIN_210,CHIN,21,test,1,37888,3796820,3806500,provisional,0.00047855524462647736,33.20067919848408,0.9149014949798584,0.9823588856218762,8001,6555,0.9805094494590767,100.0,2
plain_cnn_44,CHIN_211,CHIN,21,test,1,37894,3796820,3807720,provisional,0.00046790484338998795,33.298424593030994,0.9128801822662354,0.983021648299507,8001,6555,0.9809842537608047,200.0,2
plain_cnn_44,CHIN_212,CHIN,21,test,1,37897,3796820,3808240,provisional,0.00046731290058232844,33.30392229730266,0.9164355397224426,0.9830390152787563,8001,6555,0.9821749422884224,0.0,2
plain_cnn_44,CHIN_213,CHIN,21,test,1,37904,3798700,3807820,provisional,0.0004501373623497784,33.46654938208124,0.9167675375938416,0.983855621682371,8001,6555,0.9816722334101158,100.0,2
plain_cnn_44,CHIN_214,CHIN,21,test,1,37927,3803270,3807830,provisional,0.0004567774594761431,33.402953352934254,0.9170233011245728,0.983308615286584,8001,6555,0.9839698538435374,100.0,2
plain_cnn_44,CHIN_215,CHIN,21,test,1,37931,3803910,3808030,provisional,0.00046507889055646956,33.324733722126176,0.9196982383728027,0.9833970907592733,8001,6555,0.9872711233953914,100.0,2
plain_cnn_44,CHID_7,CHID,5,test,1,12016,1207850,1221040,provisional,0.0006435352843254805,31.91427636222294,0.9519328474998474,0.9631507398376451,8001,6555,0.9625883479111391,500.0,2
plain_cnn_44,CHID_10,CHID,8,test,1,17622,1770410,1779620,provisional,0.0002657861914485693,35.75467585972177,0.9707117676734924,0.9842656626990434,8001,6555,0.9511709527984444,1400.0,2
plain_cnn_44,CHID_21,CHID,21,test,1,37550,3765970,3769680,provisional,0.00045362100354395807,33.43306844961575,0.9628340005874634,0.9844745056491456,5780,3521,0.9685357315440846,100.0,2
plain_cnn_44,CHID_22,CHID,21,test,1,37898,3797060,3808210,provisional,0.00046147650573402643,33.35850404475118,0.917590320110321,0.9833793454797443,8001,6555,0.9868580312220304,200.0,2
plain_cnn_44,OPCID_9,OPCID,1,test,2,2332,243140,249010,provisional,0.0005240850150585175,32.805982577185766,0.9599858522415161,0.972054153929628,7504,5995,0.9567827119904904,1000.0,2
plain_cnn_44,OPCID_20,OPCID,5,test,2,11758,1186860,1190410,provisional,0.00038138485979288816,34.18636551559848,0.960597574710846,0.9797214302037224,8001,6555,0.9718750613015352,0.0,2
plain_cnn_44,OPCID_21,OPCID,5,test,2,12123,1224080,1226150,provisional,0.00033012317726388574,34.81323983684063,0.9571638703346252,0.9784418542718528,8001,6555,0.9751240327639981,0.0,2
plain_cnn_44,OPCID_22,OPCID,5,test,2,12366,1247430,1251440,provisional,0.0004054815217386931,33.92028932303065,0.9537236094474792,0.9807405548862663,8001,6555,0.9963486669523254,100.0,2
plain_cnn_44,OPCID_28,OPCID,8,test,2,17226,1732990,1737920,provisional,0.00034486266667954624,34.623538179046946,0.9516032338142395,0.9830046195444413,8001,6555,0.9881471200251271,100.0,2
plain_cnn_44,OPCID_29,OPCID,8,test,2,17315,1741110,1747490,provisional,0.000320789054967463,34.93780457870182,0.9548510909080505,0.9837650398105354,8001,6555,0.9917558259666274,100.0,2
plain_cnn_44,OPCID_30,OPCID,8,test,2,17880,1798820,1802930,provisional,0.000424712139647454,33.719053252901006,0.9344922304153442,0.9842177155548408,8001,6555,0.9949720284333996,100.0,2
plain_cnn_44,OPCID_55,OPCID,18,test,2,34313,3439610,3448700,provisional,0.0008160599390976131,30.882779414136245,0.9114370346069336,0.9848720851847821,8001,6555,0.9984503470142847,0.0,2
plain_cnn_44,OPCID_59,OPCID,21,test,2,37248,3735170,3740140,provisional,0.00031614911858923733,35.0010802464426,0.9593402147293091,0.9883252574340556,8001,6555,0.9961532855520145,0.0,2
plain_cnn_44,OPCID_64,OPCID,24,test,2,41051,4115250,4120550,provisional,0.00029695374541915953,35.2731119268157,0.9497936367988586,0.9893907979317571,8001,6555,0.981054290430979,0.0,2
plain_cnn_44,CHIN_9,CHIN,1,test,2,2251,237000,238940,provisional,0.0005567491753026843,32.54340417601978,0.952330470085144,0.9722910176100452,5778,4560,0.9471718722572591,700.0,2
plain_cnn_44,CHIN_10,CHIN,1,test,2,2402,252280,253840,provisional,0.0005724740913137794,32.42244163580342,0.9535262584686279,0.9708949803703655,7504,5488,0.851226015876192,100.0,2
plain_cnn_44,CHIN_11,CHIN,1,test,2,2436,252280,260520,provisional,0.0006196719477884471,32.07838163679973,0.9501292109489441,0.9687011866491695,7504,5488,0.8136248376739297,300.0,2
plain_cnn_44,CHIN_12,CHIN,1,test,2,2467,258700,260480,provisional,0.0005834045587107539,32.34030181633227,0.9556151628494263,0.97118416009161,6788,4588,0.9569683246993218,100.0,2
plain_cnn_44,CHIN_13,CHIN,1,test,2,2501,262320,263560,provisional,0.0006671135779470205,31.758002199418456,0.9484643340110779,0.9684708595489566,6219,3625,0.8922260032977363,0.0,2
plain_cnn_44,CHIN_52,CHIN,32,test,2,9853,997460,998920,provisional,0.0003477945283520967,34.58677254780643,0.9656792283058167,0.9812821092585418,8001,6555,0.9926469586992623,700.0,2
plain_cnn_44,CHIN_53,CHIN,32,test,2,9862,998130,999910,provisional,0.00030129472725093365,35.21008468545232,0.9665778279304504,0.9827647551115343,8001,6555,0.9867117090856695,200.0,2
plain_cnn_44,CHIN_66,CHIN,5,test,2,11683,1180270,1181990,provisional,0.00035309322993271053,34.521106093444445,0.9646667838096619,0.982376064514827,8001,6555,0.9745528905070988,100.0,2
plain_cnn_44,CHIN_67,CHIN,5,test,2,11857,1196620,1200380,provisional,0.00058978475863114,32.29306454788493,0.9568537473678589,0.9678584951665059,8001,6555,0.9622561052304173,100.0,2
plain_cnn_44,CHIN_68,CHIN,5,test,2,11861,1197850,1200030,provisional,0.0006524723139591515,31.85437911805566,0.9556471705436707,0.9640911298208168,8001,6555,0.97521524431363,200.0,2
plain_cnn_44,CHIN_69,CHIN,5,test,2,11898,1201850,1203350,provisional,0.0006062845350243151,32.17323509514104,0.9572851061820984,0.9621744247499852,8001,6555,0.9679611206598855,100.0,2
plain_cnn_44,CHIN_70,CHIN,5,test,2,11985,1209910,1212870,provisional,0.0005545745370909572,32.56040074633303,0.9523521065711975,0.9599285552088942,8001,6555,0.9439321803945893,200.0,2
plain_cnn_44,CHIN_71,CHIN,5,test,2,12029,1214260,1217180,provisional,0.0006201773649081588,32.07484088590266,0.9486901760101318,0.9579946635657606,8001,6555,0.9726118174505392,0.0,2
plain_cnn_44,CHIN_72,CHIN,5,test,2,12046,1215940,1218880,provisional,0.0006783435237593949,31.685503169138567,0.948268711566925,0.9540369865874557,8001,6555,0.9716581872105753,0.0,2
plain_cnn_44,CHIN_73,CHIN,5,test,2,12056,1215940,1221040,provisional,0.0006510261446237564,31.864015702062577,0.9483380317687988,0.954014711547865,8001,6555,0.9681814241232354,0.0,2
plain_cnn_44,CHIN_74,CHIN,5,test,2,12063,1217950,1220390,provisional,0.0005974728846922517,32.23681799661404,0.9488410353660583,0.9571392413539437,8001,6555,0.9723104468632787,100.0,2
plain_cnn_44,CHIN_75,CHIN,5,test,2,12073,1219500,1220780,provisional,0.0005468165618367493,32.62158340107537,0.9536468982696533,0.9597792128010959,8001,6555,0.9685519087696399,0.0,2
plain_cnn_44,CHIN_76,CHIN,5,test,2,12170,1228980,1230740,provisional,0.0003271031309850514,34.85315298849574,0.9633561372756958,0.9804126276684781,8001,6555,0.979922979330491,800.0,2
plain_cnn_44,CHIN_100,CHIN,8,test,2,17415,1753290,1755370,provisional,0.00032344323699362576,34.90201925268758,0.9548234939575195,0.9816932115914374,8001,6555,0.9881862275464693,200.0,2
plain_cnn_44,CHIN_101,CHIN,8,test,2,17601,1771840,1774000,provisional,0.00027447499451227486,35.614972149297316,0.969326376914978,0.98028356018663,8001,6555,0.9615669612438059,200.0,2
plain_cnn_44,CHIN_102,CHIN,8,test,2,17634,1775480,1776960,provisional,0.00027844696887768805,35.552575053980654,0.9702309966087341,0.9807785166179754,8001,6555,0.9571392619924973,800.0,2
plain_cnn_44,CHIN_103,CHIN,8,test,2,17911,1802700,1805220,provisional,0.00043876373092643917,33.577692792502816,0.9381576180458069,0.9836724737285725,8001,6555,0.9953178539329226,200.0,2
plain_cnn_44,CHIN_199,CHIN,21,test,2,37083,3720060,3722320,provisional,0.0003892896347679198,34.0972715965976,0.9430686235427856,0.9836461545334488,8001,6555,0.9462974319342959,100.0,2
plain_cnn_44,CHIN_200,CHIN,21,test,2,37192,3730830,3733310,provisional,0.0003510436217766255,34.546389133923896,0.94424968957901,0.9867953036779826,8001,6555,0.9943959108676658,500.0,2
plain_cnn_44,CHIN_201,CHIN,21,test,2,37323,3743830,3746470,provisional,0.00035923378891311586,34.44622821090556,0.9583317637443542,0.9869351087052015,8001,6555,0.9964399416169035,100.0,2
plain_cnn_44,CHIN_202,CHIN,21,test,2,37544,3766010,3768530,provisional,0.00047183246351778507,33.26212181632686,0.9592746496200562,0.9825920713562348,5780,3521,0.9569047205239559,100.0,2
plain_cnn_44,CHIN_203,CHIN,21,test,2,37559,3767450,3770090,provisional,0.00039940752321854234,33.9858375904086,0.9572007656097412,0.9851628285904659,5889,3521,0.9606085629852864,300.0,2
plain_cnn_44,CHIN_204,CHIN,21,test,2,37769,3788920,3790480,provisional,0.0003967739176005125,34.01456884437404,0.9412343502044678,0.9850097498204392,8001,6555,0.9758088628149937,500.0,2
plain_cnn_44,CHIN_205,CHIN,21,test,2,37852,3796820,3799260,provisional,0.0005160227883607149,32.873311188364,0.9129213094711304,0.9797217806421807,8001,6555,0.9857408853352674,700.0,2
plain_cnn_44,CHIN_206,CHIN,21,test,2,37856,3796820,3800060,provisional,0.0005158262210898101,32.87496585065136,0.9113701581954956,0.9796156884376938,8001,6555,0.982359675921797,200.0,2
plain_cnn_44,CHIN_207,CHIN,21,test,2,37862,3796820,3801260,provisional,0.0005132658407092094,32.89657638301379,0.910749614238739,0.9795611284054202,8001,6555,0.9814858772958199,700.0,2
plain_cnn_44,CHIN_208,CHIN,21,test,2,37870,3796820,3802940,provisional,0.0005219127633608878,32.824020823562165,0.9088628888130188,0.9790954369499548,8001,6555,0.9814596441834719,100.0,2
plain_cnn_44,CHIN_209,CHIN,21,test,2,37876,3796820,3804000,provisional,0.0005266332300379872,32.784917408113955,0.909736156463623,0.9788403852618114,8001,6555,0.9859668932910997,300.0,2
plain_cnn_44,CHIN_210,CHIN,21,test,2,37888,3796820,3806500,provisional,0.0005013322806917131,32.99874330346207,0.9093174934387207,0.9797724074067505,8001,6555,0.9807935743080716,100.0,2
plain_cnn_44,CHIN_211,CHIN,21,test,2,37894,3796820,3807720,provisional,0.0004931705188937485,33.07002892872019,0.907231330871582,0.9804015899231786,8001,6555,0.9832081467923656,200.0,2
plain_cnn_44,CHIN_212,CHIN,21,test,2,37897,3796820,3808240,provisional,0.0004908493137918413,33.09051811813382,0.9127121567726135,0.9805392337138117,8001,6555,0.9823782887488179,100.0,2
plain_cnn_44,CHIN_213,CHIN,21,test,2,37904,3798700,3807820,provisional,0.0004764176264870912,33.22012178875939,0.9107701778411865,0.98131295946485,8001,6555,0.9812116508631339,0.0,2
plain_cnn_44,CHIN_214,CHIN,21,test,2,37927,3803270,3807830,provisional,0.0004851400153711438,33.14132902372177,0.9127926826477051,0.980545718695605,8001,6555,0.9838074832603994,100.0,2
plain_cnn_44,CHIN_215,CHIN,21,test,2,37931,3803910,3808030,provisional,0.000502783979754895,32.98618568724525,0.9159323573112488,0.9802767354340909,8001,6555,0.986642408911814,100.0,2
plain_cnn_44,CHID_7,CHID,5,test,2,12016,1207850,1221040,provisional,0.000635787844657898,31.96687779422919,0.9495168328285217,0.9582001701256596,8001,6555,0.967887716620641,400.0,2
plain_cnn_44,CHID_10,CHID,8,test,2,17622,1770410,1779620,provisional,0.0002884289715439081,35.39961118606855,0.9694073796272278,0.9796797101277662,8001,6555,0.9498007897470367,1400.0,2
plain_cnn_44,CHID_21,CHID,21,test,2,37550,3765970,3769680,provisional,0.00042426635627634823,33.72361405807847,0.961472749710083,0.9844069019825447,5780,3521,0.9711376207222036,200.0,2
plain_cnn_44,CHID_22,CHID,21,test,2,37898,3797060,3808210,provisional,0.0004795844724867493,33.1913488650415,0.9125118255615234,0.9811496761230375,8001,6555,0.9864705804305482,100.0,2
